2026-09-08T00:03:01+00:00 start robie call label watch timeout=90s extra=
2026-09-08 00:03:02,962 [INFO] Retrieved 50 discussions via portal session for applicant 102351931
2026-09-08 00:03:03,525 [INFO] Successfully authenticated with Classic EZLynx API (EZToken issued).
2026-09-08 00:03:03,941 [INFO] Retrieved 1 Sales Center opportunities via portal for applicant 102351931
2026-09-08 00:03:04,242 [INFO] Retrieved 50 discussions via portal session for applicant 143979332
2026-09-08 00:03:05,142 [INFO] Retrieved 50 discussions via portal session for applicant 144897143
2026-09-08 00:03:05,606 [INFO] Retrieved 1 Sales Center opportunities via portal for applicant 144897143
2026-09-08 00:03:05,923 [INFO] Retrieved 50 discussions via portal session for applicant 145217363
2026-09-08 00:03:06,322 [INFO] Retrieved 1 Sales Center opportunities via portal for applicant 145217363
2026-09-08 00:03:06,592 [INFO] Retrieved 50 discussions via portal session for applicant 145834411
2026-09-08 00:03:06,993 [INFO] Retrieved 1 Sales Center opportunities via portal for applicant 145834411
2026-09-08 00:03:07,299 [INFO] Retrieved 50 discussions via portal session for applicant 148235525
2026-09-08 00:03:07,700 [INFO] Retrieved 2 Sales Center opportunities via portal for applicant 148235525
2026-09-08 00:03:08,039 [INFO] Retrieved 50 discussions via portal session for applicant 150751441
2026-09-08 00:03:08,485 [INFO] Retrieved 1 Sales Center opportunities via portal for applicant 150751441
2026-09-08 00:03:08,935 [INFO] Retrieved 50 discussions via portal session for applicant 151382204
2026-09-08 00:03:09,314 [INFO] Retrieved 1 Sales Center opportunities via portal for applicant 151382204
2026-09-08 00:03:09,696 [INFO] Retrieved 50 discussions via portal session for applicant 151445306
2026-09-08 00:03:10,098 [INFO] Retrieved 2 Sales Center opportunities via portal for applicant 151445306
2026-09-08 00:03:10,452 [INFO] Retrieved 50 discussions via portal session for applicant 157388228
2026-09-08 00:03:10,874 [INFO] Retrieved 1 Sales Center opportunities via portal for applicant 157388228
2026-09-08 00:03:11,322 [INFO] Retrieved 50 discussions via portal session for applicant 163863318
2026-09-08 00:03:11,734 [INFO] Retrieved 1 Sales Center opportunities via portal for applicant 163863318
2026-09-08 00:03:12,059 [INFO] Retrieved 50 discussions via portal session for applicant 173838508
2026-09-08 00:03:12,476 [INFO] Retrieved 1 Sales Center opportunities via portal for applicant 173838508
2026-09-08 00:03:12,774 [INFO] Retrieved 50 discussions via portal session for applicant 186333470
2026-09-08 00:03:13,177 [INFO] Retrieved 2 Sales Center opportunities via portal for applicant 186333470
2026-09-08 00:03:13,537 [INFO] Retrieved 50 discussions via portal session for applicant 193438339
2026-09-08 00:03:13,950 [INFO] Retrieved 1 Sales Center opportunities via portal for applicant 193438339
2026-09-08 00:03:14,336 [INFO] Retrieved 28 discussions via portal session for applicant 196126698
2026-09-08 00:03:14,737 [INFO] Retrieved 1 Sales Center opportunities via portal for applicant 196126698
2026-09-08 00:03:15,060 [INFO] Retrieved 50 discussions via portal session for applicant 196851140
2026-09-08 00:03:15,464 [INFO] Retrieved 1 Sales Center opportunities via portal for applicant 196851140
2026-09-08 00:03:15,760 [INFO] Retrieved 50 discussions via portal session for applicant 197389903
2026-09-08 00:03:16,161 [INFO] Retrieved 1 Sales Center opportunities via portal for applicant 197389903
2026-09-08 00:03:16,459 [INFO] Retrieved 50 discussions via portal session for applicant 197891661
2026-09-08 00:03:16,815 [INFO] Retrieved 1 Sales Center opportunities via portal for applicant 197891661
2026-09-08 00:03:17,104 [INFO] Retrieved 50 discussions via portal session for applicant 197895504
2026-09-08 00:03:17,468 [INFO] Retrieved 1 Sales Center opportunities via portal for applicant 197895504
2026-09-08 00:03:17,710 [INFO] Retrieved 50 discussions via portal session for applicant 198604342
2026-09-08 00:03:18,046 [INFO] Retrieved 2 Sales Center opportunities via portal for applicant 198604342
2026-09-08 00:03:18,407 [INFO] Retrieved 50 discussions via portal session for applicant 198908859
2026-09-08 00:03:18,766 [INFO] Retrieved 1 Sales Center opportunities via portal for applicant 198908859
2026-09-08 00:03:19,059 [INFO] Retrieved 50 discussions via portal session for applicant 199395147
2026-09-08 00:03:19,441 [INFO] Retrieved 1 Sales Center opportunities via portal for applicant 199395147
2026-09-08 00:03:19,697 [INFO] Retrieved 50 discussions via portal session for applicant 199797602
2026-09-08 00:03:20,041 [INFO] Retrieved 1 Sales Center opportunities via portal for applicant 199797602
2026-09-08 00:03:20,384 [INFO] Retrieved 50 discussions via portal session for applicant 21587333
2026-09-08 00:03:20,716 [INFO] Retrieved 2 Sales Center opportunities via portal for applicant 21587333
2026-09-08 00:03:21,035 [INFO] Retrieved 50 discussions via portal session for applicant 21588091
2026-09-08 00:03:21,373 [INFO] Retrieved 1 Sales Center opportunities via portal for applicant 21588091
2026-09-08 00:03:21,654 [INFO] Retrieved 25 discussions via portal session for applicant 220250093
2026-09-08 00:03:21,996 [INFO] Retrieved 1 Sales Center opportunities via portal for applicant 220250093
2026-09-08 00:03:22,406 [INFO] Retrieved 50 discussions via portal session for applicant 25156187
2026-09-08 00:03:22,778 [INFO] Retrieved 1 Sales Center opportunities via portal for applicant 25156187
2026-09-08 00:03:23,138 [INFO] Retrieved 50 discussions via portal session for applicant 25721447
2026-09-08 00:03:23,516 [INFO] Retrieved 4 Sales Center opportunities via portal for applicant 25721447
2026-09-08 00:03:23,855 [INFO] Retrieved 50 discussions via portal session for applicant 26042781
2026-09-08 00:03:24,274 [INFO] Retrieved 2 Sales Center opportunities via portal for applicant 26042781
2026-09-08 00:03:24,574 [INFO] Retrieved 50 discussions via portal session for applicant 31439734
2026-09-08 00:03:25,405 [INFO] Retrieved 50 discussions via portal session for applicant 35209713
2026-09-08 00:03:25,768 [INFO] Retrieved 1 Sales Center opportunities via portal for applicant 35209713
2026-09-08 00:03:26,027 [INFO] Retrieved 50 discussions via portal session for applicant 54893172
2026-09-08 00:03:26,357 [INFO] Retrieved 7 Sales Center opportunities via portal for applicant 54893172
2026-09-08 00:03:26,640 [INFO] Retrieved 50 discussions via portal session for applicant 58768907
2026-09-08 00:03:27,004 [INFO] Retrieved 1 Sales Center opportunities via portal for applicant 58768907
2026-09-08 00:03:27,381 [INFO] Retrieved 50 discussions via portal session for applicant 58866127
2026-09-08 00:03:27,716 [INFO] Retrieved 1 Sales Center opportunities via portal for applicant 58866127
2026-09-08 00:03:27,977 [INFO] Retrieved 50 discussions via portal session for applicant 76858853
2026-09-08 00:03:33,652 [INFO] Retrieved 2 Sales Center opportunities via portal for applicant 76858853
2026-09-08 00:03:34,011 [INFO] Retrieved 50 discussions via portal session for applicant 79002334
2026-09-08 00:03:34,506 [INFO] Retrieved 1 Sales Center opportunities via portal for applicant 79002334
2026-09-08 00:03:34,957 [INFO] Retrieved 50 discussions via portal session for applicant 83571357
2026-09-08 00:03:36,170 [INFO] Retrieved 50 discussions via portal session for applicant 84705043
2026-09-08 00:03:36,800 [INFO] Retrieved 1 Sales Center opportunities via portal for applicant 84705043
2026-09-08 00:03:37,104 [INFO] Retrieved 50 discussions via portal session for applicant 95254866
2026-09-08 00:03:38,531 [INFO] Retrieved 50 discussions via portal session for applicant 99055770
2026-09-08 00:03:39,069 [INFO] Retrieved 1 Sales Center opportunities via portal for applicant 99055770
2026-09-08 00:03:39,435 [INFO] Retrieved 50 discussions via portal session for applicant 99340932
2026-09-08 00:03:39,999 [INFO] Retrieved 1 Sales Center opportunities via portal for applicant 99340932
{
  "applicants_scanned": 41,
  "applicant_ids": [
    "102351931",
    "143979332",
    "144897143",
    "145217363",
    "145834411",
    "148235525",
    "150751441",
    "151382204",
    "151445306",
    "157388228",
    "163863318",
    "173838508",
    "186333470",
    "193438339",
    "196126698",
    "196851140",
    "197389903",
    "197891661",
    "197895504",
    "198604342",
    "198908859",
    "199395147",
    "199797602",
    "21587333",
    "21588091",
    "220250093",
    "25156187",
    "25721447",
    "26042781",
    "31439734",
    "35209713",
    "54893172",
    "58768907",
    "58866127",
    "76858853",
    "79002334",
    "83571357",
    "84705043",
    "95254866",
    "99055770",
    "99340932"
  ],
  "dispatched": [],
  "errors": [],
  "dry_run": false
}
2026-09-08T00:03:40+00:00 finish robie call label watch rc=0
2026-09-08T00:08:01+00:00 start robie call label watch timeout=90s extra=
2026-09-08 00:08:03,397 [INFO] Retrieved 50 discussions via portal session for applicant 102351931
2026-09-08 00:08:03,969 [INFO] Successfully authenticated with Classic EZLynx API (EZToken issued).
2026-09-08 00:08:04,372 [INFO] Retrieved 1 Sales Center opportunities via portal for applicant 102351931
2026-09-08 00:08:04,670 [INFO] Retrieved 50 discussions via portal session for applicant 143979332
2026-09-08 00:08:05,570 [INFO] Retrieved 50 discussions via portal session for applicant 144897143
2026-09-08 00:08:05,996 [INFO] Retrieved 1 Sales Center opportunities via portal for applicant 144897143
2026-09-08 00:08:06,288 [INFO] Retrieved 50 discussions via portal session for applicant 145217363
2026-09-08 00:08:06,695 [INFO] Retrieved 1 Sales Center opportunities via portal for applicant 145217363
2026-09-08 00:08:06,977 [INFO] Retrieved 50 discussions via portal session for applicant 145834411
2026-09-08 00:08:07,381 [INFO] Retrieved 1 Sales Center opportunities via portal for applicant 145834411
2026-09-08 00:08:07,662 [INFO] Retrieved 50 discussions via portal session for applicant 148235525
2026-09-08 00:08:08,239 [INFO] Retrieved 2 Sales Center opportunities via portal for applicant 148235525
2026-09-08 00:08:08,578 [INFO] Retrieved 50 discussions via portal session for applicant 150751441
2026-09-08 00:08:08,995 [INFO] Retrieved 1 Sales Center opportunities via portal for applicant 150751441
2026-09-08 00:08:09,462 [INFO] Retrieved 50 discussions via portal session for applicant 151382204
2026-09-08 00:08:09,898 [INFO] Retrieved 1 Sales Center opportunities via portal for applicant 151382204
2026-09-08 00:08:10,315 [INFO] Retrieved 50 discussions via portal session for applicant 151445306
2026-09-08 00:08:10,785 [INFO] Retrieved 2 Sales Center opportunities via portal for applicant 151445306
2026-09-08 00:08:11,148 [INFO] Retrieved 50 discussions via portal session for applicant 157388228
2026-09-08 00:08:11,605 [INFO] Retrieved 1 Sales Center opportunities via portal for applicant 157388228
2026-09-08 00:08:12,089 [INFO] Retrieved 50 discussions via portal session for applicant 163863318
2026-09-08 00:08:12,561 [INFO] Retrieved 1 Sales Center opportunities via portal for applicant 163863318
2026-09-08 00:08:12,912 [INFO] Retrieved 50 discussions via portal session for applicant 173838508
2026-09-08 00:08:13,347 [INFO] Retrieved 1 Sales Center opportunities via portal for applicant 173838508
2026-09-08 00:08:13,680 [INFO] Retrieved 50 discussions via portal session for applicant 186333470
2026-09-08 00:08:14,094 [INFO] Retrieved 2 Sales Center opportunities via portal for applicant 186333470
2026-09-08 00:08:14,432 [INFO] Retrieved 50 discussions via portal session for applicant 193438339
2026-09-08 00:08:14,838 [INFO] Retrieved 1 Sales Center opportunities via portal for applicant 193438339
2026-09-08 00:08:15,240 [INFO] Retrieved 28 discussions via portal session for applicant 196126698
2026-09-08 00:08:15,640 [INFO] Retrieved 1 Sales Center opportunities via portal for applicant 196126698
2026-09-08 00:08:15,947 [INFO] Retrieved 50 discussions via portal session for applicant 196851140
2026-09-08 00:08:16,357 [INFO] Retrieved 1 Sales Center opportunities via portal for applicant 196851140
2026-09-08 00:08:16,664 [INFO] Retrieved 50 discussions via portal session for applicant 197389903
2026-09-08 00:08:17,095 [INFO] Retrieved 1 Sales Center opportunities via portal for applicant 197389903
2026-09-08 00:08:17,434 [INFO] Retrieved 50 discussions via portal session for applicant 197891661
2026-09-08 00:08:17,889 [INFO] Retrieved 1 Sales Center opportunities via portal for applicant 197891661
2026-09-08 00:08:18,271 [INFO] Retrieved 50 discussions via portal session for applicant 197895504
2026-09-08 00:08:18,701 [INFO] Retrieved 1 Sales Center opportunities via portal for applicant 197895504
2026-09-08 00:08:19,033 [INFO] Retrieved 50 discussions via portal session for applicant 198604342
2026-09-08 00:08:19,471 [INFO] Retrieved 2 Sales Center opportunities via portal for applicant 198604342
2026-09-08 00:08:19,856 [INFO] Retrieved 50 discussions via portal session for applicant 198908859
2026-09-08 00:08:20,307 [INFO] Retrieved 1 Sales Center opportunities via portal for applicant 198908859
2026-09-08 00:08:20,714 [INFO] Retrieved 50 discussions via portal session for applicant 199395147
2026-09-08 00:08:21,168 [INFO] Retrieved 1 Sales Center opportunities via portal for applicant 199395147
2026-09-08 00:08:21,532 [INFO] Retrieved 50 discussions via portal session for applicant 199797602
2026-09-08 00:08:21,952 [INFO] Retrieved 1 Sales Center opportunities via portal for applicant 199797602
2026-09-08 00:08:22,359 [INFO] Retrieved 50 discussions via portal session for applicant 21587333
2026-09-08 00:08:22,796 [INFO] Retrieved 2 Sales Center opportunities via portal for applicant 21587333
2026-09-08 00:08:23,152 [INFO] Retrieved 50 discussions via portal session for applicant 21588091
2026-09-08 00:08:23,579 [INFO] Retrieved 1 Sales Center opportunities via portal for applicant 21588091
2026-09-08 00:08:23,884 [INFO] Retrieved 25 discussions via portal session for applicant 220250093
2026-09-08 00:08:24,320 [INFO] Retrieved 1 Sales Center opportunities via portal for applicant 220250093
2026-09-08 00:08:24,853 [INFO] Retrieved 50 discussions via portal session for applicant 25156187
2026-09-08 00:08:25,318 [INFO] Retrieved 1 Sales Center opportunities via portal for applicant 25156187
2026-09-08 00:08:25,764 [INFO] Retrieved 50 discussions via portal session for applicant 25721447
2026-09-08 00:08:26,190 [INFO] Retrieved 4 Sales Center opportunities via portal for applicant 25721447
2026-09-08 00:08:26,760 [INFO] Retrieved 50 discussions via portal session for applicant 26042781
2026-09-08 00:08:27,203 [INFO] Retrieved 2 Sales Center opportunities via portal for applicant 26042781
2026-09-08 00:08:27,654 [INFO] Retrieved 50 discussions via portal session for applicant 31439734
2026-09-08 00:08:28,537 [INFO] Retrieved 50 discussions via portal session for applicant 35209713
2026-09-08 00:08:28,952 [INFO] Retrieved 1 Sales Center opportunities via portal for applicant 35209713
2026-09-08 00:08:29,249 [INFO] Retrieved 50 discussions via portal session for applicant 54893172
2026-09-08 00:08:40,883 [INFO] Retrieved 7 Sales Center opportunities via portal for applicant 54893172
2026-09-08 00:08:41,187 [INFO] Retrieved 50 discussions via portal session for applicant 58768907
2026-09-08 00:08:41,624 [INFO] Retrieved 1 Sales Center opportunities via portal for applicant 58768907
2026-09-08 00:08:42,018 [INFO] Retrieved 50 discussions via portal session for applicant 58866127
2026-09-08 00:08:42,449 [INFO] Retrieved 1 Sales Center opportunities via portal for applicant 58866127
2026-09-08 00:08:42,738 [INFO] Retrieved 50 discussions via portal session for applicant 76858853
2026-09-08 00:08:43,161 [INFO] Retrieved 2 Sales Center opportunities via portal for applicant 76858853
2026-09-08 00:08:43,494 [INFO] Retrieved 50 discussions via portal session for applicant 79002334
2026-09-08 00:08:43,915 [INFO] Retrieved 1 Sales Center opportunities via portal for applicant 79002334
2026-09-08 00:08:44,236 [INFO] Retrieved 50 discussions via portal session for applicant 83571357
2026-09-08 00:08:45,152 [INFO] Retrieved 50 discussions via portal session for applicant 84705043
2026-09-08 00:08:45,574 [INFO] Retrieved 1 Sales Center opportunities via portal for applicant 84705043
2026-09-08 00:08:45,878 [INFO] Retrieved 50 discussions via portal session for applicant 95254866
2026-09-08 00:08:46,930 [INFO] Retrieved 50 discussions via portal session for applicant 99055770
2026-09-08 00:08:47,360 [INFO] Retrieved 1 Sales Center opportunities via portal for applicant 99055770
2026-09-08 00:08:47,670 [INFO] Retrieved 50 discussions via portal session for applicant 99340932
2026-09-08 00:08:48,094 [INFO] Retrieved 1 Sales Center opportunities via portal for applicant 99340932
{
  "applicants_scanned": 41,
  "applicant_ids": [
    "102351931",
    "143979332",
    "144897143",
    "145217363",
    "145834411",
    "148235525",
    "150751441",
    "151382204",
    "151445306",
    "157388228",
    "163863318",
    "173838508",
    "186333470",
    "193438339",
    "196126698",
    "196851140",
    "197389903",
    "197891661",
    "197895504",
    "198604342",
    "198908859",
    "199395147",
    "199797602",
    "21587333",
    "21588091",
    "220250093",
    "25156187",
    "25721447",
    "26042781",
    "31439734",
    "35209713",
    "54893172",
    "58768907",
    "58866127",
    "76858853",
    "79002334",
    "83571357",
    "84705043",
    "95254866",
    "99055770",
    "99340932"
  ],
  "dispatched": [],
  "errors": [],
  "dry_run": false
}
2026-09-08T00:08:48+00:00 finish robie call label watch rc=0
2026-09-08T00:13:01+00:00 start robie call label watch timeout=90s extra=
2026-09-08 00:13:03,280 [INFO] Retrieved 50 discussions via portal session for applicant 102351931
2026-09-08 00:13:03,837 [INFO] Successfully authenticated with Classic EZLynx API (EZToken issued).
2026-09-08 00:13:04,312 [INFO] Retrieved 1 Sales Center opportunities via portal for applicant 102351931
2026-09-08 00:13:04,630 [INFO] Retrieved 50 discussions via portal session for applicant 143979332
2026-09-08 00:13:05,717 [INFO] Retrieved 50 discussions via portal session for applicant 144897143
2026-09-08 00:13:06,272 [INFO] Retrieved 1 Sales Center opportunities via portal for applicant 144897143
2026-09-08 00:13:06,604 [INFO] Retrieved 50 discussions via portal session for applicant 145217363
2026-09-08 00:13:07,056 [INFO] Retrieved 1 Sales Center opportunities via portal for applicant 145217363
2026-09-08 00:13:07,490 [INFO] Retrieved 50 discussions via portal session for applicant 145834411
2026-09-08 00:13:07,936 [INFO] Retrieved 1 Sales Center opportunities via portal for applicant 145834411
2026-09-08 00:13:08,237 [INFO] Retrieved 50 discussions via portal session for applicant 148235525
2026-09-08 00:13:08,717 [INFO] Retrieved 2 Sales Center opportunities via portal for applicant 148235525
2026-09-08 00:13:09,053 [INFO] Retrieved 50 discussions via portal session for applicant 150751441
2026-09-08 00:13:09,453 [INFO] Retrieved 1 Sales Center opportunities via portal for applicant 150751441
2026-09-08 00:13:09,927 [INFO] Retrieved 50 discussions via portal session for applicant 151382204
2026-09-08 00:13:10,403 [INFO] Retrieved 1 Sales Center opportunities via portal for applicant 151382204
2026-09-08 00:13:10,819 [INFO] Retrieved 50 discussions via portal session for applicant 151445306
2026-09-08 00:13:11,232 [INFO] Retrieved 2 Sales Center opportunities via portal for applicant 151445306
2026-09-08 00:13:11,613 [INFO] Retrieved 50 discussions via portal session for applicant 157388228
2026-09-08 00:13:11,996 [INFO] Retrieved 1 Sales Center opportunities via portal for applicant 157388228
2026-09-08 00:13:12,448 [INFO] Retrieved 50 discussions via portal session for applicant 163863318
2026-09-08 00:13:12,871 [INFO] Retrieved 1 Sales Center opportunities via portal for applicant 163863318
2026-09-08 00:13:13,214 [INFO] Retrieved 50 discussions via portal session for applicant 173838508
2026-09-08 00:13:13,649 [INFO] Retrieved 1 Sales Center opportunities via portal for applicant 173838508
2026-09-08 00:13:13,982 [INFO] Retrieved 50 discussions via portal session for applicant 186333470
2026-09-08 00:13:14,424 [INFO] Retrieved 2 Sales Center opportunities via portal for applicant 186333470
2026-09-08 00:13:14,844 [INFO] Retrieved 50 discussions via portal session for applicant 193438339
2026-09-08 00:13:15,314 [INFO] Retrieved 1 Sales Center opportunities via portal for applicant 193438339
2026-09-08 00:13:15,714 [INFO] Retrieved 28 discussions via portal session for applicant 196126698
2026-09-08 00:13:16,122 [INFO] Retrieved 1 Sales Center opportunities via portal for applicant 196126698
2026-09-08 00:13:16,636 [INFO] Retrieved 50 discussions via portal session for applicant 196851140
2026-09-08 00:13:17,203 [INFO] Retrieved 1 Sales Center opportunities via portal for applicant 196851140
2026-09-08 00:13:17,534 [INFO] Retrieved 50 discussions via portal session for applicant 197389903
2026-09-08 00:13:17,945 [INFO] Retrieved 1 Sales Center opportunities via portal for applicant 197389903
2026-09-08 00:13:18,226 [INFO] Retrieved 50 discussions via portal session for applicant 197891661
2026-09-08 00:13:18,640 [INFO] Retrieved 1 Sales Center opportunities via portal for applicant 197891661
2026-09-08 00:13:19,117 [INFO] Retrieved 50 discussions via portal session for applicant 197895504
2026-09-08 00:13:19,544 [INFO] Retrieved 1 Sales Center opportunities via portal for applicant 197895504
2026-09-08 00:13:19,878 [INFO] Retrieved 50 discussions via portal session for applicant 198604342
2026-09-08 00:13:20,315 [INFO] Retrieved 2 Sales Center opportunities via portal for applicant 198604342
2026-09-08 00:13:20,744 [INFO] Retrieved 50 discussions via portal session for applicant 198908859
2026-09-08 00:13:21,142 [INFO] Retrieved 1 Sales Center opportunities via portal for applicant 198908859
2026-09-08 00:13:21,507 [INFO] Retrieved 50 discussions via portal session for applicant 199395147
2026-09-08 00:13:21,859 [INFO] Retrieved 1 Sales Center opportunities via portal for applicant 199395147
2026-09-08 00:13:22,200 [INFO] Retrieved 50 discussions via portal session for applicant 199797602
2026-09-08 00:13:22,541 [INFO] Retrieved 1 Sales Center opportunities via portal for applicant 199797602
2026-09-08 00:13:22,862 [INFO] Retrieved 50 discussions via portal session for applicant 21587333
2026-09-08 00:13:23,213 [INFO] Retrieved 2 Sales Center opportunities via portal for applicant 21587333
2026-09-08 00:13:23,537 [INFO] Retrieved 50 discussions via portal session for applicant 21588091
2026-09-08 00:13:23,873 [INFO] Retrieved 1 Sales Center opportunities via portal for applicant 21588091
2026-09-08 00:13:24,137 [INFO] Retrieved 25 discussions via portal session for applicant 220250093
2026-09-08 00:13:24,521 [INFO] Retrieved 1 Sales Center opportunities via portal for applicant 220250093
2026-09-08 00:13:24,897 [INFO] Retrieved 50 discussions via portal session for applicant 25156187
2026-09-08 00:13:25,272 [INFO] Retrieved 1 Sales Center opportunities via portal for applicant 25156187
2026-09-08 00:13:25,603 [INFO] Retrieved 50 discussions via portal session for applicant 25721447
2026-09-08 00:13:25,956 [INFO] Retrieved 4 Sales Center opportunities via portal for applicant 25721447
2026-09-08 00:13:26,315 [INFO] Retrieved 50 discussions via portal session for applicant 26042781
2026-09-08 00:13:26,705 [INFO] Retrieved 2 Sales Center opportunities via portal for applicant 26042781
2026-09-08 00:13:27,014 [INFO] Retrieved 50 discussions via portal session for applicant 31439734
2026-09-08 00:13:27,909 [INFO] Retrieved 50 discussions via portal session for applicant 35209713
2026-09-08 00:13:28,351 [INFO] Retrieved 1 Sales Center opportunities via portal for applicant 35209713
2026-09-08 00:13:28,663 [INFO] Retrieved 50 discussions via portal session for applicant 54893172
2026-09-08 00:13:29,138 [INFO] Retrieved 7 Sales Center opportunities via portal for applicant 54893172
2026-09-08 00:13:29,521 [INFO] Retrieved 50 discussions via portal session for applicant 58768907
2026-09-08 00:13:29,960 [INFO] Retrieved 1 Sales Center opportunities via portal for applicant 58768907
2026-09-08 00:13:30,524 [INFO] Retrieved 50 discussions via portal session for applicant 58866127
2026-09-08 00:13:30,939 [INFO] Retrieved 1 Sales Center opportunities via portal for applicant 58866127
2026-09-08 00:13:33,370 [INFO] Retrieved 50 discussions via portal session for applicant 76858853
2026-09-08 00:13:38,927 [INFO] Retrieved 2 Sales Center opportunities via portal for applicant 76858853
2026-09-08 00:13:39,240 [INFO] Retrieved 50 discussions via portal session for applicant 79002334
2026-09-08 00:13:39,576 [INFO] Retrieved 1 Sales Center opportunities via portal for applicant 79002334
2026-09-08 00:13:39,851 [INFO] Retrieved 50 discussions via portal session for applicant 83571357
2026-09-08 00:13:40,659 [INFO] Retrieved 50 discussions via portal session for applicant 84705043
2026-09-08 00:13:41,071 [INFO] Retrieved 1 Sales Center opportunities via portal for applicant 84705043
2026-09-08 00:13:41,394 [INFO] Retrieved 50 discussions via portal session for applicant 95254866
2026-09-08 00:13:42,734 [INFO] Retrieved 50 discussions via portal session for applicant 99055770
2026-09-08 00:13:43,172 [INFO] Retrieved 1 Sales Center opportunities via portal for applicant 99055770
2026-09-08 00:13:43,499 [INFO] Retrieved 50 discussions via portal session for applicant 99340932
2026-09-08 00:13:43,925 [INFO] Retrieved 1 Sales Center opportunities via portal for applicant 99340932
{
  "applicants_scanned": 41,
  "applicant_ids": [
    "102351931",
    "143979332",
    "144897143",
    "145217363",
    "145834411",
    "148235525",
    "150751441",
    "151382204",
    "151445306",
    "157388228",
    "163863318",
    "173838508",
    "186333470",
    "193438339",
    "196126698",
    "196851140",
    "197389903",
    "197891661",
    "197895504",
    "198604342",
    "198908859",
    "199395147",
    "199797602",
    "21587333",
    "21588091",
    "220250093",
    "25156187",
    "25721447",
    "26042781",
    "31439734",
    "35209713",
    "54893172",
    "58768907",
    "58866127",
    "76858853",
    "79002334",
    "83571357",
    "84705043",
    "95254866",
    "99055770",
    "99340932"
  ],
  "dispatched": [],
  "errors": [],
  "dry_run": false
}
2026-09-08T00:13:44+00:00 finish robie call label watch rc=0
2026-09-08T00:18:01+00:00 start robie call label watch timeout=90s extra=
2026-09-08 00:18:03,341 [INFO] Retrieved 50 discussions via portal session for applicant 102351931
2026-09-08 00:18:03,889 [INFO] Successfully authenticated with Classic EZLynx API (EZToken issued).
2026-09-08 00:18:04,288 [INFO] Retrieved 1 Sales Center opportunities via portal for applicant 102351931
2026-09-08 00:18:04,583 [INFO] Retrieved 50 discussions via portal session for applicant 143979332
2026-09-08 00:18:05,537 [INFO] Retrieved 50 discussions via portal session for applicant 144897143
2026-09-08 00:18:05,943 [INFO] Retrieved 1 Sales Center opportunities via portal for applicant 144897143
2026-09-08 00:18:06,217 [INFO] Retrieved 50 discussions via portal session for applicant 145217363
2026-09-08 00:18:06,563 [INFO] Retrieved 1 Sales Center opportunities via portal for applicant 145217363
2026-09-08 00:18:06,797 [INFO] Retrieved 50 discussions via portal session for applicant 145834411
2026-09-08 00:18:07,116 [INFO] Retrieved 1 Sales Center opportunities via portal for applicant 145834411
2026-09-08 00:18:07,371 [INFO] Retrieved 50 discussions via portal session for applicant 148235525
2026-09-08 00:18:07,714 [INFO] Retrieved 2 Sales Center opportunities via portal for applicant 148235525
2026-09-08 00:18:08,039 [INFO] Retrieved 50 discussions via portal session for applicant 150751441
2026-09-08 00:18:08,382 [INFO] Retrieved 1 Sales Center opportunities via portal for applicant 150751441
2026-09-08 00:18:08,760 [INFO] Retrieved 50 discussions via portal session for applicant 151382204
2026-09-08 00:18:09,093 [INFO] Retrieved 1 Sales Center opportunities via portal for applicant 151382204
2026-09-08 00:18:09,372 [INFO] Retrieved 50 discussions via portal session for applicant 151445306
2026-09-08 00:18:09,694 [INFO] Retrieved 2 Sales Center opportunities via portal for applicant 151445306
2026-09-08 00:18:09,941 [INFO] Retrieved 50 discussions via portal session for applicant 157388228
2026-09-08 00:18:10,278 [INFO] Retrieved 1 Sales Center opportunities via portal for applicant 157388228
2026-09-08 00:18:10,593 [INFO] Retrieved 50 discussions via portal session for applicant 163863318
2026-09-08 00:18:10,919 [INFO] Retrieved 1 Sales Center opportunities via portal for applicant 163863318
2026-09-08 00:18:11,166 [INFO] Retrieved 50 discussions via portal session for applicant 173838508
2026-09-08 00:18:11,504 [INFO] Retrieved 1 Sales Center opportunities via portal for applicant 173838508
2026-09-08 00:18:11,758 [INFO] Retrieved 50 discussions via portal session for applicant 186333470
2026-09-08 00:18:12,099 [INFO] Retrieved 2 Sales Center opportunities via portal for applicant 186333470
2026-09-08 00:18:12,377 [INFO] Retrieved 50 discussions via portal session for applicant 193438339
2026-09-08 00:18:12,712 [INFO] Retrieved 1 Sales Center opportunities via portal for applicant 193438339
2026-09-08 00:18:12,953 [INFO] Retrieved 28 discussions via portal session for applicant 196126698
2026-09-08 00:18:13,275 [INFO] Retrieved 1 Sales Center opportunities via portal for applicant 196126698
2026-09-08 00:18:13,530 [INFO] Retrieved 50 discussions via portal session for applicant 196851140
2026-09-08 00:18:13,846 [INFO] Retrieved 1 Sales Center opportunities via portal for applicant 196851140
2026-09-08 00:18:14,094 [INFO] Retrieved 50 discussions via portal session for applicant 197389903
2026-09-08 00:18:14,431 [INFO] Retrieved 1 Sales Center opportunities via portal for applicant 197389903
2026-09-08 00:18:14,695 [INFO] Retrieved 50 discussions via portal session for applicant 197891661
2026-09-08 00:18:15,037 [INFO] Retrieved 1 Sales Center opportunities via portal for applicant 197891661
2026-09-08 00:18:15,367 [INFO] Retrieved 50 discussions via portal session for applicant 197895504
2026-09-08 00:18:15,704 [INFO] Retrieved 1 Sales Center opportunities via portal for applicant 197895504
2026-09-08 00:18:15,940 [INFO] Retrieved 50 discussions via portal session for applicant 198604342
2026-09-08 00:18:16,294 [INFO] Retrieved 2 Sales Center opportunities via portal for applicant 198604342
2026-09-08 00:18:16,578 [INFO] Retrieved 50 discussions via portal session for applicant 198908859
2026-09-08 00:18:16,900 [INFO] Retrieved 1 Sales Center opportunities via portal for applicant 198908859
2026-09-08 00:18:17,230 [INFO] Retrieved 50 discussions via portal session for applicant 199395147
2026-09-08 00:18:17,581 [INFO] Retrieved 1 Sales Center opportunities via portal for applicant 199395147
2026-09-08 00:18:17,819 [INFO] Retrieved 50 discussions via portal session for applicant 199797602
2026-09-08 00:18:18,204 [INFO] Retrieved 1 Sales Center opportunities via portal for applicant 199797602
2026-09-08 00:18:18,528 [INFO] Retrieved 50 discussions via portal session for applicant 21587333
2026-09-08 00:18:18,868 [INFO] Retrieved 2 Sales Center opportunities via portal for applicant 21587333
2026-09-08 00:18:19,145 [INFO] Retrieved 50 discussions via portal session for applicant 21588091
2026-09-08 00:18:19,501 [INFO] Retrieved 1 Sales Center opportunities via portal for applicant 21588091
2026-09-08 00:18:19,749 [INFO] Retrieved 25 discussions via portal session for applicant 220250093
2026-09-08 00:18:20,086 [INFO] Retrieved 1 Sales Center opportunities via portal for applicant 220250093
2026-09-08 00:18:20,491 [INFO] Retrieved 50 discussions via portal session for applicant 25156187
2026-09-08 00:18:20,859 [INFO] Retrieved 1 Sales Center opportunities via portal for applicant 25156187
2026-09-08 00:18:21,165 [INFO] Retrieved 50 discussions via portal session for applicant 25721447
2026-09-08 00:18:21,532 [INFO] Retrieved 4 Sales Center opportunities via portal for applicant 25721447
2026-09-08 00:18:21,936 [INFO] Retrieved 50 discussions via portal session for applicant 26042781
2026-09-08 00:18:22,279 [INFO] Retrieved 2 Sales Center opportunities via portal for applicant 26042781
2026-09-08 00:18:22,569 [INFO] Retrieved 50 discussions via portal session for applicant 31439734
2026-09-08 00:18:23,366 [INFO] Retrieved 50 discussions via portal session for applicant 35209713
2026-09-08 00:18:23,702 [INFO] Retrieved 1 Sales Center opportunities via portal for applicant 35209713
2026-09-08 00:18:23,986 [INFO] Retrieved 50 discussions via portal session for applicant 54893172
2026-09-08 00:18:24,408 [INFO] Retrieved 7 Sales Center opportunities via portal for applicant 54893172
2026-09-08 00:18:24,736 [INFO] Retrieved 50 discussions via portal session for applicant 58768907
2026-09-08 00:18:25,221 [INFO] Retrieved 1 Sales Center opportunities via portal for applicant 58768907
2026-09-08 00:18:25,651 [INFO] Retrieved 50 discussions via portal session for applicant 58866127
2026-09-08 00:18:26,075 [INFO] Retrieved 1 Sales Center opportunities via portal for applicant 58866127
2026-09-08 00:18:26,387 [INFO] Retrieved 50 discussions via portal session for applicant 76858853
2026-09-08 00:18:26,866 [INFO] Retrieved 2 Sales Center opportunities via portal for applicant 76858853
2026-09-08 00:18:27,198 [INFO] Retrieved 50 discussions via portal session for applicant 79002334
2026-09-08 00:18:27,673 [INFO] Retrieved 1 Sales Center opportunities via portal for applicant 79002334
2026-09-08 00:18:28,007 [INFO] Retrieved 50 discussions via portal session for applicant 83571357
2026-09-08 00:18:34,154 [INFO] Retrieved 50 discussions via portal session for applicant 84705043
2026-09-08 00:18:34,610 [INFO] Retrieved 1 Sales Center opportunities via portal for applicant 84705043
2026-09-08 00:18:34,919 [INFO] Retrieved 50 discussions via portal session for applicant 95254866
2026-09-08 00:18:39,049 [INFO] Retrieved 50 discussions via portal session for applicant 99055770
2026-09-08 00:18:39,391 [INFO] Retrieved 1 Sales Center opportunities via portal for applicant 99055770
2026-09-08 00:18:39,618 [INFO] Retrieved 50 discussions via portal session for applicant 99340932
2026-09-08 00:18:39,948 [INFO] Retrieved 1 Sales Center opportunities via portal for applicant 99340932
{
  "applicants_scanned": 41,
  "applicant_ids": [
    "102351931",
    "143979332",
    "144897143",
    "145217363",
    "145834411",
    "148235525",
    "150751441",
    "151382204",
    "151445306",
    "157388228",
    "163863318",
    "173838508",
    "186333470",
    "193438339",
    "196126698",
    "196851140",
    "197389903",
    "197891661",
    "197895504",
    "198604342",
    "198908859",
    "199395147",
    "199797602",
    "21587333",
    "21588091",
    "220250093",
    "25156187",
    "25721447",
    "26042781",
    "31439734",
    "35209713",
    "54893172",
    "58768907",
    "58866127",
    "76858853",
    "79002334",
    "83571357",
    "84705043",
    "95254866",
    "99055770",
    "99340932"
  ],
  "dispatched": [],
  "errors": [],
  "dry_run": false
}
2026-09-08T00:18:40+00:00 finish robie call label watch rc=0
2026-09-08T00:23:01+00:00 start robie call label watch timeout=90s extra=
2026-09-08 00:23:02,842 [INFO] Retrieved 50 discussions via portal session for applicant 102351931
2026-09-08 00:23:03,406 [INFO] Successfully authenticated with Classic EZLynx API (EZToken issued).
2026-09-08 00:23:03,770 [INFO] Retrieved 1 Sales Center opportunities via portal for applicant 102351931
2026-09-08 00:23:04,106 [INFO] Retrieved 50 discussions via portal session for applicant 143979332
2026-09-08 00:23:05,039 [INFO] Retrieved 50 discussions via portal session for applicant 144897143
2026-09-08 00:23:05,424 [INFO] Retrieved 1 Sales Center opportunities via portal for applicant 144897143
2026-09-08 00:23:05,719 [INFO] Retrieved 50 discussions via portal session for applicant 145217363
2026-09-08 00:23:06,109 [INFO] Retrieved 1 Sales Center opportunities via portal for applicant 145217363
2026-09-08 00:23:06,424 [INFO] Retrieved 50 discussions via portal session for applicant 145834411
2026-09-08 00:23:06,838 [INFO] Retrieved 1 Sales Center opportunities via portal for applicant 145834411
2026-09-08 00:23:07,160 [INFO] Retrieved 50 discussions via portal session for applicant 148235525
2026-09-08 00:23:07,540 [INFO] Retrieved 2 Sales Center opportunities via portal for applicant 148235525
2026-09-08 00:23:07,906 [INFO] Retrieved 50 discussions via portal session for applicant 150751441
2026-09-08 00:23:08,412 [INFO] Retrieved 1 Sales Center opportunities via portal for applicant 150751441
2026-09-08 00:23:08,904 [INFO] Retrieved 50 discussions via portal session for applicant 151382204
2026-09-08 00:23:09,251 [INFO] Retrieved 1 Sales Center opportunities via portal for applicant 151382204
2026-09-08 00:23:09,623 [INFO] Retrieved 50 discussions via portal session for applicant 151445306
2026-09-08 00:23:09,975 [INFO] Retrieved 2 Sales Center opportunities via portal for applicant 151445306
2026-09-08 00:23:10,289 [INFO] Retrieved 50 discussions via portal session for applicant 157388228
2026-09-08 00:23:10,688 [INFO] Retrieved 1 Sales Center opportunities via portal for applicant 157388228
2026-09-08 00:23:11,071 [INFO] Retrieved 50 discussions via portal session for applicant 163863318
2026-09-08 00:23:11,437 [INFO] Retrieved 1 Sales Center opportunities via portal for applicant 163863318
2026-09-08 00:23:11,701 [INFO] Retrieved 50 discussions via portal session for applicant 173838508
2026-09-08 00:23:12,088 [INFO] Retrieved 1 Sales Center opportunities via portal for applicant 173838508
2026-09-08 00:23:12,375 [INFO] Retrieved 50 discussions via portal session for applicant 186333470
2026-09-08 00:23:12,784 [INFO] Retrieved 2 Sales Center opportunities via portal for applicant 186333470
2026-09-08 00:23:13,042 [INFO] Retrieved 50 discussions via portal session for applicant 193438339
2026-09-08 00:23:13,423 [INFO] Retrieved 1 Sales Center opportunities via portal for applicant 193438339
2026-09-08 00:23:13,720 [INFO] Retrieved 28 discussions via portal session for applicant 196126698
2026-09-08 00:23:14,085 [INFO] Retrieved 1 Sales Center opportunities via portal for applicant 196126698
2026-09-08 00:23:14,401 [INFO] Retrieved 50 discussions via portal session for applicant 196851140
2026-09-08 00:23:14,801 [INFO] Retrieved 1 Sales Center opportunities via portal for applicant 196851140
2026-09-08 00:23:15,108 [INFO] Retrieved 50 discussions via portal session for applicant 197389903
2026-09-08 00:23:15,611 [INFO] Retrieved 1 Sales Center opportunities via portal for applicant 197389903
2026-09-08 00:23:15,886 [INFO] Retrieved 50 discussions via portal session for applicant 197891661
2026-09-08 00:23:16,300 [INFO] Retrieved 1 Sales Center opportunities via portal for applicant 197891661
2026-09-08 00:23:16,747 [INFO] Retrieved 50 discussions via portal session for applicant 197895504
2026-09-08 00:23:17,154 [INFO] Retrieved 1 Sales Center opportunities via portal for applicant 197895504
2026-09-08 00:23:17,499 [INFO] Retrieved 50 discussions via portal session for applicant 198604342
2026-09-08 00:23:17,930 [INFO] Retrieved 2 Sales Center opportunities via portal for applicant 198604342
2026-09-08 00:23:18,301 [INFO] Retrieved 50 discussions via portal session for applicant 198908859
2026-09-08 00:23:18,751 [INFO] Retrieved 1 Sales Center opportunities via portal for applicant 198908859
2026-09-08 00:23:19,152 [INFO] Retrieved 50 discussions via portal session for applicant 199395147
2026-09-08 00:23:19,582 [INFO] Retrieved 1 Sales Center opportunities via portal for applicant 199395147
2026-09-08 00:23:20,036 [INFO] Retrieved 50 discussions via portal session for applicant 199797602
2026-09-08 00:23:20,491 [INFO] Retrieved 1 Sales Center opportunities via portal for applicant 199797602
2026-09-08 00:23:20,909 [INFO] Retrieved 50 discussions via portal session for applicant 21587333
2026-09-08 00:23:21,378 [INFO] Retrieved 2 Sales Center opportunities via portal for applicant 21587333
2026-09-08 00:23:21,845 [INFO] Retrieved 50 discussions via portal session for applicant 21588091
2026-09-08 00:23:22,195 [INFO] Retrieved 1 Sales Center opportunities via portal for applicant 21588091
2026-09-08 00:23:22,413 [INFO] Retrieved 25 discussions via portal session for applicant 220250093
2026-09-08 00:23:22,748 [INFO] Retrieved 1 Sales Center opportunities via portal for applicant 220250093
2026-09-08 00:23:23,158 [INFO] Retrieved 50 discussions via portal session for applicant 25156187
2026-09-08 00:23:23,554 [INFO] Retrieved 1 Sales Center opportunities via portal for applicant 25156187
2026-09-08 00:23:23,878 [INFO] Retrieved 50 discussions via portal session for applicant 25721447
2026-09-08 00:23:24,216 [INFO] Retrieved 4 Sales Center opportunities via portal for applicant 25721447
2026-09-08 00:23:24,556 [INFO] Retrieved 50 discussions via portal session for applicant 26042781
2026-09-08 00:23:24,929 [INFO] Retrieved 2 Sales Center opportunities via portal for applicant 26042781
2026-09-08 00:23:25,275 [INFO] Retrieved 50 discussions via portal session for applicant 31439734
2026-09-08 00:23:26,124 [INFO] Retrieved 50 discussions via portal session for applicant 35209713
2026-09-08 00:23:26,492 [INFO] Retrieved 1 Sales Center opportunities via portal for applicant 35209713
2026-09-08 00:23:26,804 [INFO] Retrieved 50 discussions via portal session for applicant 54893172
2026-09-08 00:23:27,225 [INFO] Retrieved 7 Sales Center opportunities via portal for applicant 54893172
2026-09-08 00:23:27,511 [INFO] Retrieved 50 discussions via portal session for applicant 58768907
2026-09-08 00:23:27,949 [INFO] Retrieved 1 Sales Center opportunities via portal for applicant 58768907
2026-09-08 00:23:28,315 [INFO] Retrieved 50 discussions via portal session for applicant 58866127
2026-09-08 00:23:33,798 [INFO] Retrieved 1 Sales Center opportunities via portal for applicant 58866127
2026-09-08 00:23:34,054 [INFO] Retrieved 50 discussions via portal session for applicant 76858853
2026-09-08 00:23:34,414 [INFO] Retrieved 2 Sales Center opportunities via portal for applicant 76858853
2026-09-08 00:23:34,659 [INFO] Retrieved 50 discussions via portal session for applicant 79002334
2026-09-08 00:23:35,039 [INFO] Retrieved 1 Sales Center opportunities via portal for applicant 79002334
2026-09-08 00:23:38,468 [INFO] Retrieved 50 discussions via portal session for applicant 83571357
2026-09-08 00:23:39,322 [INFO] Retrieved 50 discussions via portal session for applicant 84705043
2026-09-08 00:23:39,676 [INFO] Retrieved 1 Sales Center opportunities via portal for applicant 84705043
2026-09-08 00:23:39,944 [INFO] Retrieved 50 discussions via portal session for applicant 95254866
2026-09-08 00:23:41,008 [INFO] Retrieved 50 discussions via portal session for applicant 99055770
2026-09-08 00:23:41,458 [INFO] Retrieved 1 Sales Center opportunities via portal for applicant 99055770
2026-09-08 00:23:41,787 [INFO] Retrieved 50 discussions via portal session for applicant 99340932
2026-09-08 00:23:42,232 [INFO] Retrieved 1 Sales Center opportunities via portal for applicant 99340932
{
  "applicants_scanned": 41,
  "applicant_ids": [
    "102351931",
    "143979332",
    "144897143",
    "145217363",
    "145834411",
    "148235525",
    "150751441",
    "151382204",
    "151445306",
    "157388228",
    "163863318",
    "173838508",
    "186333470",
    "193438339",
    "196126698",
    "196851140",
    "197389903",
    "197891661",
    "197895504",
    "198604342",
    "198908859",
    "199395147",
    "199797602",
    "21587333",
    "21588091",
    "220250093",
    "25156187",
    "25721447",
    "26042781",
    "31439734",
    "35209713",
    "54893172",
    "58768907",
    "58866127",
    "76858853",
    "79002334",
    "83571357",
    "84705043",
    "95254866",
    "99055770",
    "99340932"
  ],
  "dispatched": [],
  "errors": [],
  "dry_run": false
}
2026-09-08T00:23:42+00:00 finish robie call label watch rc=0
2026-09-08T00:28:01+00:00 start robie call label watch timeout=90s extra=
2026-09-08 00:28:03,214 [INFO] Retrieved 50 discussions via portal session for applicant 102351931
2026-09-08 00:28:03,742 [INFO] Successfully authenticated with Classic EZLynx API (EZToken issued).
2026-09-08 00:28:04,080 [INFO] Retrieved 1 Sales Center opportunities via portal for applicant 102351931
2026-09-08 00:28:04,325 [INFO] Retrieved 50 discussions via portal session for applicant 143979332
2026-09-08 00:28:05,170 [INFO] Retrieved 50 discussions via portal session for applicant 144897143
2026-09-08 00:28:05,543 [INFO] Retrieved 1 Sales Center opportunities via portal for applicant 144897143
2026-09-08 00:28:05,792 [INFO] Retrieved 50 discussions via portal session for applicant 145217363
2026-09-08 00:28:06,131 [INFO] Retrieved 1 Sales Center opportunities via portal for applicant 145217363
2026-09-08 00:28:06,414 [INFO] Retrieved 50 discussions via portal session for applicant 145834411
2026-09-08 00:28:06,763 [INFO] Retrieved 1 Sales Center opportunities via portal for applicant 145834411
2026-09-08 00:28:07,040 [INFO] Retrieved 50 discussions via portal session for applicant 148235525
2026-09-08 00:28:07,410 [INFO] Retrieved 2 Sales Center opportunities via portal for applicant 148235525
2026-09-08 00:28:07,704 [INFO] Retrieved 50 discussions via portal session for applicant 150751441
2026-09-08 00:28:08,046 [INFO] Retrieved 1 Sales Center opportunities via portal for applicant 150751441
2026-09-08 00:28:08,378 [INFO] Retrieved 50 discussions via portal session for applicant 151382204
2026-09-08 00:28:08,722 [INFO] Retrieved 1 Sales Center opportunities via portal for applicant 151382204
2026-09-08 00:28:09,064 [INFO] Retrieved 50 discussions via portal session for applicant 151445306
2026-09-08 00:28:09,408 [INFO] Retrieved 2 Sales Center opportunities via portal for applicant 151445306
2026-09-08 00:28:09,694 [INFO] Retrieved 50 discussions via portal session for applicant 157388228
2026-09-08 00:28:10,047 [INFO] Retrieved 1 Sales Center opportunities via portal for applicant 157388228
2026-09-08 00:28:10,423 [INFO] Retrieved 50 discussions via portal session for applicant 163863318
2026-09-08 00:28:10,786 [INFO] Retrieved 1 Sales Center opportunities via portal for applicant 163863318
2026-09-08 00:28:11,031 [INFO] Retrieved 50 discussions via portal session for applicant 173838508
2026-09-08 00:28:11,394 [INFO] Retrieved 1 Sales Center opportunities via portal for applicant 173838508
2026-09-08 00:28:11,684 [INFO] Retrieved 50 discussions via portal session for applicant 186333470
2026-09-08 00:28:12,091 [INFO] Retrieved 2 Sales Center opportunities via portal for applicant 186333470
2026-09-08 00:28:12,412 [INFO] Retrieved 50 discussions via portal session for applicant 193438339
2026-09-08 00:28:12,758 [INFO] Retrieved 1 Sales Center opportunities via portal for applicant 193438339
2026-09-08 00:28:13,006 [INFO] Retrieved 28 discussions via portal session for applicant 196126698
2026-09-08 00:28:13,374 [INFO] Retrieved 1 Sales Center opportunities via portal for applicant 196126698
2026-09-08 00:28:13,624 [INFO] Retrieved 50 discussions via portal session for applicant 196851140
2026-09-08 00:28:13,970 [INFO] Retrieved 1 Sales Center opportunities via portal for applicant 196851140
2026-09-08 00:28:14,255 [INFO] Retrieved 50 discussions via portal session for applicant 197389903
2026-09-08 00:28:14,589 [INFO] Retrieved 1 Sales Center opportunities via portal for applicant 197389903
2026-09-08 00:28:14,859 [INFO] Retrieved 50 discussions via portal session for applicant 197891661
2026-09-08 00:28:15,204 [INFO] Retrieved 1 Sales Center opportunities via portal for applicant 197891661
2026-09-08 00:28:15,512 [INFO] Retrieved 50 discussions via portal session for applicant 197895504
2026-09-08 00:28:15,881 [INFO] Retrieved 1 Sales Center opportunities via portal for applicant 197895504
2026-09-08 00:28:16,122 [INFO] Retrieved 50 discussions via portal session for applicant 198604342
2026-09-08 00:28:16,485 [INFO] Retrieved 2 Sales Center opportunities via portal for applicant 198604342
2026-09-08 00:28:16,838 [INFO] Retrieved 50 discussions via portal session for applicant 198908859
2026-09-08 00:28:17,174 [INFO] Retrieved 1 Sales Center opportunities via portal for applicant 198908859
2026-09-08 00:28:17,580 [INFO] Retrieved 50 discussions via portal session for applicant 199395147
2026-09-08 00:28:17,940 [INFO] Retrieved 1 Sales Center opportunities via portal for applicant 199395147
2026-09-08 00:28:18,235 [INFO] Retrieved 50 discussions via portal session for applicant 199797602
2026-09-08 00:28:18,569 [INFO] Retrieved 1 Sales Center opportunities via portal for applicant 199797602
2026-09-08 00:28:18,875 [INFO] Retrieved 50 discussions via portal session for applicant 21587333
2026-09-08 00:28:19,232 [INFO] Retrieved 2 Sales Center opportunities via portal for applicant 21587333
2026-09-08 00:28:19,504 [INFO] Retrieved 50 discussions via portal session for applicant 21588091
2026-09-08 00:28:19,824 [INFO] Retrieved 1 Sales Center opportunities via portal for applicant 21588091
2026-09-08 00:28:20,072 [INFO] Retrieved 25 discussions via portal session for applicant 220250093
2026-09-08 00:28:20,411 [INFO] Retrieved 1 Sales Center opportunities via portal for applicant 220250093
2026-09-08 00:28:20,841 [INFO] Retrieved 50 discussions via portal session for applicant 25156187
2026-09-08 00:28:21,193 [INFO] Retrieved 1 Sales Center opportunities via portal for applicant 25156187
2026-09-08 00:28:21,534 [INFO] Retrieved 50 discussions via portal session for applicant 25721447
2026-09-08 00:28:21,887 [INFO] Retrieved 4 Sales Center opportunities via portal for applicant 25721447
2026-09-08 00:28:22,246 [INFO] Retrieved 50 discussions via portal session for applicant 26042781
2026-09-08 00:28:22,580 [INFO] Retrieved 2 Sales Center opportunities via portal for applicant 26042781
2026-09-08 00:28:22,923 [INFO] Retrieved 50 discussions via portal session for applicant 31439734
2026-09-08 00:28:23,762 [INFO] Retrieved 50 discussions via portal session for applicant 35209713
2026-09-08 00:28:24,087 [INFO] Retrieved 1 Sales Center opportunities via portal for applicant 35209713
2026-09-08 00:28:24,331 [INFO] Retrieved 50 discussions via portal session for applicant 54893172
2026-09-08 00:28:24,697 [INFO] Retrieved 7 Sales Center opportunities via portal for applicant 54893172
2026-09-08 00:28:25,011 [INFO] Retrieved 50 discussions via portal session for applicant 58768907
2026-09-08 00:28:25,361 [INFO] Retrieved 1 Sales Center opportunities via portal for applicant 58768907
2026-09-08 00:28:25,775 [INFO] Retrieved 50 discussions via portal session for applicant 58866127
2026-09-08 00:28:26,139 [INFO] Retrieved 1 Sales Center opportunities via portal for applicant 58866127
2026-09-08 00:28:26,449 [INFO] Retrieved 50 discussions via portal session for applicant 76858853
2026-09-08 00:28:26,822 [INFO] Retrieved 2 Sales Center opportunities via portal for applicant 76858853
2026-09-08 00:28:27,098 [INFO] Retrieved 50 discussions via portal session for applicant 79002334
2026-09-08 00:28:27,470 [INFO] Retrieved 1 Sales Center opportunities via portal for applicant 79002334
2026-09-08 00:28:27,722 [INFO] Retrieved 50 discussions via portal session for applicant 83571357
2026-09-08 00:28:28,500 [INFO] Retrieved 50 discussions via portal session for applicant 84705043
2026-09-08 00:28:28,896 [INFO] Retrieved 1 Sales Center opportunities via portal for applicant 84705043
2026-09-08 00:28:29,161 [INFO] Retrieved 50 discussions via portal session for applicant 95254866
2026-09-08 00:28:30,056 [INFO] Retrieved 50 discussions via portal session for applicant 99055770
2026-09-08 00:28:30,421 [INFO] Retrieved 1 Sales Center opportunities via portal for applicant 99055770
2026-09-08 00:28:33,760 [INFO] Retrieved 50 discussions via portal session for applicant 99340932
2026-09-08 00:28:34,098 [INFO] Retrieved 1 Sales Center opportunities via portal for applicant 99340932
{
  "applicants_scanned": 41,
  "applicant_ids": [
    "102351931",
    "143979332",
    "144897143",
    "145217363",
    "145834411",
    "148235525",
    "150751441",
    "151382204",
    "151445306",
    "157388228",
    "163863318",
    "173838508",
    "186333470",
    "193438339",
    "196126698",
    "196851140",
    "197389903",
    "197891661",
    "197895504",
    "198604342",
    "198908859",
    "199395147",
    "199797602",
    "21587333",
    "21588091",
    "220250093",
    "25156187",
    "25721447",
    "26042781",
    "31439734",
    "35209713",
    "54893172",
    "58768907",
    "58866127",
    "76858853",
    "79002334",
    "83571357",
    "84705043",
    "95254866",
    "99055770",
    "99340932"
  ],
  "dispatched": [],
  "errors": [],
  "dry_run": false
}
2026-09-08T00:28:34+00:00 finish robie call label watch rc=0
2026-09-08T00:33:01+00:00 start robie call label watch timeout=90s extra=
2026-09-08 00:33:02,904 [INFO] Retrieved 50 discussions via portal session for applicant 102351931
2026-09-08 00:33:03,452 [INFO] Successfully authenticated with Classic EZLynx API (EZToken issued).
2026-09-08 00:33:03,862 [INFO] Retrieved 1 Sales Center opportunities via portal for applicant 102351931
2026-09-08 00:33:04,119 [INFO] Retrieved 50 discussions via portal session for applicant 143979332
2026-09-08 00:33:05,062 [INFO] Retrieved 50 discussions via portal session for applicant 144897143
2026-09-08 00:33:05,486 [INFO] Retrieved 1 Sales Center opportunities via portal for applicant 144897143
2026-09-08 00:33:05,749 [INFO] Retrieved 50 discussions via portal session for applicant 145217363
2026-09-08 00:33:06,119 [INFO] Retrieved 1 Sales Center opportunities via portal for applicant 145217363
2026-09-08 00:33:06,413 [INFO] Retrieved 50 discussions via portal session for applicant 145834411
2026-09-08 00:33:06,781 [INFO] Retrieved 1 Sales Center opportunities via portal for applicant 145834411
2026-09-08 00:33:07,020 [INFO] Retrieved 50 discussions via portal session for applicant 148235525
2026-09-08 00:33:07,419 [INFO] Retrieved 2 Sales Center opportunities via portal for applicant 148235525
2026-09-08 00:33:07,722 [INFO] Retrieved 50 discussions via portal session for applicant 150751441
2026-09-08 00:33:08,079 [INFO] Retrieved 1 Sales Center opportunities via portal for applicant 150751441
2026-09-08 00:33:08,516 [INFO] Retrieved 50 discussions via portal session for applicant 151382204
2026-09-08 00:33:08,883 [INFO] Retrieved 1 Sales Center opportunities via portal for applicant 151382204
2026-09-08 00:33:09,220 [INFO] Retrieved 50 discussions via portal session for applicant 151445306
2026-09-08 00:33:09,591 [INFO] Retrieved 2 Sales Center opportunities via portal for applicant 151445306
2026-09-08 00:33:09,882 [INFO] Retrieved 50 discussions via portal session for applicant 157388228
2026-09-08 00:33:10,241 [INFO] Retrieved 1 Sales Center opportunities via portal for applicant 157388228
2026-09-08 00:33:10,614 [INFO] Retrieved 50 discussions via portal session for applicant 163863318
2026-09-08 00:33:10,992 [INFO] Retrieved 1 Sales Center opportunities via portal for applicant 163863318
2026-09-08 00:33:11,234 [INFO] Retrieved 50 discussions via portal session for applicant 173838508
2026-09-08 00:33:11,578 [INFO] Retrieved 1 Sales Center opportunities via portal for applicant 173838508
2026-09-08 00:33:11,869 [INFO] Retrieved 50 discussions via portal session for applicant 186333470
2026-09-08 00:33:12,216 [INFO] Retrieved 2 Sales Center opportunities via portal for applicant 186333470
2026-09-08 00:33:12,495 [INFO] Retrieved 50 discussions via portal session for applicant 193438339
2026-09-08 00:33:12,855 [INFO] Retrieved 1 Sales Center opportunities via portal for applicant 193438339
2026-09-08 00:33:13,187 [INFO] Retrieved 28 discussions via portal session for applicant 196126698
2026-09-08 00:33:13,591 [INFO] Retrieved 1 Sales Center opportunities via portal for applicant 196126698
2026-09-08 00:33:13,873 [INFO] Retrieved 50 discussions via portal session for applicant 196851140
2026-09-08 00:33:14,232 [INFO] Retrieved 1 Sales Center opportunities via portal for applicant 196851140
2026-09-08 00:33:14,472 [INFO] Retrieved 50 discussions via portal session for applicant 197389903
2026-09-08 00:33:14,859 [INFO] Retrieved 1 Sales Center opportunities via portal for applicant 197389903
2026-09-08 00:33:15,142 [INFO] Retrieved 50 discussions via portal session for applicant 197891661
2026-09-08 00:33:15,567 [INFO] Retrieved 1 Sales Center opportunities via portal for applicant 197891661
2026-09-08 00:33:15,962 [INFO] Retrieved 50 discussions via portal session for applicant 197895504
2026-09-08 00:33:16,372 [INFO] Retrieved 1 Sales Center opportunities via portal for applicant 197895504
2026-09-08 00:33:16,683 [INFO] Retrieved 50 discussions via portal session for applicant 198604342
2026-09-08 00:33:17,074 [INFO] Retrieved 2 Sales Center opportunities via portal for applicant 198604342
2026-09-08 00:33:17,423 [INFO] Retrieved 50 discussions via portal session for applicant 198908859
2026-09-08 00:33:17,782 [INFO] Retrieved 1 Sales Center opportunities via portal for applicant 198908859
2026-09-08 00:33:18,130 [INFO] Retrieved 50 discussions via portal session for applicant 199395147
2026-09-08 00:33:18,537 [INFO] Retrieved 1 Sales Center opportunities via portal for applicant 199395147
2026-09-08 00:33:18,808 [INFO] Retrieved 50 discussions via portal session for applicant 199797602
2026-09-08 00:33:19,164 [INFO] Retrieved 1 Sales Center opportunities via portal for applicant 199797602
2026-09-08 00:33:19,523 [INFO] Retrieved 50 discussions via portal session for applicant 21587333
2026-09-08 00:33:19,915 [INFO] Retrieved 2 Sales Center opportunities via portal for applicant 21587333
2026-09-08 00:33:20,235 [INFO] Retrieved 50 discussions via portal session for applicant 21588091
2026-09-08 00:33:20,628 [INFO] Retrieved 1 Sales Center opportunities via portal for applicant 21588091
2026-09-08 00:33:20,919 [INFO] Retrieved 25 discussions via portal session for applicant 220250093
2026-09-08 00:33:21,283 [INFO] Retrieved 1 Sales Center opportunities via portal for applicant 220250093
2026-09-08 00:33:21,735 [INFO] Retrieved 50 discussions via portal session for applicant 25156187
2026-09-08 00:33:22,126 [INFO] Retrieved 1 Sales Center opportunities via portal for applicant 25156187
2026-09-08 00:33:22,514 [INFO] Retrieved 50 discussions via portal session for applicant 25721447
2026-09-08 00:33:22,931 [INFO] Retrieved 4 Sales Center opportunities via portal for applicant 25721447
2026-09-08 00:33:23,313 [INFO] Retrieved 50 discussions via portal session for applicant 26042781
2026-09-08 00:33:23,692 [INFO] Retrieved 2 Sales Center opportunities via portal for applicant 26042781
2026-09-08 00:33:24,067 [INFO] Retrieved 50 discussions via portal session for applicant 31439734
2026-09-08 00:33:24,908 [INFO] Retrieved 50 discussions via portal session for applicant 35209713
2026-09-08 00:33:25,262 [INFO] Retrieved 1 Sales Center opportunities via portal for applicant 35209713
2026-09-08 00:33:25,547 [INFO] Retrieved 50 discussions via portal session for applicant 54893172
2026-09-08 00:33:25,928 [INFO] Retrieved 7 Sales Center opportunities via portal for applicant 54893172
2026-09-08 00:33:26,216 [INFO] Retrieved 50 discussions via portal session for applicant 58768907
2026-09-08 00:33:26,630 [INFO] Retrieved 1 Sales Center opportunities via portal for applicant 58768907
2026-09-08 00:33:27,033 [INFO] Retrieved 50 discussions via portal session for applicant 58866127
2026-09-08 00:33:27,468 [INFO] Retrieved 1 Sales Center opportunities via portal for applicant 58866127
2026-09-08 00:33:27,829 [INFO] Retrieved 50 discussions via portal session for applicant 76858853
2026-09-08 00:33:35,406 [INFO] Retrieved 2 Sales Center opportunities via portal for applicant 76858853
2026-09-08 00:33:35,795 [INFO] Retrieved 50 discussions via portal session for applicant 79002334
2026-09-08 00:33:36,200 [INFO] Retrieved 1 Sales Center opportunities via portal for applicant 79002334
2026-09-08 00:33:36,538 [INFO] Retrieved 50 discussions via portal session for applicant 83571357
2026-09-08 00:33:37,527 [INFO] Retrieved 50 discussions via portal session for applicant 84705043
2026-09-08 00:33:37,939 [INFO] Retrieved 1 Sales Center opportunities via portal for applicant 84705043
2026-09-08 00:33:38,245 [INFO] Retrieved 50 discussions via portal session for applicant 95254866
2026-09-08 00:33:39,317 [INFO] Retrieved 50 discussions via portal session for applicant 99055770
2026-09-08 00:33:39,705 [INFO] Retrieved 1 Sales Center opportunities via portal for applicant 99055770
2026-09-08 00:33:40,026 [INFO] Retrieved 50 discussions via portal session for applicant 99340932
2026-09-08 00:33:40,461 [INFO] Retrieved 1 Sales Center opportunities via portal for applicant 99340932
{
  "applicants_scanned": 41,
  "applicant_ids": [
    "102351931",
    "143979332",
    "144897143",
    "145217363",
    "145834411",
    "148235525",
    "150751441",
    "151382204",
    "151445306",
    "157388228",
    "163863318",
    "173838508",
    "186333470",
    "193438339",
    "196126698",
    "196851140",
    "197389903",
    "197891661",
    "197895504",
    "198604342",
    "198908859",
    "199395147",
    "199797602",
    "21587333",
    "21588091",
    "220250093",
    "25156187",
    "25721447",
    "26042781",
    "31439734",
    "35209713",
    "54893172",
    "58768907",
    "58866127",
    "76858853",
    "79002334",
    "83571357",
    "84705043",
    "95254866",
    "99055770",
    "99340932"
  ],
  "dispatched": [],
  "errors": [],
  "dry_run": false
}
2026-09-08T00:33:40+00:00 finish robie call label watch rc=0
2026-09-08T00:38:01+00:00 start robie call label watch timeout=90s extra=
2026-09-08 00:38:03,893 [INFO] Retrieved 50 discussions via portal session for applicant 102351931
2026-09-08 00:38:04,475 [INFO] Successfully authenticated with Classic EZLynx API (EZToken issued).
2026-09-08 00:38:04,992 [INFO] Retrieved 1 Sales Center opportunities via portal for applicant 102351931
2026-09-08 00:38:05,392 [INFO] Retrieved 50 discussions via portal session for applicant 143979332
2026-09-08 00:38:06,425 [INFO] Retrieved 50 discussions via portal session for applicant 144897143
2026-09-08 00:38:06,925 [INFO] Retrieved 1 Sales Center opportunities via portal for applicant 144897143
2026-09-08 00:38:07,222 [INFO] Retrieved 50 discussions via portal session for applicant 145217363
2026-09-08 00:38:07,605 [INFO] Retrieved 1 Sales Center opportunities via portal for applicant 145217363
2026-09-08 00:38:07,885 [INFO] Retrieved 50 discussions via portal session for applicant 145834411
2026-09-08 00:38:08,302 [INFO] Retrieved 1 Sales Center opportunities via portal for applicant 145834411
2026-09-08 00:38:08,618 [INFO] Retrieved 50 discussions via portal session for applicant 148235525
2026-09-08 00:38:09,014 [INFO] Retrieved 2 Sales Center opportunities via portal for applicant 148235525
2026-09-08 00:38:09,339 [INFO] Retrieved 50 discussions via portal session for applicant 150751441
2026-09-08 00:38:09,719 [INFO] Retrieved 1 Sales Center opportunities via portal for applicant 150751441
2026-09-08 00:38:10,121 [INFO] Retrieved 50 discussions via portal session for applicant 151382204
2026-09-08 00:38:10,579 [INFO] Retrieved 1 Sales Center opportunities via portal for applicant 151382204
2026-09-08 00:38:10,975 [INFO] Retrieved 50 discussions via portal session for applicant 151445306
2026-09-08 00:38:11,333 [INFO] Retrieved 2 Sales Center opportunities via portal for applicant 151445306
2026-09-08 00:38:11,674 [INFO] Retrieved 50 discussions via portal session for applicant 157388228
2026-09-08 00:38:12,063 [INFO] Retrieved 1 Sales Center opportunities via portal for applicant 157388228
2026-09-08 00:38:12,508 [INFO] Retrieved 50 discussions via portal session for applicant 163863318
2026-09-08 00:38:12,942 [INFO] Retrieved 1 Sales Center opportunities via portal for applicant 163863318
2026-09-08 00:38:13,232 [INFO] Retrieved 50 discussions via portal session for applicant 173838508
2026-09-08 00:38:13,733 [INFO] Retrieved 1 Sales Center opportunities via portal for applicant 173838508
2026-09-08 00:38:14,090 [INFO] Retrieved 50 discussions via portal session for applicant 186333470
2026-09-08 00:38:14,557 [INFO] Retrieved 2 Sales Center opportunities via portal for applicant 186333470
2026-09-08 00:38:14,846 [INFO] Retrieved 50 discussions via portal session for applicant 193438339
2026-09-08 00:38:15,259 [INFO] Retrieved 1 Sales Center opportunities via portal for applicant 193438339
2026-09-08 00:38:15,609 [INFO] Retrieved 28 discussions via portal session for applicant 196126698
2026-09-08 00:38:16,016 [INFO] Retrieved 1 Sales Center opportunities via portal for applicant 196126698
2026-09-08 00:38:16,364 [INFO] Retrieved 50 discussions via portal session for applicant 196851140
2026-09-08 00:38:16,772 [INFO] Retrieved 1 Sales Center opportunities via portal for applicant 196851140
2026-09-08 00:38:17,051 [INFO] Retrieved 50 discussions via portal session for applicant 197389903
2026-09-08 00:38:17,439 [INFO] Retrieved 1 Sales Center opportunities via portal for applicant 197389903
2026-09-08 00:38:17,697 [INFO] Retrieved 50 discussions via portal session for applicant 197891661
2026-09-08 00:38:18,155 [INFO] Retrieved 1 Sales Center opportunities via portal for applicant 197891661
2026-09-08 00:38:18,620 [INFO] Retrieved 50 discussions via portal session for applicant 197895504
2026-09-08 00:38:19,021 [INFO] Retrieved 1 Sales Center opportunities via portal for applicant 197895504
2026-09-08 00:38:19,302 [INFO] Retrieved 50 discussions via portal session for applicant 198604342
2026-09-08 00:38:19,699 [INFO] Retrieved 2 Sales Center opportunities via portal for applicant 198604342
2026-09-08 00:38:20,081 [INFO] Retrieved 50 discussions via portal session for applicant 198908859
2026-09-08 00:38:20,470 [INFO] Retrieved 1 Sales Center opportunities via portal for applicant 198908859
2026-09-08 00:38:20,874 [INFO] Retrieved 50 discussions via portal session for applicant 199395147
2026-09-08 00:38:21,257 [INFO] Retrieved 1 Sales Center opportunities via portal for applicant 199395147
2026-09-08 00:38:21,580 [INFO] Retrieved 50 discussions via portal session for applicant 199797602
2026-09-08 00:38:21,934 [INFO] Retrieved 1 Sales Center opportunities via portal for applicant 199797602
2026-09-08 00:38:22,321 [INFO] Retrieved 50 discussions via portal session for applicant 21587333
2026-09-08 00:38:22,725 [INFO] Retrieved 2 Sales Center opportunities via portal for applicant 21587333
2026-09-08 00:38:23,098 [INFO] Retrieved 50 discussions via portal session for applicant 21588091
2026-09-08 00:38:23,492 [INFO] Retrieved 1 Sales Center opportunities via portal for applicant 21588091
2026-09-08 00:38:23,770 [INFO] Retrieved 25 discussions via portal session for applicant 220250093
2026-09-08 00:38:24,154 [INFO] Retrieved 1 Sales Center opportunities via portal for applicant 220250093
2026-09-08 00:38:24,588 [INFO] Retrieved 50 discussions via portal session for applicant 25156187
2026-09-08 00:38:24,979 [INFO] Retrieved 1 Sales Center opportunities via portal for applicant 25156187
2026-09-08 00:38:25,409 [INFO] Retrieved 50 discussions via portal session for applicant 25721447
2026-09-08 00:38:25,777 [INFO] Retrieved 4 Sales Center opportunities via portal for applicant 25721447
2026-09-08 00:38:26,209 [INFO] Retrieved 50 discussions via portal session for applicant 26042781
2026-09-08 00:38:26,630 [INFO] Retrieved 2 Sales Center opportunities via portal for applicant 26042781
2026-09-08 00:38:26,986 [INFO] Retrieved 50 discussions via portal session for applicant 31439734
2026-09-08 00:38:27,805 [INFO] Retrieved 50 discussions via portal session for applicant 35209713
2026-09-08 00:38:28,199 [INFO] Retrieved 1 Sales Center opportunities via portal for applicant 35209713
2026-09-08 00:38:28,479 [INFO] Retrieved 50 discussions via portal session for applicant 54893172
2026-09-08 00:38:28,943 [INFO] Retrieved 7 Sales Center opportunities via portal for applicant 54893172
2026-09-08 00:38:29,310 [INFO] Retrieved 50 discussions via portal session for applicant 58768907
2026-09-08 00:38:29,740 [INFO] Retrieved 1 Sales Center opportunities via portal for applicant 58768907
2026-09-08 00:38:30,160 [INFO] Retrieved 50 discussions via portal session for applicant 58866127
2026-09-08 00:38:30,610 [INFO] Retrieved 1 Sales Center opportunities via portal for applicant 58866127
2026-09-08 00:38:34,055 [INFO] Retrieved 50 discussions via portal session for applicant 76858853
2026-09-08 00:38:34,502 [INFO] Retrieved 2 Sales Center opportunities via portal for applicant 76858853
2026-09-08 00:38:34,820 [INFO] Retrieved 50 discussions via portal session for applicant 79002334
2026-09-08 00:38:35,237 [INFO] Retrieved 1 Sales Center opportunities via portal for applicant 79002334
2026-09-08 00:38:35,579 [INFO] Retrieved 50 discussions via portal session for applicant 83571357
2026-09-08 00:38:39,537 [INFO] Retrieved 50 discussions via portal session for applicant 84705043
2026-09-08 00:38:39,917 [INFO] Retrieved 1 Sales Center opportunities via portal for applicant 84705043
2026-09-08 00:38:40,191 [INFO] Retrieved 50 discussions via portal session for applicant 95254866
2026-09-08 00:38:41,064 [INFO] Retrieved 50 discussions via portal session for applicant 99055770
2026-09-08 00:38:41,439 [INFO] Retrieved 1 Sales Center opportunities via portal for applicant 99055770
2026-09-08 00:38:41,735 [INFO] Retrieved 50 discussions via portal session for applicant 99340932
2026-09-08 00:38:44,220 [INFO] Retrieved 1 Sales Center opportunities via portal for applicant 99340932
{
  "applicants_scanned": 41,
  "applicant_ids": [
    "102351931",
    "143979332",
    "144897143",
    "145217363",
    "145834411",
    "148235525",
    "150751441",
    "151382204",
    "151445306",
    "157388228",
    "163863318",
    "173838508",
    "186333470",
    "193438339",
    "196126698",
    "196851140",
    "197389903",
    "197891661",
    "197895504",
    "198604342",
    "198908859",
    "199395147",
    "199797602",
    "21587333",
    "21588091",
    "220250093",
    "25156187",
    "25721447",
    "26042781",
    "31439734",
    "35209713",
    "54893172",
    "58768907",
    "58866127",
    "76858853",
    "79002334",
    "83571357",
    "84705043",
    "95254866",
    "99055770",
    "99340932"
  ],
  "dispatched": [],
  "errors": [],
  "dry_run": false
}
2026-09-08T00:38:44+00:00 finish robie call label watch rc=0
2026-09-08T00:43:01+00:00 start robie call label watch timeout=90s extra=
2026-09-08 00:43:03,475 [INFO] Retrieved 50 discussions via portal session for applicant 102351931
2026-09-08 00:43:04,040 [INFO] Successfully authenticated with Classic EZLynx API (EZToken issued).
2026-09-08 00:43:04,528 [INFO] Retrieved 1 Sales Center opportunities via portal for applicant 102351931
2026-09-08 00:43:04,892 [INFO] Retrieved 50 discussions via portal session for applicant 143979332
2026-09-08 00:43:05,868 [INFO] Retrieved 50 discussions via portal session for applicant 144897143
2026-09-08 00:43:06,293 [INFO] Retrieved 1 Sales Center opportunities via portal for applicant 144897143
2026-09-08 00:43:06,627 [INFO] Retrieved 50 discussions via portal session for applicant 145217363
2026-09-08 00:43:07,035 [INFO] Retrieved 1 Sales Center opportunities via portal for applicant 145217363
2026-09-08 00:43:07,361 [INFO] Retrieved 50 discussions via portal session for applicant 145834411
2026-09-08 00:43:07,746 [INFO] Retrieved 1 Sales Center opportunities via portal for applicant 145834411
2026-09-08 00:43:08,016 [INFO] Retrieved 50 discussions via portal session for applicant 148235525
2026-09-08 00:43:08,380 [INFO] Retrieved 2 Sales Center opportunities via portal for applicant 148235525
2026-09-08 00:43:08,694 [INFO] Retrieved 50 discussions via portal session for applicant 150751441
2026-09-08 00:43:09,056 [INFO] Retrieved 1 Sales Center opportunities via portal for applicant 150751441
2026-09-08 00:43:09,513 [INFO] Retrieved 50 discussions via portal session for applicant 151382204
2026-09-08 00:43:09,857 [INFO] Retrieved 1 Sales Center opportunities via portal for applicant 151382204
2026-09-08 00:43:10,213 [INFO] Retrieved 50 discussions via portal session for applicant 151445306
2026-09-08 00:43:10,584 [INFO] Retrieved 2 Sales Center opportunities via portal for applicant 151445306
2026-09-08 00:43:10,923 [INFO] Retrieved 50 discussions via portal session for applicant 157388228
2026-09-08 00:43:11,289 [INFO] Retrieved 1 Sales Center opportunities via portal for applicant 157388228
2026-09-08 00:43:11,725 [INFO] Retrieved 50 discussions via portal session for applicant 163863318
2026-09-08 00:43:12,112 [INFO] Retrieved 1 Sales Center opportunities via portal for applicant 163863318
2026-09-08 00:43:12,467 [INFO] Retrieved 50 discussions via portal session for applicant 173838508
2026-09-08 00:43:13,043 [INFO] Retrieved 1 Sales Center opportunities via portal for applicant 173838508
2026-09-08 00:43:13,441 [INFO] Retrieved 50 discussions via portal session for applicant 186333470
2026-09-08 00:43:13,921 [INFO] Retrieved 2 Sales Center opportunities via portal for applicant 186333470
2026-09-08 00:43:14,271 [INFO] Retrieved 50 discussions via portal session for applicant 193438339
2026-09-08 00:43:14,649 [INFO] Retrieved 1 Sales Center opportunities via portal for applicant 193438339
2026-09-08 00:43:15,037 [INFO] Retrieved 28 discussions via portal session for applicant 196126698
2026-09-08 00:43:15,470 [INFO] Retrieved 1 Sales Center opportunities via portal for applicant 196126698
2026-09-08 00:43:15,771 [INFO] Retrieved 50 discussions via portal session for applicant 196851140
2026-09-08 00:43:16,190 [INFO] Retrieved 1 Sales Center opportunities via portal for applicant 196851140
2026-09-08 00:43:16,488 [INFO] Retrieved 50 discussions via portal session for applicant 197389903
2026-09-08 00:43:16,860 [INFO] Retrieved 1 Sales Center opportunities via portal for applicant 197389903
2026-09-08 00:43:17,122 [INFO] Retrieved 50 discussions via portal session for applicant 197891661
2026-09-08 00:43:17,663 [INFO] Retrieved 1 Sales Center opportunities via portal for applicant 197891661
2026-09-08 00:43:18,135 [INFO] Retrieved 50 discussions via portal session for applicant 197895504
2026-09-08 00:43:18,565 [INFO] Retrieved 1 Sales Center opportunities via portal for applicant 197895504
2026-09-08 00:43:18,925 [INFO] Retrieved 50 discussions via portal session for applicant 198604342
2026-09-08 00:43:19,345 [INFO] Retrieved 2 Sales Center opportunities via portal for applicant 198604342
2026-09-08 00:43:19,694 [INFO] Retrieved 50 discussions via portal session for applicant 198908859
2026-09-08 00:43:20,194 [INFO] Retrieved 1 Sales Center opportunities via portal for applicant 198908859
2026-09-08 00:43:20,706 [INFO] Retrieved 50 discussions via portal session for applicant 199395147
2026-09-08 00:43:21,210 [INFO] Retrieved 1 Sales Center opportunities via portal for applicant 199395147
2026-09-08 00:43:21,605 [INFO] Retrieved 50 discussions via portal session for applicant 199797602
2026-09-08 00:43:22,158 [INFO] Retrieved 1 Sales Center opportunities via portal for applicant 199797602
2026-09-08 00:43:22,666 [INFO] Retrieved 50 discussions via portal session for applicant 21587333
2026-09-08 00:43:23,128 [INFO] Retrieved 2 Sales Center opportunities via portal for applicant 21587333
2026-09-08 00:43:23,615 [INFO] Retrieved 50 discussions via portal session for applicant 21588091
2026-09-08 00:43:24,046 [INFO] Retrieved 1 Sales Center opportunities via portal for applicant 21588091
2026-09-08 00:43:24,395 [INFO] Retrieved 25 discussions via portal session for applicant 220250093
2026-09-08 00:43:24,836 [INFO] Retrieved 1 Sales Center opportunities via portal for applicant 220250093
2026-09-08 00:43:25,329 [INFO] Retrieved 50 discussions via portal session for applicant 25156187
2026-09-08 00:43:25,825 [INFO] Retrieved 1 Sales Center opportunities via portal for applicant 25156187
2026-09-08 00:43:26,308 [INFO] Retrieved 50 discussions via portal session for applicant 25721447
2026-09-08 00:43:26,964 [INFO] Retrieved 4 Sales Center opportunities via portal for applicant 25721447
2026-09-08 00:43:27,452 [INFO] Retrieved 50 discussions via portal session for applicant 26042781
2026-09-08 00:43:27,995 [INFO] Retrieved 2 Sales Center opportunities via portal for applicant 26042781
2026-09-08 00:43:28,619 [INFO] Retrieved 50 discussions via portal session for applicant 31439734
2026-09-08 00:43:29,646 [INFO] Retrieved 50 discussions via portal session for applicant 35209713
2026-09-08 00:43:30,102 [INFO] Retrieved 1 Sales Center opportunities via portal for applicant 35209713
2026-09-08 00:43:30,407 [INFO] Retrieved 50 discussions via portal session for applicant 54893172
2026-09-08 00:43:30,974 [INFO] Retrieved 7 Sales Center opportunities via portal for applicant 54893172
2026-09-08 00:43:31,347 [INFO] Retrieved 50 discussions via portal session for applicant 58768907
2026-09-08 00:43:31,752 [INFO] Retrieved 1 Sales Center opportunities via portal for applicant 58768907
2026-09-08 00:43:32,136 [INFO] Retrieved 50 discussions via portal session for applicant 58866127
2026-09-08 00:43:32,572 [INFO] Retrieved 1 Sales Center opportunities via portal for applicant 58866127
2026-09-08 00:43:32,919 [INFO] Retrieved 50 discussions via portal session for applicant 76858853
2026-09-08 00:43:33,373 [INFO] Retrieved 2 Sales Center opportunities via portal for applicant 76858853
2026-09-08 00:43:33,752 [INFO] Retrieved 50 discussions via portal session for applicant 79002334
2026-09-08 00:43:38,312 [INFO] Retrieved 1 Sales Center opportunities via portal for applicant 79002334
2026-09-08 00:43:38,612 [INFO] Retrieved 50 discussions via portal session for applicant 83571357
2026-09-08 00:43:39,442 [INFO] Retrieved 50 discussions via portal session for applicant 84705043
2026-09-08 00:43:39,835 [INFO] Retrieved 1 Sales Center opportunities via portal for applicant 84705043
2026-09-08 00:43:40,164 [INFO] Retrieved 50 discussions via portal session for applicant 95254866
2026-09-08 00:43:41,121 [INFO] Retrieved 50 discussions via portal session for applicant 99055770
2026-09-08 00:43:41,478 [INFO] Retrieved 1 Sales Center opportunities via portal for applicant 99055770
2026-09-08 00:43:41,774 [INFO] Retrieved 50 discussions via portal session for applicant 99340932
2026-09-08 00:43:42,208 [INFO] Retrieved 1 Sales Center opportunities via portal for applicant 99340932
{
  "applicants_scanned": 41,
  "applicant_ids": [
    "102351931",
    "143979332",
    "144897143",
    "145217363",
    "145834411",
    "148235525",
    "150751441",
    "151382204",
    "151445306",
    "157388228",
    "163863318",
    "173838508",
    "186333470",
    "193438339",
    "196126698",
    "196851140",
    "197389903",
    "197891661",
    "197895504",
    "198604342",
    "198908859",
    "199395147",
    "199797602",
    "21587333",
    "21588091",
    "220250093",
    "25156187",
    "25721447",
    "26042781",
    "31439734",
    "35209713",
    "54893172",
    "58768907",
    "58866127",
    "76858853",
    "79002334",
    "83571357",
    "84705043",
    "95254866",
    "99055770",
    "99340932"
  ],
  "dispatched": [],
  "errors": [],
  "dry_run": false
}
2026-09-08T00:43:42+00:00 finish robie call label watch rc=0
2026-09-08T00:48:01+00:00 start robie call label watch timeout=90s extra=
2026-09-08 00:48:03,346 [INFO] Retrieved 50 discussions via portal session for applicant 102351931
2026-09-08 00:48:03,919 [INFO] Successfully authenticated with Classic EZLynx API (EZToken issued).
2026-09-08 00:48:04,343 [INFO] Retrieved 1 Sales Center opportunities via portal for applicant 102351931
2026-09-08 00:48:04,714 [INFO] Retrieved 50 discussions via portal session for applicant 143979332
2026-09-08 00:48:05,660 [INFO] Retrieved 50 discussions via portal session for applicant 144897143
2026-09-08 00:48:06,066 [INFO] Retrieved 1 Sales Center opportunities via portal for applicant 144897143
2026-09-08 00:48:06,408 [INFO] Retrieved 50 discussions via portal session for applicant 145217363
2026-09-08 00:48:06,814 [INFO] Retrieved 1 Sales Center opportunities via portal for applicant 145217363
2026-09-08 00:48:07,137 [INFO] Retrieved 50 discussions via portal session for applicant 145834411
2026-09-08 00:48:07,534 [INFO] Retrieved 1 Sales Center opportunities via portal for applicant 145834411
2026-09-08 00:48:07,845 [INFO] Retrieved 50 discussions via portal session for applicant 148235525
2026-09-08 00:48:08,251 [INFO] Retrieved 2 Sales Center opportunities via portal for applicant 148235525
2026-09-08 00:48:08,587 [INFO] Retrieved 50 discussions via portal session for applicant 150751441
2026-09-08 00:48:09,012 [INFO] Retrieved 1 Sales Center opportunities via portal for applicant 150751441
2026-09-08 00:48:09,493 [INFO] Retrieved 50 discussions via portal session for applicant 151382204
2026-09-08 00:48:09,925 [INFO] Retrieved 1 Sales Center opportunities via portal for applicant 151382204
2026-09-08 00:48:10,309 [INFO] Retrieved 50 discussions via portal session for applicant 151445306
2026-09-08 00:48:10,669 [INFO] Retrieved 2 Sales Center opportunities via portal for applicant 151445306
2026-09-08 00:48:10,940 [INFO] Retrieved 50 discussions via portal session for applicant 157388228
2026-09-08 00:48:11,296 [INFO] Retrieved 1 Sales Center opportunities via portal for applicant 157388228
2026-09-08 00:48:11,668 [INFO] Retrieved 50 discussions via portal session for applicant 163863318
2026-09-08 00:48:12,054 [INFO] Retrieved 1 Sales Center opportunities via portal for applicant 163863318
2026-09-08 00:48:12,341 [INFO] Retrieved 50 discussions via portal session for applicant 173838508
2026-09-08 00:48:12,727 [INFO] Retrieved 1 Sales Center opportunities via portal for applicant 173838508
2026-09-08 00:48:13,012 [INFO] Retrieved 50 discussions via portal session for applicant 186333470
2026-09-08 00:48:13,397 [INFO] Retrieved 2 Sales Center opportunities via portal for applicant 186333470
2026-09-08 00:48:13,704 [INFO] Retrieved 50 discussions via portal session for applicant 193438339
2026-09-08 00:48:14,055 [INFO] Retrieved 1 Sales Center opportunities via portal for applicant 193438339
2026-09-08 00:48:14,384 [INFO] Retrieved 28 discussions via portal session for applicant 196126698
2026-09-08 00:48:14,734 [INFO] Retrieved 1 Sales Center opportunities via portal for applicant 196126698
2026-09-08 00:48:14,990 [INFO] Retrieved 50 discussions via portal session for applicant 196851140
2026-09-08 00:48:15,337 [INFO] Retrieved 1 Sales Center opportunities via portal for applicant 196851140
2026-09-08 00:48:15,588 [INFO] Retrieved 50 discussions via portal session for applicant 197389903
2026-09-08 00:48:15,958 [INFO] Retrieved 1 Sales Center opportunities via portal for applicant 197389903
2026-09-08 00:48:16,229 [INFO] Retrieved 50 discussions via portal session for applicant 197891661
2026-09-08 00:48:16,578 [INFO] Retrieved 1 Sales Center opportunities via portal for applicant 197891661
2026-09-08 00:48:16,875 [INFO] Retrieved 50 discussions via portal session for applicant 197895504
2026-09-08 00:48:17,246 [INFO] Retrieved 1 Sales Center opportunities via portal for applicant 197895504
2026-09-08 00:48:17,508 [INFO] Retrieved 50 discussions via portal session for applicant 198604342
2026-09-08 00:48:17,857 [INFO] Retrieved 2 Sales Center opportunities via portal for applicant 198604342
2026-09-08 00:48:18,150 [INFO] Retrieved 50 discussions via portal session for applicant 198908859
2026-09-08 00:48:18,507 [INFO] Retrieved 1 Sales Center opportunities via portal for applicant 198908859
2026-09-08 00:48:18,839 [INFO] Retrieved 50 discussions via portal session for applicant 199395147
2026-09-08 00:48:19,209 [INFO] Retrieved 1 Sales Center opportunities via portal for applicant 199395147
2026-09-08 00:48:19,506 [INFO] Retrieved 50 discussions via portal session for applicant 199797602
2026-09-08 00:48:19,880 [INFO] Retrieved 1 Sales Center opportunities via portal for applicant 199797602
2026-09-08 00:48:20,246 [INFO] Retrieved 50 discussions via portal session for applicant 21587333
2026-09-08 00:48:20,618 [INFO] Retrieved 2 Sales Center opportunities via portal for applicant 21587333
2026-09-08 00:48:20,928 [INFO] Retrieved 50 discussions via portal session for applicant 21588091
2026-09-08 00:48:21,359 [INFO] Retrieved 1 Sales Center opportunities via portal for applicant 21588091
2026-09-08 00:48:21,619 [INFO] Retrieved 25 discussions via portal session for applicant 220250093
2026-09-08 00:48:21,956 [INFO] Retrieved 1 Sales Center opportunities via portal for applicant 220250093
2026-09-08 00:48:22,340 [INFO] Retrieved 50 discussions via portal session for applicant 25156187
2026-09-08 00:48:22,715 [INFO] Retrieved 1 Sales Center opportunities via portal for applicant 25156187
2026-09-08 00:48:23,050 [INFO] Retrieved 50 discussions via portal session for applicant 25721447
2026-09-08 00:48:23,452 [INFO] Retrieved 4 Sales Center opportunities via portal for applicant 25721447
2026-09-08 00:48:23,811 [INFO] Retrieved 50 discussions via portal session for applicant 26042781
2026-09-08 00:48:24,204 [INFO] Retrieved 2 Sales Center opportunities via portal for applicant 26042781
2026-09-08 00:48:24,541 [INFO] Retrieved 50 discussions via portal session for applicant 31439734
2026-09-08 00:48:25,355 [INFO] Retrieved 50 discussions via portal session for applicant 35209713
2026-09-08 00:48:25,698 [INFO] Retrieved 1 Sales Center opportunities via portal for applicant 35209713
2026-09-08 00:48:25,938 [INFO] Retrieved 50 discussions via portal session for applicant 54893172
2026-09-08 00:48:26,315 [INFO] Retrieved 7 Sales Center opportunities via portal for applicant 54893172
2026-09-08 00:48:26,688 [INFO] Retrieved 50 discussions via portal session for applicant 58768907
2026-09-08 00:48:27,099 [INFO] Retrieved 1 Sales Center opportunities via portal for applicant 58768907
2026-09-08 00:48:38,616 [INFO] Retrieved 50 discussions via portal session for applicant 58866127
2026-09-08 00:48:39,007 [INFO] Retrieved 1 Sales Center opportunities via portal for applicant 58866127
2026-09-08 00:48:39,278 [INFO] Retrieved 50 discussions via portal session for applicant 76858853
2026-09-08 00:48:39,629 [INFO] Retrieved 2 Sales Center opportunities via portal for applicant 76858853
2026-09-08 00:48:39,915 [INFO] Retrieved 50 discussions via portal session for applicant 79002334
2026-09-08 00:48:40,282 [INFO] Retrieved 1 Sales Center opportunities via portal for applicant 79002334
2026-09-08 00:48:40,542 [INFO] Retrieved 50 discussions via portal session for applicant 83571357
2026-09-08 00:48:44,451 [INFO] Retrieved 50 discussions via portal session for applicant 84705043
2026-09-08 00:48:44,801 [INFO] Retrieved 1 Sales Center opportunities via portal for applicant 84705043
2026-09-08 00:48:45,045 [INFO] Retrieved 50 discussions via portal session for applicant 95254866
2026-09-08 00:48:45,987 [INFO] Retrieved 50 discussions via portal session for applicant 99055770
2026-09-08 00:48:46,330 [INFO] Retrieved 1 Sales Center opportunities via portal for applicant 99055770
2026-09-08 00:48:46,579 [INFO] Retrieved 50 discussions via portal session for applicant 99340932
2026-09-08 00:48:46,918 [INFO] Retrieved 1 Sales Center opportunities via portal for applicant 99340932
{
  "applicants_scanned": 41,
  "applicant_ids": [
    "102351931",
    "143979332",
    "144897143",
    "145217363",
    "145834411",
    "148235525",
    "150751441",
    "151382204",
    "151445306",
    "157388228",
    "163863318",
    "173838508",
    "186333470",
    "193438339",
    "196126698",
    "196851140",
    "197389903",
    "197891661",
    "197895504",
    "198604342",
    "198908859",
    "199395147",
    "199797602",
    "21587333",
    "21588091",
    "220250093",
    "25156187",
    "25721447",
    "26042781",
    "31439734",
    "35209713",
    "54893172",
    "58768907",
    "58866127",
    "76858853",
    "79002334",
    "83571357",
    "84705043",
    "95254866",
    "99055770",
    "99340932"
  ],
  "dispatched": [],
  "errors": [],
  "dry_run": false
}
2026-09-08T00:48:47+00:00 finish robie call label watch rc=0
2026-09-08T00:53:01+00:00 start robie call label watch timeout=90s extra=
2026-09-08 00:53:02,799 [INFO] Retrieved 50 discussions via portal session for applicant 102351931
2026-09-08 00:53:03,336 [INFO] Successfully authenticated with Classic EZLynx API (EZToken issued).
2026-09-08 00:53:03,696 [INFO] Retrieved 1 Sales Center opportunities via portal for applicant 102351931
2026-09-08 00:53:03,955 [INFO] Retrieved 50 discussions via portal session for applicant 143979332
2026-09-08 00:53:04,788 [INFO] Retrieved 50 discussions via portal session for applicant 144897143
2026-09-08 00:53:05,146 [INFO] Retrieved 1 Sales Center opportunities via portal for applicant 144897143
2026-09-08 00:53:05,415 [INFO] Retrieved 50 discussions via portal session for applicant 145217363
2026-09-08 00:53:05,765 [INFO] Retrieved 1 Sales Center opportunities via portal for applicant 145217363
2026-09-08 00:53:06,061 [INFO] Retrieved 50 discussions via portal session for applicant 145834411
2026-09-08 00:53:06,480 [INFO] Retrieved 1 Sales Center opportunities via portal for applicant 145834411
2026-09-08 00:53:06,765 [INFO] Retrieved 50 discussions via portal session for applicant 148235525
2026-09-08 00:53:07,121 [INFO] Retrieved 2 Sales Center opportunities via portal for applicant 148235525
2026-09-08 00:53:07,451 [INFO] Retrieved 50 discussions via portal session for applicant 150751441
2026-09-08 00:53:07,799 [INFO] Retrieved 1 Sales Center opportunities via portal for applicant 150751441
2026-09-08 00:53:08,213 [INFO] Retrieved 50 discussions via portal session for applicant 151382204
2026-09-08 00:53:08,608 [INFO] Retrieved 1 Sales Center opportunities via portal for applicant 151382204
2026-09-08 00:53:08,896 [INFO] Retrieved 50 discussions via portal session for applicant 151445306
2026-09-08 00:53:09,268 [INFO] Retrieved 2 Sales Center opportunities via portal for applicant 151445306
2026-09-08 00:53:09,570 [INFO] Retrieved 50 discussions via portal session for applicant 157388228
2026-09-08 00:53:09,913 [INFO] Retrieved 1 Sales Center opportunities via portal for applicant 157388228
2026-09-08 00:53:10,315 [INFO] Retrieved 50 discussions via portal session for applicant 163863318
2026-09-08 00:53:10,664 [INFO] Retrieved 1 Sales Center opportunities via portal for applicant 163863318
2026-09-08 00:53:10,913 [INFO] Retrieved 50 discussions via portal session for applicant 173838508
2026-09-08 00:53:11,262 [INFO] Retrieved 1 Sales Center opportunities via portal for applicant 173838508
2026-09-08 00:53:11,498 [INFO] Retrieved 50 discussions via portal session for applicant 186333470
2026-09-08 00:53:11,850 [INFO] Retrieved 2 Sales Center opportunities via portal for applicant 186333470
2026-09-08 00:53:12,144 [INFO] Retrieved 50 discussions via portal session for applicant 193438339
2026-09-08 00:53:12,496 [INFO] Retrieved 1 Sales Center opportunities via portal for applicant 193438339
2026-09-08 00:53:12,763 [INFO] Retrieved 28 discussions via portal session for applicant 196126698
2026-09-08 00:53:13,129 [INFO] Retrieved 1 Sales Center opportunities via portal for applicant 196126698
2026-09-08 00:53:13,374 [INFO] Retrieved 50 discussions via portal session for applicant 196851140
2026-09-08 00:53:13,743 [INFO] Retrieved 1 Sales Center opportunities via portal for applicant 196851140
2026-09-08 00:53:14,015 [INFO] Retrieved 50 discussions via portal session for applicant 197389903
2026-09-08 00:53:14,355 [INFO] Retrieved 1 Sales Center opportunities via portal for applicant 197389903
2026-09-08 00:53:14,640 [INFO] Retrieved 50 discussions via portal session for applicant 197891661
2026-09-08 00:53:15,005 [INFO] Retrieved 1 Sales Center opportunities via portal for applicant 197891661
2026-09-08 00:53:15,455 [INFO] Retrieved 50 discussions via portal session for applicant 197895504
2026-09-08 00:53:15,874 [INFO] Retrieved 1 Sales Center opportunities via portal for applicant 197895504
2026-09-08 00:53:16,210 [INFO] Retrieved 50 discussions via portal session for applicant 198604342
2026-09-08 00:53:16,638 [INFO] Retrieved 2 Sales Center opportunities via portal for applicant 198604342
2026-09-08 00:53:17,096 [INFO] Retrieved 50 discussions via portal session for applicant 198908859
2026-09-08 00:53:17,524 [INFO] Retrieved 1 Sales Center opportunities via portal for applicant 198908859
2026-09-08 00:53:17,990 [INFO] Retrieved 50 discussions via portal session for applicant 199395147
2026-09-08 00:53:18,371 [INFO] Retrieved 1 Sales Center opportunities via portal for applicant 199395147
2026-09-08 00:53:18,774 [INFO] Retrieved 50 discussions via portal session for applicant 199797602
2026-09-08 00:53:19,213 [INFO] Retrieved 1 Sales Center opportunities via portal for applicant 199797602
2026-09-08 00:53:19,603 [INFO] Retrieved 50 discussions via portal session for applicant 21587333
2026-09-08 00:53:20,064 [INFO] Retrieved 2 Sales Center opportunities via portal for applicant 21587333
2026-09-08 00:53:20,479 [INFO] Retrieved 50 discussions via portal session for applicant 21588091
2026-09-08 00:53:20,927 [INFO] Retrieved 1 Sales Center opportunities via portal for applicant 21588091
2026-09-08 00:53:21,184 [INFO] Retrieved 25 discussions via portal session for applicant 220250093
2026-09-08 00:53:21,575 [INFO] Retrieved 1 Sales Center opportunities via portal for applicant 220250093
2026-09-08 00:53:22,060 [INFO] Retrieved 50 discussions via portal session for applicant 25156187
2026-09-08 00:53:22,499 [INFO] Retrieved 1 Sales Center opportunities via portal for applicant 25156187
2026-09-08 00:53:23,094 [INFO] Retrieved 50 discussions via portal session for applicant 25721447
2026-09-08 00:53:23,499 [INFO] Retrieved 4 Sales Center opportunities via portal for applicant 25721447
2026-09-08 00:53:23,875 [INFO] Retrieved 50 discussions via portal session for applicant 26042781
2026-09-08 00:53:24,242 [INFO] Retrieved 2 Sales Center opportunities via portal for applicant 26042781
2026-09-08 00:53:24,565 [INFO] Retrieved 50 discussions via portal session for applicant 31439734
2026-09-08 00:53:25,378 [INFO] Retrieved 50 discussions via portal session for applicant 35209713
2026-09-08 00:53:25,728 [INFO] Retrieved 1 Sales Center opportunities via portal for applicant 35209713
2026-09-08 00:53:26,009 [INFO] Retrieved 50 discussions via portal session for applicant 54893172
2026-09-08 00:53:26,360 [INFO] Retrieved 7 Sales Center opportunities via portal for applicant 54893172
2026-09-08 00:53:26,653 [INFO] Retrieved 50 discussions via portal session for applicant 58768907
2026-09-08 00:53:26,993 [INFO] Retrieved 1 Sales Center opportunities via portal for applicant 58768907
2026-09-08 00:53:27,343 [INFO] Retrieved 50 discussions via portal session for applicant 58866127
2026-09-08 00:53:27,728 [INFO] Retrieved 1 Sales Center opportunities via portal for applicant 58866127
2026-09-08 00:53:35,133 [INFO] Retrieved 50 discussions via portal session for applicant 76858853
2026-09-08 00:53:35,494 [INFO] Retrieved 2 Sales Center opportunities via portal for applicant 76858853
2026-09-08 00:53:35,758 [INFO] Retrieved 50 discussions via portal session for applicant 79002334
2026-09-08 00:53:36,090 [INFO] Retrieved 1 Sales Center opportunities via portal for applicant 79002334
2026-09-08 00:53:36,336 [INFO] Retrieved 50 discussions via portal session for applicant 83571357
2026-09-08 00:53:37,191 [INFO] Retrieved 50 discussions via portal session for applicant 84705043
2026-09-08 00:53:38,580 [INFO] Retrieved 1 Sales Center opportunities via portal for applicant 84705043
2026-09-08 00:53:38,815 [INFO] Retrieved 50 discussions via portal session for applicant 95254866
2026-09-08 00:53:39,682 [INFO] Retrieved 50 discussions via portal session for applicant 99055770
2026-09-08 00:53:40,026 [INFO] Retrieved 1 Sales Center opportunities via portal for applicant 99055770
2026-09-08 00:53:40,314 [INFO] Retrieved 50 discussions via portal session for applicant 99340932
2026-09-08 00:53:40,641 [INFO] Retrieved 1 Sales Center opportunities via portal for applicant 99340932
{
  "applicants_scanned": 41,
  "applicant_ids": [
    "102351931",
    "143979332",
    "144897143",
    "145217363",
    "145834411",
    "148235525",
    "150751441",
    "151382204",
    "151445306",
    "157388228",
    "163863318",
    "173838508",
    "186333470",
    "193438339",
    "196126698",
    "196851140",
    "197389903",
    "197891661",
    "197895504",
    "198604342",
    "198908859",
    "199395147",
    "199797602",
    "21587333",
    "21588091",
    "220250093",
    "25156187",
    "25721447",
    "26042781",
    "31439734",
    "35209713",
    "54893172",
    "58768907",
    "58866127",
    "76858853",
    "79002334",
    "83571357",
    "84705043",
    "95254866",
    "99055770",
    "99340932"
  ],
  "dispatched": [],
  "errors": [],
  "dry_run": false
}
2026-09-08T00:53:40+00:00 finish robie call label watch rc=0
2026-09-08T00:58:02+00:00 start robie call label watch timeout=90s extra=
2026-09-08 00:58:03,484 [INFO] Retrieved 50 discussions via portal session for applicant 102351931
2026-09-08 00:58:04,026 [INFO] Successfully authenticated with Classic EZLynx API (EZToken issued).
2026-09-08 00:58:04,383 [INFO] Retrieved 1 Sales Center opportunities via portal for applicant 102351931
2026-09-08 00:58:04,631 [INFO] Retrieved 50 discussions via portal session for applicant 143979332
2026-09-08 00:58:05,498 [INFO] Retrieved 50 discussions via portal session for applicant 144897143
2026-09-08 00:58:05,881 [INFO] Retrieved 1 Sales Center opportunities via portal for applicant 144897143
2026-09-08 00:58:06,143 [INFO] Retrieved 50 discussions via portal session for applicant 145217363
2026-09-08 00:58:06,508 [INFO] Retrieved 1 Sales Center opportunities via portal for applicant 145217363
2026-09-08 00:58:06,753 [INFO] Retrieved 50 discussions via portal session for applicant 145834411
2026-09-08 00:58:07,100 [INFO] Retrieved 1 Sales Center opportunities via portal for applicant 145834411
2026-09-08 00:58:07,376 [INFO] Retrieved 50 discussions via portal session for applicant 148235525
2026-09-08 00:58:07,704 [INFO] Retrieved 2 Sales Center opportunities via portal for applicant 148235525
2026-09-08 00:58:07,985 [INFO] Retrieved 50 discussions via portal session for applicant 150751441
2026-09-08 00:58:08,401 [INFO] Retrieved 1 Sales Center opportunities via portal for applicant 150751441
2026-09-08 00:58:08,792 [INFO] Retrieved 50 discussions via portal session for applicant 151382204
2026-09-08 00:58:09,150 [INFO] Retrieved 1 Sales Center opportunities via portal for applicant 151382204
2026-09-08 00:58:09,488 [INFO] Retrieved 50 discussions via portal session for applicant 151445306
2026-09-08 00:58:09,907 [INFO] Retrieved 2 Sales Center opportunities via portal for applicant 151445306
2026-09-08 00:58:10,182 [INFO] Retrieved 50 discussions via portal session for applicant 157388228
2026-09-08 00:58:10,520 [INFO] Retrieved 1 Sales Center opportunities via portal for applicant 157388228
2026-09-08 00:58:10,887 [INFO] Retrieved 50 discussions via portal session for applicant 163863318
2026-09-08 00:58:11,212 [INFO] Retrieved 1 Sales Center opportunities via portal for applicant 163863318
2026-09-08 00:58:11,505 [INFO] Retrieved 50 discussions via portal session for applicant 173838508
2026-09-08 00:58:11,843 [INFO] Retrieved 1 Sales Center opportunities via portal for applicant 173838508
2026-09-08 00:58:12,134 [INFO] Retrieved 50 discussions via portal session for applicant 186333470
2026-09-08 00:58:12,499 [INFO] Retrieved 2 Sales Center opportunities via portal for applicant 186333470
2026-09-08 00:58:12,849 [INFO] Retrieved 50 discussions via portal session for applicant 193438339
2026-09-08 00:58:13,239 [INFO] Retrieved 1 Sales Center opportunities via portal for applicant 193438339
2026-09-08 00:58:13,549 [INFO] Retrieved 28 discussions via portal session for applicant 196126698
2026-09-08 00:58:13,904 [INFO] Retrieved 1 Sales Center opportunities via portal for applicant 196126698
2026-09-08 00:58:14,148 [INFO] Retrieved 50 discussions via portal session for applicant 196851140
2026-09-08 00:58:14,514 [INFO] Retrieved 1 Sales Center opportunities via portal for applicant 196851140
2026-09-08 00:58:14,776 [INFO] Retrieved 50 discussions via portal session for applicant 197389903
2026-09-08 00:58:15,109 [INFO] Retrieved 1 Sales Center opportunities via portal for applicant 197389903
2026-09-08 00:58:15,414 [INFO] Retrieved 50 discussions via portal session for applicant 197891661
2026-09-08 00:58:15,781 [INFO] Retrieved 1 Sales Center opportunities via portal for applicant 197891661
2026-09-08 00:58:16,115 [INFO] Retrieved 50 discussions via portal session for applicant 197895504
2026-09-08 00:58:16,467 [INFO] Retrieved 1 Sales Center opportunities via portal for applicant 197895504
2026-09-08 00:58:16,733 [INFO] Retrieved 50 discussions via portal session for applicant 198604342
2026-09-08 00:58:17,085 [INFO] Retrieved 2 Sales Center opportunities via portal for applicant 198604342
2026-09-08 00:58:17,391 [INFO] Retrieved 50 discussions via portal session for applicant 198908859
2026-09-08 00:58:17,733 [INFO] Retrieved 1 Sales Center opportunities via portal for applicant 198908859
2026-09-08 00:58:18,033 [INFO] Retrieved 50 discussions via portal session for applicant 199395147
2026-09-08 00:58:18,364 [INFO] Retrieved 1 Sales Center opportunities via portal for applicant 199395147
2026-09-08 00:58:18,659 [INFO] Retrieved 50 discussions via portal session for applicant 199797602
2026-09-08 00:58:19,002 [INFO] Retrieved 1 Sales Center opportunities via portal for applicant 199797602
2026-09-08 00:58:19,308 [INFO] Retrieved 50 discussions via portal session for applicant 21587333
2026-09-08 00:58:19,645 [INFO] Retrieved 2 Sales Center opportunities via portal for applicant 21587333
2026-09-08 00:58:19,959 [INFO] Retrieved 50 discussions via portal session for applicant 21588091
2026-09-08 00:58:20,299 [INFO] Retrieved 1 Sales Center opportunities via portal for applicant 21588091
2026-09-08 00:58:20,564 [INFO] Retrieved 25 discussions via portal session for applicant 220250093
2026-09-08 00:58:20,900 [INFO] Retrieved 1 Sales Center opportunities via portal for applicant 220250093
2026-09-08 00:58:21,350 [INFO] Retrieved 50 discussions via portal session for applicant 25156187
2026-09-08 00:58:21,705 [INFO] Retrieved 1 Sales Center opportunities via portal for applicant 25156187
2026-09-08 00:58:22,079 [INFO] Retrieved 50 discussions via portal session for applicant 25721447
2026-09-08 00:58:22,409 [INFO] Retrieved 4 Sales Center opportunities via portal for applicant 25721447
2026-09-08 00:58:22,732 [INFO] Retrieved 50 discussions via portal session for applicant 26042781
2026-09-08 00:58:23,064 [INFO] Retrieved 2 Sales Center opportunities via portal for applicant 26042781
2026-09-08 00:58:23,410 [INFO] Retrieved 50 discussions via portal session for applicant 31439734
2026-09-08 00:58:24,134 [INFO] Retrieved 50 discussions via portal session for applicant 35209713
2026-09-08 00:58:24,462 [INFO] Retrieved 1 Sales Center opportunities via portal for applicant 35209713
2026-09-08 00:58:24,688 [INFO] Retrieved 50 discussions via portal session for applicant 54893172
2026-09-08 00:58:25,012 [INFO] Retrieved 7 Sales Center opportunities via portal for applicant 54893172
2026-09-08 00:58:25,316 [INFO] Retrieved 50 discussions via portal session for applicant 58768907
2026-09-08 00:58:25,672 [INFO] Retrieved 1 Sales Center opportunities via portal for applicant 58768907
2026-09-08 00:58:26,007 [INFO] Retrieved 50 discussions via portal session for applicant 58866127
2026-09-08 00:58:26,347 [INFO] Retrieved 1 Sales Center opportunities via portal for applicant 58866127
2026-09-08 00:58:26,662 [INFO] Retrieved 50 discussions via portal session for applicant 76858853
2026-09-08 00:58:26,976 [INFO] Retrieved 2 Sales Center opportunities via portal for applicant 76858853
2026-09-08 00:58:27,242 [INFO] Retrieved 50 discussions via portal session for applicant 79002334
2026-09-08 00:58:27,575 [INFO] Retrieved 1 Sales Center opportunities via portal for applicant 79002334
2026-09-08 00:58:27,820 [INFO] Retrieved 50 discussions via portal session for applicant 83571357
2026-09-08 00:58:28,786 [INFO] Retrieved 50 discussions via portal session for applicant 84705043
2026-09-08 00:58:29,125 [INFO] Retrieved 1 Sales Center opportunities via portal for applicant 84705043
2026-09-08 00:58:33,502 [INFO] Retrieved 50 discussions via portal session for applicant 95254866
2026-09-08 00:58:34,370 [INFO] Retrieved 50 discussions via portal session for applicant 99055770
2026-09-08 00:58:34,725 [INFO] Retrieved 1 Sales Center opportunities via portal for applicant 99055770
2026-09-08 00:58:34,985 [INFO] Retrieved 50 discussions via portal session for applicant 99340932
2026-09-08 00:58:38,386 [INFO] Retrieved 1 Sales Center opportunities via portal for applicant 99340932
{
  "applicants_scanned": 41,
  "applicant_ids": [
    "102351931",
    "143979332",
    "144897143",
    "145217363",
    "145834411",
    "148235525",
    "150751441",
    "151382204",
    "151445306",
    "157388228",
    "163863318",
    "173838508",
    "186333470",
    "193438339",
    "196126698",
    "196851140",
    "197389903",
    "197891661",
    "197895504",
    "198604342",
    "198908859",
    "199395147",
    "199797602",
    "21587333",
    "21588091",
    "220250093",
    "25156187",
    "25721447",
    "26042781",
    "31439734",
    "35209713",
    "54893172",
    "58768907",
    "58866127",
    "76858853",
    "79002334",
    "83571357",
    "84705043",
    "95254866",
    "99055770",
    "99340932"
  ],
  "dispatched": [],
  "errors": [],
  "dry_run": false
}
2026-09-08T00:58:38+00:00 finish robie call label watch rc=0
2026-09-08T01:03:01+00:00 start robie call label watch timeout=90s extra=
2026-09-08 01:03:03,021 [INFO] Retrieved 50 discussions via portal session for applicant 102351931
2026-09-08 01:03:03,534 [INFO] Successfully authenticated with Classic EZLynx API (EZToken issued).
2026-09-08 01:03:03,952 [INFO] Retrieved 1 Sales Center opportunities via portal for applicant 102351931
2026-09-08 01:03:04,202 [INFO] Retrieved 50 discussions via portal session for applicant 143979332
2026-09-08 01:03:05,035 [INFO] Retrieved 50 discussions via portal session for applicant 144897143
2026-09-08 01:03:05,381 [INFO] Retrieved 1 Sales Center opportunities via portal for applicant 144897143
2026-09-08 01:03:05,630 [INFO] Retrieved 50 discussions via portal session for applicant 145217363
2026-09-08 01:03:05,987 [INFO] Retrieved 1 Sales Center opportunities via portal for applicant 145217363
2026-09-08 01:03:06,273 [INFO] Retrieved 50 discussions via portal session for applicant 145834411
2026-09-08 01:03:06,627 [INFO] Retrieved 1 Sales Center opportunities via portal for applicant 145834411
2026-09-08 01:03:06,912 [INFO] Retrieved 50 discussions via portal session for applicant 148235525
2026-09-08 01:03:07,270 [INFO] Retrieved 2 Sales Center opportunities via portal for applicant 148235525
2026-09-08 01:03:07,588 [INFO] Retrieved 50 discussions via portal session for applicant 150751441
2026-09-08 01:03:07,956 [INFO] Retrieved 1 Sales Center opportunities via portal for applicant 150751441
2026-09-08 01:03:08,319 [INFO] Retrieved 50 discussions via portal session for applicant 151382204
2026-09-08 01:03:08,663 [INFO] Retrieved 1 Sales Center opportunities via portal for applicant 151382204
2026-09-08 01:03:08,958 [INFO] Retrieved 50 discussions via portal session for applicant 151445306
2026-09-08 01:03:09,296 [INFO] Retrieved 2 Sales Center opportunities via portal for applicant 151445306
2026-09-08 01:03:09,613 [INFO] Retrieved 50 discussions via portal session for applicant 157388228
2026-09-08 01:03:09,969 [INFO] Retrieved 1 Sales Center opportunities via portal for applicant 157388228
2026-09-08 01:03:10,358 [INFO] Retrieved 50 discussions via portal session for applicant 163863318
2026-09-08 01:03:10,718 [INFO] Retrieved 1 Sales Center opportunities via portal for applicant 163863318
2026-09-08 01:03:11,013 [INFO] Retrieved 50 discussions via portal session for applicant 173838508
2026-09-08 01:03:11,392 [INFO] Retrieved 1 Sales Center opportunities via portal for applicant 173838508
2026-09-08 01:03:11,673 [INFO] Retrieved 50 discussions via portal session for applicant 186333470
2026-09-08 01:03:12,011 [INFO] Retrieved 2 Sales Center opportunities via portal for applicant 186333470
2026-09-08 01:03:12,285 [INFO] Retrieved 50 discussions via portal session for applicant 193438339
2026-09-08 01:03:12,664 [INFO] Retrieved 1 Sales Center opportunities via portal for applicant 193438339
2026-09-08 01:03:12,956 [INFO] Retrieved 28 discussions via portal session for applicant 196126698
2026-09-08 01:03:13,290 [INFO] Retrieved 1 Sales Center opportunities via portal for applicant 196126698
2026-09-08 01:03:13,554 [INFO] Retrieved 50 discussions via portal session for applicant 196851140
2026-09-08 01:03:13,892 [INFO] Retrieved 1 Sales Center opportunities via portal for applicant 196851140
2026-09-08 01:03:14,140 [INFO] Retrieved 50 discussions via portal session for applicant 197389903
2026-09-08 01:03:14,507 [INFO] Retrieved 1 Sales Center opportunities via portal for applicant 197389903
2026-09-08 01:03:14,822 [INFO] Retrieved 50 discussions via portal session for applicant 197891661
2026-09-08 01:03:15,169 [INFO] Retrieved 1 Sales Center opportunities via portal for applicant 197891661
2026-09-08 01:03:15,492 [INFO] Retrieved 50 discussions via portal session for applicant 197895504
2026-09-08 01:03:15,858 [INFO] Retrieved 1 Sales Center opportunities via portal for applicant 197895504
2026-09-08 01:03:16,148 [INFO] Retrieved 50 discussions via portal session for applicant 198604342
2026-09-08 01:03:16,512 [INFO] Retrieved 2 Sales Center opportunities via portal for applicant 198604342
2026-09-08 01:03:16,799 [INFO] Retrieved 50 discussions via portal session for applicant 198908859
2026-09-08 01:03:17,176 [INFO] Retrieved 1 Sales Center opportunities via portal for applicant 198908859
2026-09-08 01:03:17,540 [INFO] Retrieved 50 discussions via portal session for applicant 199395147
2026-09-08 01:03:17,893 [INFO] Retrieved 1 Sales Center opportunities via portal for applicant 199395147
2026-09-08 01:03:18,177 [INFO] Retrieved 50 discussions via portal session for applicant 199797602
2026-09-08 01:03:18,521 [INFO] Retrieved 1 Sales Center opportunities via portal for applicant 199797602
2026-09-08 01:03:18,865 [INFO] Retrieved 50 discussions via portal session for applicant 21587333
2026-09-08 01:03:19,221 [INFO] Retrieved 2 Sales Center opportunities via portal for applicant 21587333
2026-09-08 01:03:19,534 [INFO] Retrieved 50 discussions via portal session for applicant 21588091
2026-09-08 01:03:19,879 [INFO] Retrieved 1 Sales Center opportunities via portal for applicant 21588091
2026-09-08 01:03:20,177 [INFO] Retrieved 25 discussions via portal session for applicant 220250093
2026-09-08 01:03:20,512 [INFO] Retrieved 1 Sales Center opportunities via portal for applicant 220250093
2026-09-08 01:03:20,937 [INFO] Retrieved 50 discussions via portal session for applicant 25156187
2026-09-08 01:03:21,360 [INFO] Retrieved 1 Sales Center opportunities via portal for applicant 25156187
2026-09-08 01:03:21,713 [INFO] Retrieved 50 discussions via portal session for applicant 25721447
2026-09-08 01:03:22,058 [INFO] Retrieved 4 Sales Center opportunities via portal for applicant 25721447
2026-09-08 01:03:22,371 [INFO] Retrieved 50 discussions via portal session for applicant 26042781
2026-09-08 01:03:22,719 [INFO] Retrieved 2 Sales Center opportunities via portal for applicant 26042781
2026-09-08 01:03:23,021 [INFO] Retrieved 50 discussions via portal session for applicant 31439734
2026-09-08 01:03:23,820 [INFO] Retrieved 50 discussions via portal session for applicant 35209713
2026-09-08 01:03:32,197 [INFO] Retrieved 1 Sales Center opportunities via portal for applicant 35209713
2026-09-08 01:03:32,542 [INFO] Retrieved 50 discussions via portal session for applicant 54893172
2026-09-08 01:03:33,016 [INFO] Retrieved 7 Sales Center opportunities via portal for applicant 54893172
2026-09-08 01:03:33,380 [INFO] Retrieved 50 discussions via portal session for applicant 58768907
2026-09-08 01:03:33,753 [INFO] Retrieved 1 Sales Center opportunities via portal for applicant 58768907
2026-09-08 01:03:34,094 [INFO] Retrieved 50 discussions via portal session for applicant 58866127
2026-09-08 01:03:34,446 [INFO] Retrieved 1 Sales Center opportunities via portal for applicant 58866127
2026-09-08 01:03:34,743 [INFO] Retrieved 50 discussions via portal session for applicant 76858853
2026-09-08 01:03:35,082 [INFO] Retrieved 2 Sales Center opportunities via portal for applicant 76858853
2026-09-08 01:03:35,355 [INFO] Retrieved 50 discussions via portal session for applicant 79002334
2026-09-08 01:03:35,739 [INFO] Retrieved 1 Sales Center opportunities via portal for applicant 79002334
2026-09-08 01:03:36,069 [INFO] Retrieved 50 discussions via portal session for applicant 83571357
2026-09-08 01:03:38,853 [INFO] Retrieved 50 discussions via portal session for applicant 84705043
2026-09-08 01:03:39,238 [INFO] Retrieved 1 Sales Center opportunities via portal for applicant 84705043
2026-09-08 01:03:39,514 [INFO] Retrieved 50 discussions via portal session for applicant 95254866
2026-09-08 01:03:40,440 [INFO] Retrieved 50 discussions via portal session for applicant 99055770
2026-09-08 01:03:40,812 [INFO] Retrieved 1 Sales Center opportunities via portal for applicant 99055770
2026-09-08 01:03:41,081 [INFO] Retrieved 50 discussions via portal session for applicant 99340932
2026-09-08 01:03:41,411 [INFO] Retrieved 1 Sales Center opportunities via portal for applicant 99340932
{
  "applicants_scanned": 41,
  "applicant_ids": [
    "102351931",
    "143979332",
    "144897143",
    "145217363",
    "145834411",
    "148235525",
    "150751441",
    "151382204",
    "151445306",
    "157388228",
    "163863318",
    "173838508",
    "186333470",
    "193438339",
    "196126698",
    "196851140",
    "197389903",
    "197891661",
    "197895504",
    "198604342",
    "198908859",
    "199395147",
    "199797602",
    "21587333",
    "21588091",
    "220250093",
    "25156187",
    "25721447",
    "26042781",
    "31439734",
    "35209713",
    "54893172",
    "58768907",
    "58866127",
    "76858853",
    "79002334",
    "83571357",
    "84705043",
    "95254866",
    "99055770",
    "99340932"
  ],
  "dispatched": [],
  "errors": [],
  "dry_run": false
}
2026-09-08T01:03:41+00:00 finish robie call label watch rc=0
2026-09-08T01:08:01+00:00 start robie call label watch timeout=90s extra=
usage: ezlynx_label_dispatcher.py [-h] [--applicant-id APPLICANT_ID]
                                  [--test-note TEST_NOTE] [--phone PHONE]
                                  [--dry-run]
ezlynx_label_dispatcher.py: error: unrecognized arguments: --scan-queue
2026-09-08T01:08:03+00:00 finish robie call label watch rc=2
2026-09-08T01:13:01+00:00 start robie call label watch timeout=90s extra=
usage: ezlynx_label_dispatcher.py [-h] [--applicant-id APPLICANT_ID]
                                  [--test-note TEST_NOTE] [--phone PHONE]
                                  [--dry-run]
ezlynx_label_dispatcher.py: error: unrecognized arguments: --scan-queue
2026-09-08T01:13:02+00:00 finish robie call label watch rc=2
2026-09-08T01:18:01+00:00 start robie call label watch timeout=90s extra=
usage: ezlynx_label_dispatcher.py [-h] [--applicant-id APPLICANT_ID]
                                  [--test-note TEST_NOTE] [--phone PHONE]
                                  [--dry-run]
ezlynx_label_dispatcher.py: error: unrecognized arguments: --scan-queue
2026-09-08T01:18:08+00:00 finish robie call label watch rc=2
2026-09-08T01:23:01+00:00 start robie call label watch timeout=90s extra=
usage: ezlynx_label_dispatcher.py [-h] [--applicant-id APPLICANT_ID]
                                  [--test-note TEST_NOTE] [--phone PHONE]
                                  [--dry-run]
ezlynx_label_dispatcher.py: error: unrecognized arguments: --scan-queue
2026-09-08T01:23:02+00:00 finish robie call label watch rc=2
2026-09-08T01:28:01+00:00 start robie call label watch timeout=90s extra=
usage: ezlynx_label_dispatcher.py [-h] [--applicant-id APPLICANT_ID]
                                  [--test-note TEST_NOTE] [--phone PHONE]
                                  [--dry-run]
ezlynx_label_dispatcher.py: error: unrecognized arguments: --scan-queue
2026-09-08T01:28:02+00:00 finish robie call label watch rc=2
2026-09-08T01:33:02+00:00 start robie call label watch timeout=90s extra=
usage: ezlynx_label_dispatcher.py [-h] [--applicant-id APPLICANT_ID]
                                  [--test-note TEST_NOTE] [--phone PHONE]
                                  [--dry-run]
ezlynx_label_dispatcher.py: error: unrecognized arguments: --scan-queue
2026-09-08T01:33:03+00:00 finish robie call label watch rc=2
2026-09-08T01:38:01+00:00 start robie call label watch timeout=90s extra=
usage: ezlynx_label_dispatcher.py [-h] [--applicant-id APPLICANT_ID]
                                  [--test-note TEST_NOTE] [--phone PHONE]
                                  [--dry-run]
ezlynx_label_dispatcher.py: error: unrecognized arguments: --scan-queue
2026-09-08T01:38:02+00:00 finish robie call label watch rc=2
2026-09-08T01:43:01+00:00 start robie call label watch timeout=90s extra=
usage: ezlynx_label_dispatcher.py [-h] [--applicant-id APPLICANT_ID]
                                  [--test-note TEST_NOTE] [--phone PHONE]
                                  [--dry-run]
ezlynx_label_dispatcher.py: error: unrecognized arguments: --scan-queue
2026-09-08T01:43:02+00:00 finish robie call label watch rc=2
2026-09-08T01:48:01+00:00 start robie call label watch timeout=90s extra=
usage: ezlynx_label_dispatcher.py [-h] [--applicant-id APPLICANT_ID]
                                  [--test-note TEST_NOTE] [--phone PHONE]
                                  [--dry-run]
ezlynx_label_dispatcher.py: error: unrecognized arguments: --scan-queue
2026-09-08T01:48:02+00:00 finish robie call label watch rc=2
2026-09-08T01:53:01+00:00 start robie call label watch timeout=90s extra=
usage: ezlynx_label_dispatcher.py [-h] [--applicant-id APPLICANT_ID]
                                  [--test-note TEST_NOTE] [--phone PHONE]
                                  [--dry-run]
ezlynx_label_dispatcher.py: error: unrecognized arguments: --scan-queue
2026-09-08T01:53:02+00:00 finish robie call label watch rc=2
2026-09-08T01:58:01+00:00 start robie call label watch timeout=90s extra=
usage: ezlynx_label_dispatcher.py [-h] [--applicant-id APPLICANT_ID]
                                  [--test-note TEST_NOTE] [--phone PHONE]
                                  [--dry-run]
ezlynx_label_dispatcher.py: error: unrecognized arguments: --scan-queue
2026-09-08T01:58:03+00:00 finish robie call label watch rc=2
2026-09-08T02:03:01+00:00 start robie call label watch timeout=90s extra=
usage: ezlynx_label_dispatcher.py [-h] [--applicant-id APPLICANT_ID]
                                  [--test-note TEST_NOTE] [--phone PHONE]
                                  [--dry-run]
ezlynx_label_dispatcher.py: error: unrecognized arguments: --scan-queue
2026-09-08T02:03:02+00:00 finish robie call label watch rc=2
2026-09-08T02:08:02+00:00 start robie call label watch timeout=90s extra=
usage: ezlynx_label_dispatcher.py [-h] [--applicant-id APPLICANT_ID]
                                  [--test-note TEST_NOTE] [--phone PHONE]
                                  [--dry-run]
ezlynx_label_dispatcher.py: error: unrecognized arguments: --scan-queue
2026-09-08T02:08:03+00:00 finish robie call label watch rc=2
2026-09-08T02:13:01+00:00 start robie call label watch timeout=90s extra=
usage: ezlynx_label_dispatcher.py [-h] [--applicant-id APPLICANT_ID]
                                  [--test-note TEST_NOTE] [--phone PHONE]
                                  [--dry-run]
ezlynx_label_dispatcher.py: error: unrecognized arguments: --scan-queue
2026-09-08T02:13:02+00:00 finish robie call label watch rc=2
2026-09-08T02:18:01+00:00 start robie call label watch timeout=90s extra=
usage: ezlynx_label_dispatcher.py [-h] [--applicant-id APPLICANT_ID]
                                  [--test-note TEST_NOTE] [--phone PHONE]
                                  [--dry-run]
ezlynx_label_dispatcher.py: error: unrecognized arguments: --scan-queue
2026-09-08T02:18:02+00:00 finish robie call label watch rc=2
2026-09-08T02:23:01+00:00 start robie call label watch timeout=90s extra=
usage: ezlynx_label_dispatcher.py [-h] [--applicant-id APPLICANT_ID]
                                  [--test-note TEST_NOTE] [--phone PHONE]
                                  [--dry-run]
ezlynx_label_dispatcher.py: error: unrecognized arguments: --scan-queue
2026-09-08T02:23:02+00:00 finish robie call label watch rc=2
2026-09-08T02:28:01+00:00 start robie call label watch timeout=90s extra=
usage: ezlynx_label_dispatcher.py [-h] [--applicant-id APPLICANT_ID]
                                  [--test-note TEST_NOTE] [--phone PHONE]
                                  [--dry-run]
ezlynx_label_dispatcher.py: error: unrecognized arguments: --scan-queue
2026-09-08T02:28:02+00:00 finish robie call label watch rc=2
2026-09-08T02:33:01+00:00 start robie call label watch timeout=90s extra=
usage: ezlynx_label_dispatcher.py [-h] [--applicant-id APPLICANT_ID]
                                  [--test-note TEST_NOTE] [--phone PHONE]
                                  [--dry-run]
ezlynx_label_dispatcher.py: error: unrecognized arguments: --scan-queue
2026-09-08T02:33:02+00:00 finish robie call label watch rc=2
2026-09-08T02:38:01+00:00 start robie call label watch timeout=90s extra=
usage: ezlynx_label_dispatcher.py [-h] [--applicant-id APPLICANT_ID]
                                  [--test-note TEST_NOTE] [--phone PHONE]
                                  [--dry-run]
ezlynx_label_dispatcher.py: error: unrecognized arguments: --scan-queue
2026-09-08T02:38:02+00:00 finish robie call label watch rc=2
2026-09-08T02:43:02+00:00 start robie call label watch timeout=90s extra=
usage: ezlynx_label_dispatcher.py [-h] [--applicant-id APPLICANT_ID]
                                  [--test-note TEST_NOTE] [--phone PHONE]
                                  [--dry-run]
ezlynx_label_dispatcher.py: error: unrecognized arguments: --scan-queue
2026-09-08T02:43:03+00:00 finish robie call label watch rc=2
2026-09-08T02:48:01+00:00 start robie call label watch timeout=90s extra=
usage: ezlynx_label_dispatcher.py [-h] [--applicant-id APPLICANT_ID]
                                  [--test-note TEST_NOTE] [--phone PHONE]
                                  [--dry-run]
ezlynx_label_dispatcher.py: error: unrecognized arguments: --scan-queue
2026-09-08T02:48:02+00:00 finish robie call label watch rc=2
2026-09-08T02:53:01+00:00 start robie call label watch timeout=90s extra=
usage: ezlynx_label_dispatcher.py [-h] [--applicant-id APPLICANT_ID]
                                  [--test-note TEST_NOTE] [--phone PHONE]
                                  [--dry-run]
ezlynx_label_dispatcher.py: error: unrecognized arguments: --scan-queue
2026-09-08T02:53:02+00:00 finish robie call label watch rc=2
2026-09-08T02:58:01+00:00 start robie call label watch timeout=90s extra=
usage: ezlynx_label_dispatcher.py [-h] [--applicant-id APPLICANT_ID]
                                  [--test-note TEST_NOTE] [--phone PHONE]
                                  [--dry-run]
ezlynx_label_dispatcher.py: error: unrecognized arguments: --scan-queue
2026-09-08T02:58:02+00:00 finish robie call label watch rc=2
2026-09-08T03:03:01+00:00 start robie call label watch timeout=90s extra=
usage: ezlynx_label_dispatcher.py [-h] [--applicant-id APPLICANT_ID]
                                  [--test-note TEST_NOTE] [--phone PHONE]
                                  [--dry-run]
ezlynx_label_dispatcher.py: error: unrecognized arguments: --scan-queue
2026-09-08T03:03:02+00:00 finish robie call label watch rc=2
2026-09-08T03:08:01+00:00 start robie call label watch timeout=90s extra=
usage: ezlynx_label_dispatcher.py [-h] [--applicant-id APPLICANT_ID]
                                  [--test-note TEST_NOTE] [--phone PHONE]
                                  [--dry-run]
ezlynx_label_dispatcher.py: error: unrecognized arguments: --scan-queue
2026-09-08T03:08:02+00:00 finish robie call label watch rc=2
2026-09-08T03:13:01+00:00 start robie call label watch timeout=90s extra=
usage: ezlynx_label_dispatcher.py [-h] [--applicant-id APPLICANT_ID]
                                  [--test-note TEST_NOTE] [--phone PHONE]
                                  [--dry-run]
ezlynx_label_dispatcher.py: error: unrecognized arguments: --scan-queue
2026-09-08T03:13:02+00:00 finish robie call label watch rc=2
2026-09-08T03:18:01+00:00 start robie call label watch timeout=90s extra=
usage: ezlynx_label_dispatcher.py [-h] [--applicant-id APPLICANT_ID]
                                  [--test-note TEST_NOTE] [--phone PHONE]
                                  [--dry-run]
ezlynx_label_dispatcher.py: error: unrecognized arguments: --scan-queue
2026-09-08T03:18:02+00:00 finish robie call label watch rc=2
2026-09-08T03:23:01+00:00 start robie call label watch timeout=90s extra=
usage: ezlynx_label_dispatcher.py [-h] [--applicant-id APPLICANT_ID]
                                  [--test-note TEST_NOTE] [--phone PHONE]
                                  [--dry-run]
ezlynx_label_dispatcher.py: error: unrecognized arguments: --scan-queue
2026-09-08T03:23:02+00:00 finish robie call label watch rc=2
2026-09-08T03:28:01+00:00 start robie call label watch timeout=90s extra=
usage: ezlynx_label_dispatcher.py [-h] [--applicant-id APPLICANT_ID]
                                  [--test-note TEST_NOTE] [--phone PHONE]
                                  [--dry-run]
ezlynx_label_dispatcher.py: error: unrecognized arguments: --scan-queue
2026-09-08T03:28:02+00:00 finish robie call label watch rc=2
2026-09-08T03:33:01+00:00 start robie call label watch timeout=90s extra=
usage: ezlynx_label_dispatcher.py [-h] [--applicant-id APPLICANT_ID]
                                  [--test-note TEST_NOTE] [--phone PHONE]
                                  [--dry-run]
ezlynx_label_dispatcher.py: error: unrecognized arguments: --scan-queue
2026-09-08T03:33:02+00:00 finish robie call label watch rc=2
2026-09-08T03:38:01+00:00 start robie call label watch timeout=90s extra=
usage: ezlynx_label_dispatcher.py [-h] [--applicant-id APPLICANT_ID]
                                  [--test-note TEST_NOTE] [--phone PHONE]
                                  [--dry-run]
ezlynx_label_dispatcher.py: error: unrecognized arguments: --scan-queue
2026-09-08T03:38:02+00:00 finish robie call label watch rc=2
2026-09-08T03:43:01+00:00 start robie call label watch timeout=90s extra=
usage: ezlynx_label_dispatcher.py [-h] [--applicant-id APPLICANT_ID]
                                  [--test-note TEST_NOTE] [--phone PHONE]
                                  [--dry-run]
ezlynx_label_dispatcher.py: error: unrecognized arguments: --scan-queue
2026-09-08T03:43:02+00:00 finish robie call label watch rc=2
2026-09-08T03:48:01+00:00 start robie call label watch timeout=90s extra=
usage: ezlynx_label_dispatcher.py [-h] [--applicant-id APPLICANT_ID]
                                  [--test-note TEST_NOTE] [--phone PHONE]
                                  [--dry-run]
ezlynx_label_dispatcher.py: error: unrecognized arguments: --scan-queue
2026-09-08T03:48:02+00:00 finish robie call label watch rc=2
2026-09-08T03:53:01+00:00 start robie call label watch timeout=90s extra=
usage: ezlynx_label_dispatcher.py [-h] [--applicant-id APPLICANT_ID]
                                  [--test-note TEST_NOTE] [--phone PHONE]
                                  [--dry-run]
ezlynx_label_dispatcher.py: error: unrecognized arguments: --scan-queue
2026-09-08T03:53:02+00:00 finish robie call label watch rc=2
2026-09-08T03:58:01+00:00 start robie call label watch timeout=90s extra=
usage: ezlynx_label_dispatcher.py [-h] [--applicant-id APPLICANT_ID]
                                  [--test-note TEST_NOTE] [--phone PHONE]
                                  [--dry-run]
ezlynx_label_dispatcher.py: error: unrecognized arguments: --scan-queue
2026-09-08T03:58:02+00:00 finish robie call label watch rc=2
2026-09-08T04:03:01+00:00 start robie call label watch timeout=90s extra=
usage: ezlynx_label_dispatcher.py [-h] [--applicant-id APPLICANT_ID]
                                  [--test-note TEST_NOTE] [--phone PHONE]
                                  [--dry-run]
ezlynx_label_dispatcher.py: error: unrecognized arguments: --scan-queue
2026-09-08T04:03:02+00:00 finish robie call label watch rc=2
2026-09-08T04:08:01+00:00 start robie call label watch timeout=90s extra=
usage: ezlynx_label_dispatcher.py [-h] [--applicant-id APPLICANT_ID]
                                  [--test-note TEST_NOTE] [--phone PHONE]
                                  [--dry-run]
ezlynx_label_dispatcher.py: error: unrecognized arguments: --scan-queue
2026-09-08T04:08:02+00:00 finish robie call label watch rc=2
2026-09-08T04:13:01+00:00 start robie call label watch timeout=90s extra=
usage: ezlynx_label_dispatcher.py [-h] [--applicant-id APPLICANT_ID]
                                  [--test-note TEST_NOTE] [--phone PHONE]
                                  [--dry-run]
ezlynx_label_dispatcher.py: error: unrecognized arguments: --scan-queue
2026-09-08T04:13:02+00:00 finish robie call label watch rc=2
2026-09-08T04:18:01+00:00 start robie call label watch timeout=90s extra=
usage: ezlynx_label_dispatcher.py [-h] [--applicant-id APPLICANT_ID]
                                  [--test-note TEST_NOTE] [--phone PHONE]
                                  [--dry-run]
ezlynx_label_dispatcher.py: error: unrecognized arguments: --scan-queue
2026-09-08T04:18:02+00:00 finish robie call label watch rc=2
2026-09-08T04:23:01+00:00 start robie call label watch timeout=90s extra=
usage: ezlynx_label_dispatcher.py [-h] [--applicant-id APPLICANT_ID]
                                  [--test-note TEST_NOTE] [--phone PHONE]
                                  [--dry-run]
ezlynx_label_dispatcher.py: error: unrecognized arguments: --scan-queue
2026-09-08T04:23:02+00:00 finish robie call label watch rc=2
2026-09-08T04:28:01+00:00 start robie call label watch timeout=90s extra=
usage: ezlynx_label_dispatcher.py [-h] [--applicant-id APPLICANT_ID]
                                  [--test-note TEST_NOTE] [--phone PHONE]
                                  [--dry-run]
ezlynx_label_dispatcher.py: error: unrecognized arguments: --scan-queue
2026-09-08T04:28:02+00:00 finish robie call label watch rc=2
2026-09-08T04:33:01+00:00 start robie call label watch timeout=90s extra=
usage: ezlynx_label_dispatcher.py [-h] [--applicant-id APPLICANT_ID]
                                  [--test-note TEST_NOTE] [--phone PHONE]
                                  [--dry-run]
ezlynx_label_dispatcher.py: error: unrecognized arguments: --scan-queue
2026-09-08T04:33:02+00:00 finish robie call label watch rc=2
2026-09-08T04:38:02+00:00 start robie call label watch timeout=90s extra=
usage: ezlynx_label_dispatcher.py [-h] [--applicant-id APPLICANT_ID]
                                  [--test-note TEST_NOTE] [--phone PHONE]
                                  [--dry-run]
ezlynx_label_dispatcher.py: error: unrecognized arguments: --scan-queue
2026-09-08T04:38:02+00:00 finish robie call label watch rc=2
2026-09-08T04:43:02+00:00 start robie call label watch timeout=90s extra=
usage: ezlynx_label_dispatcher.py [-h] [--applicant-id APPLICANT_ID]
                                  [--test-note TEST_NOTE] [--phone PHONE]
                                  [--dry-run]
ezlynx_label_dispatcher.py: error: unrecognized arguments: --scan-queue
2026-09-08T04:43:02+00:00 finish robie call label watch rc=2
2026-09-08T04:48:01+00:00 start robie call label watch timeout=90s extra=
usage: ezlynx_label_dispatcher.py [-h] [--applicant-id APPLICANT_ID]
                                  [--test-note TEST_NOTE] [--phone PHONE]
                                  [--dry-run]
ezlynx_label_dispatcher.py: error: unrecognized arguments: --scan-queue
2026-09-08T04:48:02+00:00 finish robie call label watch rc=2
2026-09-08T04:53:01+00:00 start robie call label watch timeout=90s extra=
usage: ezlynx_label_dispatcher.py [-h] [--applicant-id APPLICANT_ID]
                                  [--test-note TEST_NOTE] [--phone PHONE]
                                  [--dry-run]
ezlynx_label_dispatcher.py: error: unrecognized arguments: --scan-queue
2026-09-08T04:53:02+00:00 finish robie call label watch rc=2
2026-09-08T04:58:01+00:00 start robie call label watch timeout=90s extra=
usage: ezlynx_label_dispatcher.py [-h] [--applicant-id APPLICANT_ID]
                                  [--test-note TEST_NOTE] [--phone PHONE]
                                  [--dry-run]
ezlynx_label_dispatcher.py: error: unrecognized arguments: --scan-queue
2026-09-08T04:58:02+00:00 finish robie call label watch rc=2
2026-09-08T05:03:01+00:00 start robie call label watch timeout=90s extra=
usage: ezlynx_label_dispatcher.py [-h] [--applicant-id APPLICANT_ID]
                                  [--test-note TEST_NOTE] [--phone PHONE]
                                  [--dry-run]
ezlynx_label_dispatcher.py: error: unrecognized arguments: --scan-queue
2026-09-08T05:03:02+00:00 finish robie call label watch rc=2
2026-09-08T05:08:02+00:00 start robie call label watch timeout=90s extra=
usage: ezlynx_label_dispatcher.py [-h] [--applicant-id APPLICANT_ID]
                                  [--test-note TEST_NOTE] [--phone PHONE]
                                  [--dry-run]
ezlynx_label_dispatcher.py: error: unrecognized arguments: --scan-queue
2026-09-08T05:08:02+00:00 finish robie call label watch rc=2
2026-09-08T05:13:02+00:00 start robie call label watch timeout=90s extra=
usage: ezlynx_label_dispatcher.py [-h] [--applicant-id APPLICANT_ID]
                                  [--test-note TEST_NOTE] [--phone PHONE]
                                  [--dry-run]
ezlynx_label_dispatcher.py: error: unrecognized arguments: --scan-queue
2026-09-08T05:13:03+00:00 finish robie call label watch rc=2
2026-09-08T05:18:01+00:00 start robie call label watch timeout=90s extra=
usage: ezlynx_label_dispatcher.py [-h] [--applicant-id APPLICANT_ID]
                                  [--test-note TEST_NOTE] [--phone PHONE]
                                  [--dry-run]
ezlynx_label_dispatcher.py: error: unrecognized arguments: --scan-queue
2026-09-08T05:18:02+00:00 finish robie call label watch rc=2
2026-09-08T05:23:01+00:00 start robie call label watch timeout=90s extra=
usage: ezlynx_label_dispatcher.py [-h] [--applicant-id APPLICANT_ID]
                                  [--test-note TEST_NOTE] [--phone PHONE]
                                  [--dry-run]
ezlynx_label_dispatcher.py: error: unrecognized arguments: --scan-queue
2026-09-08T05:23:02+00:00 finish robie call label watch rc=2
2026-09-08T05:28:01+00:00 start robie call label watch timeout=90s extra=
usage: ezlynx_label_dispatcher.py [-h] [--applicant-id APPLICANT_ID]
                                  [--test-note TEST_NOTE] [--phone PHONE]
                                  [--dry-run]
ezlynx_label_dispatcher.py: error: unrecognized arguments: --scan-queue
2026-09-08T05:28:02+00:00 finish robie call label watch rc=2
2026-09-08T05:33:01+00:00 start robie call label watch timeout=90s extra=
usage: ezlynx_label_dispatcher.py [-h] [--applicant-id APPLICANT_ID]
                                  [--test-note TEST_NOTE] [--phone PHONE]
                                  [--dry-run]
ezlynx_label_dispatcher.py: error: unrecognized arguments: --scan-queue
2026-09-08T05:33:02+00:00 finish robie call label watch rc=2
2026-09-08T05:38:01+00:00 start robie call label watch timeout=90s extra=
usage: ezlynx_label_dispatcher.py [-h] [--applicant-id APPLICANT_ID]
                                  [--test-note TEST_NOTE] [--phone PHONE]
                                  [--dry-run]
ezlynx_label_dispatcher.py: error: unrecognized arguments: --scan-queue
2026-09-08T05:38:02+00:00 finish robie call label watch rc=2
2026-09-08T05:43:01+00:00 start robie call label watch timeout=90s extra=
usage: ezlynx_label_dispatcher.py [-h] [--applicant-id APPLICANT_ID]
                                  [--test-note TEST_NOTE] [--phone PHONE]
                                  [--dry-run]
ezlynx_label_dispatcher.py: error: unrecognized arguments: --scan-queue
2026-09-08T05:43:02+00:00 finish robie call label watch rc=2
2026-09-08T05:48:01+00:00 start robie call label watch timeout=90s extra=
usage: ezlynx_label_dispatcher.py [-h] [--applicant-id APPLICANT_ID]
                                  [--test-note TEST_NOTE] [--phone PHONE]
                                  [--dry-run]
ezlynx_label_dispatcher.py: error: unrecognized arguments: --scan-queue
2026-09-08T05:48:02+00:00 finish robie call label watch rc=2
2026-09-08T05:53:01+00:00 start robie call label watch timeout=90s extra=
usage: ezlynx_label_dispatcher.py [-h] [--applicant-id APPLICANT_ID]
                                  [--test-note TEST_NOTE] [--phone PHONE]
                                  [--dry-run]
ezlynx_label_dispatcher.py: error: unrecognized arguments: --scan-queue
2026-09-08T05:53:02+00:00 finish robie call label watch rc=2
2026-09-08T05:58:01+00:00 start robie call label watch timeout=90s extra=
usage: ezlynx_label_dispatcher.py [-h] [--applicant-id APPLICANT_ID]
                                  [--test-note TEST_NOTE] [--phone PHONE]
                                  [--dry-run]
ezlynx_label_dispatcher.py: error: unrecognized arguments: --scan-queue
2026-09-08T05:58:02+00:00 finish robie call label watch rc=2
2026-09-08T06:03:01+00:00 start robie call label watch timeout=90s extra=
usage: ezlynx_label_dispatcher.py [-h] [--applicant-id APPLICANT_ID]
                                  [--test-note TEST_NOTE] [--phone PHONE]
                                  [--dry-run]
ezlynx_label_dispatcher.py: error: unrecognized arguments: --scan-queue
2026-09-08T06:03:02+00:00 finish robie call label watch rc=2
2026-09-08T06:08:01+00:00 start robie call label watch timeout=90s extra=
usage: ezlynx_label_dispatcher.py [-h] [--applicant-id APPLICANT_ID]
                                  [--test-note TEST_NOTE] [--phone PHONE]
                                  [--dry-run]
ezlynx_label_dispatcher.py: error: unrecognized arguments: --scan-queue
2026-09-08T06:08:02+00:00 finish robie call label watch rc=2
2026-09-08T06:13:01+00:00 start robie call label watch timeout=90s extra=
usage: ezlynx_label_dispatcher.py [-h] [--applicant-id APPLICANT_ID]
                                  [--test-note TEST_NOTE] [--phone PHONE]
                                  [--dry-run]
ezlynx_label_dispatcher.py: error: unrecognized arguments: --scan-queue
2026-09-08T06:13:02+00:00 finish robie call label watch rc=2
2026-09-08T06:18:01+00:00 start robie call label watch timeout=90s extra=
usage: ezlynx_label_dispatcher.py [-h] [--applicant-id APPLICANT_ID]
                                  [--test-note TEST_NOTE] [--phone PHONE]
                                  [--dry-run]
ezlynx_label_dispatcher.py: error: unrecognized arguments: --scan-queue
2026-09-08T06:18:02+00:00 finish robie call label watch rc=2
2026-09-08T06:23:02+00:00 start robie call label watch timeout=90s extra=
usage: ezlynx_label_dispatcher.py [-h] [--applicant-id APPLICANT_ID]
                                  [--test-note TEST_NOTE] [--phone PHONE]
                                  [--dry-run]
ezlynx_label_dispatcher.py: error: unrecognized arguments: --scan-queue
2026-09-08T06:23:02+00:00 finish robie call label watch rc=2
2026-09-08T06:28:01+00:00 start robie call label watch timeout=90s extra=
usage: ezlynx_label_dispatcher.py [-h] [--applicant-id APPLICANT_ID]
                                  [--test-note TEST_NOTE] [--phone PHONE]
                                  [--dry-run]
ezlynx_label_dispatcher.py: error: unrecognized arguments: --scan-queue
2026-09-08T06:28:02+00:00 finish robie call label watch rc=2
2026-09-08T06:33:01+00:00 start robie call label watch timeout=90s extra=
usage: ezlynx_label_dispatcher.py [-h] [--applicant-id APPLICANT_ID]
                                  [--test-note TEST_NOTE] [--phone PHONE]
                                  [--dry-run]
ezlynx_label_dispatcher.py: error: unrecognized arguments: --scan-queue
2026-09-08T06:33:02+00:00 finish robie call label watch rc=2
2026-09-08T06:38:01+00:00 start robie call label watch timeout=90s extra=
usage: ezlynx_label_dispatcher.py [-h] [--applicant-id APPLICANT_ID]
                                  [--test-note TEST_NOTE] [--phone PHONE]
                                  [--dry-run]
ezlynx_label_dispatcher.py: error: unrecognized arguments: --scan-queue
2026-09-08T06:38:02+00:00 finish robie call label watch rc=2
2026-09-08T06:43:01+00:00 start robie call label watch timeout=90s extra=
usage: ezlynx_label_dispatcher.py [-h] [--applicant-id APPLICANT_ID]
                                  [--test-note TEST_NOTE] [--phone PHONE]
                                  [--dry-run]
ezlynx_label_dispatcher.py: error: unrecognized arguments: --scan-queue
2026-09-08T06:43:02+00:00 finish robie call label watch rc=2
2026-09-08T06:48:01+00:00 start robie call label watch timeout=90s extra=
usage: ezlynx_label_dispatcher.py [-h] [--applicant-id APPLICANT_ID]
                                  [--test-note TEST_NOTE] [--phone PHONE]
                                  [--dry-run]
ezlynx_label_dispatcher.py: error: unrecognized arguments: --scan-queue
2026-09-08T06:48:02+00:00 finish robie call label watch rc=2
2026-09-08T06:53:01+00:00 start robie call label watch timeout=90s extra=
usage: ezlynx_label_dispatcher.py [-h] [--applicant-id APPLICANT_ID]
                                  [--test-note TEST_NOTE] [--phone PHONE]
                                  [--dry-run]
ezlynx_label_dispatcher.py: error: unrecognized arguments: --scan-queue
2026-09-08T06:53:02+00:00 finish robie call label watch rc=2
2026-09-08T06:58:01+00:00 start robie call label watch timeout=90s extra=
usage: ezlynx_label_dispatcher.py [-h] [--applicant-id APPLICANT_ID]
                                  [--test-note TEST_NOTE] [--phone PHONE]
                                  [--dry-run]
ezlynx_label_dispatcher.py: error: unrecognized arguments: --scan-queue
2026-09-08T06:58:02+00:00 finish robie call label watch rc=2
2026-09-08T07:03:01+00:00 start robie call label watch timeout=90s extra=
usage: ezlynx_label_dispatcher.py [-h] [--applicant-id APPLICANT_ID]
                                  [--test-note TEST_NOTE] [--phone PHONE]
                                  [--dry-run]
ezlynx_label_dispatcher.py: error: unrecognized arguments: --scan-queue
2026-09-08T07:03:02+00:00 finish robie call label watch rc=2
2026-09-08T07:08:01+00:00 start robie call label watch timeout=90s extra=
usage: ezlynx_label_dispatcher.py [-h] [--applicant-id APPLICANT_ID]
                                  [--test-note TEST_NOTE] [--phone PHONE]
                                  [--dry-run]
ezlynx_label_dispatcher.py: error: unrecognized arguments: --scan-queue
2026-09-08T07:08:02+00:00 finish robie call label watch rc=2
2026-09-08T07:13:01+00:00 start robie call label watch timeout=90s extra=
usage: ezlynx_label_dispatcher.py [-h] [--applicant-id APPLICANT_ID]
                                  [--test-note TEST_NOTE] [--phone PHONE]
                                  [--dry-run]
ezlynx_label_dispatcher.py: error: unrecognized arguments: --scan-queue
2026-09-08T07:13:02+00:00 finish robie call label watch rc=2
2026-09-08T07:18:02+00:00 start robie call label watch timeout=90s extra=
usage: ezlynx_label_dispatcher.py [-h] [--applicant-id APPLICANT_ID]
                                  [--test-note TEST_NOTE] [--phone PHONE]
                                  [--dry-run]
ezlynx_label_dispatcher.py: error: unrecognized arguments: --scan-queue
2026-09-08T07:18:03+00:00 finish robie call label watch rc=2
2026-09-08T07:23:01+00:00 start robie call label watch timeout=90s extra=
usage: ezlynx_label_dispatcher.py [-h] [--applicant-id APPLICANT_ID]
                                  [--test-note TEST_NOTE] [--phone PHONE]
                                  [--dry-run]
ezlynx_label_dispatcher.py: error: unrecognized arguments: --scan-queue
2026-09-08T07:23:02+00:00 finish robie call label watch rc=2
2026-09-08T07:28:01+00:00 start robie call label watch timeout=90s extra=
usage: ezlynx_label_dispatcher.py [-h] [--applicant-id APPLICANT_ID]
                                  [--test-note TEST_NOTE] [--phone PHONE]
                                  [--dry-run]
ezlynx_label_dispatcher.py: error: unrecognized arguments: --scan-queue
2026-09-08T07:28:02+00:00 finish robie call label watch rc=2
2026-09-08T07:33:01+00:00 start robie call label watch timeout=90s extra=
usage: ezlynx_label_dispatcher.py [-h] [--applicant-id APPLICANT_ID]
                                  [--test-note TEST_NOTE] [--phone PHONE]
                                  [--dry-run]
ezlynx_label_dispatcher.py: error: unrecognized arguments: --scan-queue
2026-09-08T07:33:02+00:00 finish robie call label watch rc=2
2026-09-08T07:38:01+00:00 start robie call label watch timeout=90s extra=
usage: ezlynx_label_dispatcher.py [-h] [--applicant-id APPLICANT_ID]
                                  [--test-note TEST_NOTE] [--phone PHONE]
                                  [--dry-run]
ezlynx_label_dispatcher.py: error: unrecognized arguments: --scan-queue
2026-09-08T07:38:02+00:00 finish robie call label watch rc=2
2026-09-08T07:43:01+00:00 start robie call label watch timeout=90s extra=
usage: ezlynx_label_dispatcher.py [-h] [--applicant-id APPLICANT_ID]
                                  [--test-note TEST_NOTE] [--phone PHONE]
                                  [--dry-run]
ezlynx_label_dispatcher.py: error: unrecognized arguments: --scan-queue
2026-09-08T07:43:02+00:00 finish robie call label watch rc=2
2026-09-08T07:48:01+00:00 start robie call label watch timeout=90s extra=
usage: ezlynx_label_dispatcher.py [-h] [--applicant-id APPLICANT_ID]
                                  [--test-note TEST_NOTE] [--phone PHONE]
                                  [--dry-run]
ezlynx_label_dispatcher.py: error: unrecognized arguments: --scan-queue
2026-09-08T07:48:02+00:00 finish robie call label watch rc=2
2026-09-08T07:53:01+00:00 start robie call label watch timeout=90s extra=
usage: ezlynx_label_dispatcher.py [-h] [--applicant-id APPLICANT_ID]
                                  [--test-note TEST_NOTE] [--phone PHONE]
                                  [--dry-run]
ezlynx_label_dispatcher.py: error: unrecognized arguments: --scan-queue
2026-09-08T07:53:02+00:00 finish robie call label watch rc=2
2026-09-08T07:58:01+00:00 start robie call label watch timeout=90s extra=
usage: ezlynx_label_dispatcher.py [-h] [--applicant-id APPLICANT_ID]
                                  [--test-note TEST_NOTE] [--phone PHONE]
                                  [--dry-run]
ezlynx_label_dispatcher.py: error: unrecognized arguments: --scan-queue
2026-09-08T07:58:02+00:00 finish robie call label watch rc=2
2026-09-08T08:03:01+00:00 start robie call label watch timeout=90s extra=
usage: ezlynx_label_dispatcher.py [-h] [--applicant-id APPLICANT_ID]
                                  [--test-note TEST_NOTE] [--phone PHONE]
                                  [--dry-run]
ezlynx_label_dispatcher.py: error: unrecognized arguments: --scan-queue
2026-09-08T08:03:02+00:00 finish robie call label watch rc=2
2026-09-08T08:08:01+00:00 start robie call label watch timeout=90s extra=
usage: ezlynx_label_dispatcher.py [-h] [--applicant-id APPLICANT_ID]
                                  [--test-note TEST_NOTE] [--phone PHONE]
                                  [--dry-run]
ezlynx_label_dispatcher.py: error: unrecognized arguments: --scan-queue
2026-09-08T08:08:02+00:00 finish robie call label watch rc=2
2026-09-08T08:13:01+00:00 start robie call label watch timeout=90s extra=
usage: ezlynx_label_dispatcher.py [-h] [--applicant-id APPLICANT_ID]
                                  [--test-note TEST_NOTE] [--phone PHONE]
                                  [--dry-run]
ezlynx_label_dispatcher.py: error: unrecognized arguments: --scan-queue
2026-09-08T08:13:02+00:00 finish robie call label watch rc=2
2026-09-08T08:18:01+00:00 start robie call label watch timeout=90s extra=
usage: ezlynx_label_dispatcher.py [-h] [--applicant-id APPLICANT_ID]
                                  [--test-note TEST_NOTE] [--phone PHONE]
                                  [--dry-run]
ezlynx_label_dispatcher.py: error: unrecognized arguments: --scan-queue
2026-09-08T08:18:02+00:00 finish robie call label watch rc=2
2026-09-08T08:23:02+00:00 start robie call label watch timeout=90s extra=
usage: ezlynx_label_dispatcher.py [-h] [--applicant-id APPLICANT_ID]
                                  [--test-note TEST_NOTE] [--phone PHONE]
                                  [--dry-run]
ezlynx_label_dispatcher.py: error: unrecognized arguments: --scan-queue
2026-09-08T08:23:02+00:00 finish robie call label watch rc=2
2026-09-08T08:28:02+00:00 start robie call label watch timeout=90s extra=
usage: ezlynx_label_dispatcher.py [-h] [--applicant-id APPLICANT_ID]
                                  [--test-note TEST_NOTE] [--phone PHONE]
                                  [--dry-run]
ezlynx_label_dispatcher.py: error: unrecognized arguments: --scan-queue
2026-09-08T08:28:03+00:00 finish robie call label watch rc=2
2026-09-08T08:33:01+00:00 start robie call label watch timeout=90s extra=
usage: ezlynx_label_dispatcher.py [-h] [--applicant-id APPLICANT_ID]
                                  [--test-note TEST_NOTE] [--phone PHONE]
                                  [--dry-run]
ezlynx_label_dispatcher.py: error: unrecognized arguments: --scan-queue
2026-09-08T08:33:02+00:00 finish robie call label watch rc=2
2026-09-08T08:38:01+00:00 start robie call label watch timeout=90s extra=
usage: ezlynx_label_dispatcher.py [-h] [--applicant-id APPLICANT_ID]
                                  [--test-note TEST_NOTE] [--phone PHONE]
                                  [--dry-run]
ezlynx_label_dispatcher.py: error: unrecognized arguments: --scan-queue
2026-09-08T08:38:02+00:00 finish robie call label watch rc=2
2026-09-08T08:43:01+00:00 start robie call label watch timeout=90s extra=
usage: ezlynx_label_dispatcher.py [-h] [--applicant-id APPLICANT_ID]
                                  [--test-note TEST_NOTE] [--phone PHONE]
                                  [--dry-run]
ezlynx_label_dispatcher.py: error: unrecognized arguments: --scan-queue
2026-09-08T08:43:02+00:00 finish robie call label watch rc=2
2026-09-08T08:48:01+00:00 start robie call label watch timeout=90s extra=
usage: ezlynx_label_dispatcher.py [-h] [--applicant-id APPLICANT_ID]
                                  [--test-note TEST_NOTE] [--phone PHONE]
                                  [--dry-run]
ezlynx_label_dispatcher.py: error: unrecognized arguments: --scan-queue
2026-09-08T08:48:02+00:00 finish robie call label watch rc=2
2026-09-08T08:53:01+00:00 start robie call label watch timeout=90s extra=
usage: ezlynx_label_dispatcher.py [-h] [--applicant-id APPLICANT_ID]
                                  [--test-note TEST_NOTE] [--phone PHONE]
                                  [--dry-run]
ezlynx_label_dispatcher.py: error: unrecognized arguments: --scan-queue
2026-09-08T08:53:02+00:00 finish robie call label watch rc=2
2026-09-08T08:58:01+00:00 start robie call label watch timeout=90s extra=
usage: ezlynx_label_dispatcher.py [-h] [--applicant-id APPLICANT_ID]
                                  [--test-note TEST_NOTE] [--phone PHONE]
                                  [--dry-run]
ezlynx_label_dispatcher.py: error: unrecognized arguments: --scan-queue
2026-09-08T08:58:02+00:00 finish robie call label watch rc=2
2026-09-08T09:03:01+00:00 start robie call label watch timeout=90s extra=
usage: ezlynx_label_dispatcher.py [-h] [--applicant-id APPLICANT_ID]
                                  [--test-note TEST_NOTE] [--phone PHONE]
                                  [--dry-run]
ezlynx_label_dispatcher.py: error: unrecognized arguments: --scan-queue
2026-09-08T09:03:02+00:00 finish robie call label watch rc=2
2026-09-08T09:08:01+00:00 start robie call label watch timeout=90s extra=
usage: ezlynx_label_dispatcher.py [-h] [--applicant-id APPLICANT_ID]
                                  [--test-note TEST_NOTE] [--phone PHONE]
                                  [--dry-run]
ezlynx_label_dispatcher.py: error: unrecognized arguments: --scan-queue
2026-09-08T09:08:02+00:00 finish robie call label watch rc=2
2026-09-08T09:13:01+00:00 start robie call label watch timeout=90s extra=
usage: ezlynx_label_dispatcher.py [-h] [--applicant-id APPLICANT_ID]
                                  [--test-note TEST_NOTE] [--phone PHONE]
                                  [--dry-run]
ezlynx_label_dispatcher.py: error: unrecognized arguments: --scan-queue
2026-09-08T09:13:02+00:00 finish robie call label watch rc=2
2026-09-08T09:18:02+00:00 start robie call label watch timeout=90s extra=
usage: ezlynx_label_dispatcher.py [-h] [--applicant-id APPLICANT_ID]
                                  [--test-note TEST_NOTE] [--phone PHONE]
                                  [--dry-run]
ezlynx_label_dispatcher.py: error: unrecognized arguments: --scan-queue
2026-09-08T09:18:03+00:00 finish robie call label watch rc=2
2026-09-08T09:23:01+00:00 start robie call label watch timeout=90s extra=
usage: ezlynx_label_dispatcher.py [-h] [--applicant-id APPLICANT_ID]
                                  [--test-note TEST_NOTE] [--phone PHONE]
                                  [--dry-run]
ezlynx_label_dispatcher.py: error: unrecognized arguments: --scan-queue
2026-09-08T09:23:02+00:00 finish robie call label watch rc=2
2026-09-08T09:28:01+00:00 start robie call label watch timeout=90s extra=
usage: ezlynx_label_dispatcher.py [-h] [--applicant-id APPLICANT_ID]
                                  [--test-note TEST_NOTE] [--phone PHONE]
                                  [--dry-run]
ezlynx_label_dispatcher.py: error: unrecognized arguments: --scan-queue
2026-09-08T09:28:02+00:00 finish robie call label watch rc=2
2026-09-08T09:33:01+00:00 start robie call label watch timeout=90s extra=
usage: ezlynx_label_dispatcher.py [-h] [--applicant-id APPLICANT_ID]
                                  [--test-note TEST_NOTE] [--phone PHONE]
                                  [--dry-run]
ezlynx_label_dispatcher.py: error: unrecognized arguments: --scan-queue
2026-09-08T09:33:02+00:00 finish robie call label watch rc=2
2026-09-08T09:38:01+00:00 start robie call label watch timeout=90s extra=
usage: ezlynx_label_dispatcher.py [-h] [--applicant-id APPLICANT_ID]
                                  [--test-note TEST_NOTE] [--phone PHONE]
                                  [--dry-run]
ezlynx_label_dispatcher.py: error: unrecognized arguments: --scan-queue
2026-09-08T09:38:02+00:00 finish robie call label watch rc=2
2026-09-08T09:43:01+00:00 start robie call label watch timeout=90s extra=
usage: ezlynx_label_dispatcher.py [-h] [--applicant-id APPLICANT_ID]
                                  [--test-note TEST_NOTE] [--phone PHONE]
                                  [--dry-run]
ezlynx_label_dispatcher.py: error: unrecognized arguments: --scan-queue
2026-09-08T09:43:02+00:00 finish robie call label watch rc=2
2026-09-08T09:48:01+00:00 start robie call label watch timeout=90s extra=
usage: ezlynx_label_dispatcher.py [-h] [--applicant-id APPLICANT_ID]
                                  [--test-note TEST_NOTE] [--phone PHONE]
                                  [--dry-run]
ezlynx_label_dispatcher.py: error: unrecognized arguments: --scan-queue
2026-09-08T09:48:02+00:00 finish robie call label watch rc=2
2026-09-08T09:53:01+00:00 start robie call label watch timeout=90s extra=
usage: ezlynx_label_dispatcher.py [-h] [--applicant-id APPLICANT_ID]
                                  [--test-note TEST_NOTE] [--phone PHONE]
                                  [--dry-run]
ezlynx_label_dispatcher.py: error: unrecognized arguments: --scan-queue
2026-09-08T09:53:02+00:00 finish robie call label watch rc=2
2026-09-08T09:58:01+00:00 start robie call label watch timeout=90s extra=
usage: ezlynx_label_dispatcher.py [-h] [--applicant-id APPLICANT_ID]
                                  [--test-note TEST_NOTE] [--phone PHONE]
                                  [--dry-run]
ezlynx_label_dispatcher.py: error: unrecognized arguments: --scan-queue
2026-09-08T09:58:02+00:00 finish robie call label watch rc=2
2026-09-08T10:03:01+00:00 start robie call label watch timeout=90s extra=
usage: ezlynx_label_dispatcher.py [-h] [--applicant-id APPLICANT_ID]
                                  [--test-note TEST_NOTE] [--phone PHONE]
                                  [--dry-run]
ezlynx_label_dispatcher.py: error: unrecognized arguments: --scan-queue
2026-09-08T10:03:02+00:00 finish robie call label watch rc=2
2026-09-08T10:08:01+00:00 start robie call label watch timeout=90s extra=
usage: ezlynx_label_dispatcher.py [-h] [--applicant-id APPLICANT_ID]
                                  [--test-note TEST_NOTE] [--phone PHONE]
                                  [--dry-run]
ezlynx_label_dispatcher.py: error: unrecognized arguments: --scan-queue
2026-09-08T10:08:02+00:00 finish robie call label watch rc=2
2026-09-08T10:13:01+00:00 start robie call label watch timeout=90s extra=
usage: ezlynx_label_dispatcher.py [-h] [--applicant-id APPLICANT_ID]
                                  [--test-note TEST_NOTE] [--phone PHONE]
                                  [--dry-run]
ezlynx_label_dispatcher.py: error: unrecognized arguments: --scan-queue
2026-09-08T10:13:02+00:00 finish robie call label watch rc=2
2026-09-08T10:18:02+00:00 start robie call label watch timeout=90s extra=
usage: ezlynx_label_dispatcher.py [-h] [--applicant-id APPLICANT_ID]
                                  [--test-note TEST_NOTE] [--phone PHONE]
                                  [--dry-run]
ezlynx_label_dispatcher.py: error: unrecognized arguments: --scan-queue
2026-09-08T10:18:03+00:00 finish robie call label watch rc=2
2026-09-08T10:23:01+00:00 start robie call label watch timeout=90s extra=
usage: ezlynx_label_dispatcher.py [-h] [--applicant-id APPLICANT_ID]
                                  [--test-note TEST_NOTE] [--phone PHONE]
                                  [--dry-run]
ezlynx_label_dispatcher.py: error: unrecognized arguments: --scan-queue
2026-09-08T10:23:02+00:00 finish robie call label watch rc=2
2026-09-08T10:28:01+00:00 start robie call label watch timeout=90s extra=
usage: ezlynx_label_dispatcher.py [-h] [--applicant-id APPLICANT_ID]
                                  [--test-note TEST_NOTE] [--phone PHONE]
                                  [--dry-run]
ezlynx_label_dispatcher.py: error: unrecognized arguments: --scan-queue
2026-09-08T10:28:02+00:00 finish robie call label watch rc=2
2026-09-08T10:33:01+00:00 start robie call label watch timeout=90s extra=
usage: ezlynx_label_dispatcher.py [-h] [--applicant-id APPLICANT_ID]
                                  [--test-note TEST_NOTE] [--phone PHONE]
                                  [--dry-run]
ezlynx_label_dispatcher.py: error: unrecognized arguments: --scan-queue
2026-09-08T10:33:02+00:00 finish robie call label watch rc=2
2026-09-08T10:38:01+00:00 start robie call label watch timeout=90s extra=
usage: ezlynx_label_dispatcher.py [-h] [--applicant-id APPLICANT_ID]
                                  [--test-note TEST_NOTE] [--phone PHONE]
                                  [--dry-run]
ezlynx_label_dispatcher.py: error: unrecognized arguments: --scan-queue
2026-09-08T10:38:02+00:00 finish robie call label watch rc=2
2026-09-08T10:43:01+00:00 start robie call label watch timeout=90s extra=
usage: ezlynx_label_dispatcher.py [-h] [--applicant-id APPLICANT_ID]
                                  [--test-note TEST_NOTE] [--phone PHONE]
                                  [--dry-run]
ezlynx_label_dispatcher.py: error: unrecognized arguments: --scan-queue
2026-09-08T10:43:02+00:00 finish robie call label watch rc=2
2026-09-08T10:48:01+00:00 start robie call label watch timeout=90s extra=
usage: ezlynx_label_dispatcher.py [-h] [--applicant-id APPLICANT_ID]
                                  [--test-note TEST_NOTE] [--phone PHONE]
                                  [--dry-run]
ezlynx_label_dispatcher.py: error: unrecognized arguments: --scan-queue
2026-09-08T10:48:02+00:00 finish robie call label watch rc=2
2026-09-08T11:53:01+00:00 start robie call label watch timeout=90s extra=
usage: ezlynx_label_dispatcher.py [-h] [--applicant-id APPLICANT_ID]
                                  [--test-note TEST_NOTE] [--phone PHONE]
                                  [--dry-run]
ezlynx_label_dispatcher.py: error: unrecognized arguments: --scan-queue
2026-09-08T11:53:02+00:00 finish robie call label watch rc=2
2026-09-08T12:03:01+00:00 start robie call label watch timeout=90s extra=
usage: ezlynx_label_dispatcher.py [-h] [--applicant-id APPLICANT_ID]
                                  [--test-note TEST_NOTE] [--phone PHONE]
                                  [--dry-run]
ezlynx_label_dispatcher.py: error: unrecognized arguments: --scan-queue
2026-09-08T12:03:02+00:00 finish robie call label watch rc=2
2026-09-08T12:08:01+00:00 start robie call label watch timeout=90s extra=
usage: ezlynx_label_dispatcher.py [-h] [--applicant-id APPLICANT_ID]
                                  [--test-note TEST_NOTE] [--phone PHONE]
                                  [--dry-run]
ezlynx_label_dispatcher.py: error: unrecognized arguments: --scan-queue
2026-09-08T12:08:03+00:00 finish robie call label watch rc=2
2026-09-08T12:13:01+00:00 start robie call label watch timeout=90s extra=
usage: ezlynx_label_dispatcher.py [-h] [--applicant-id APPLICANT_ID]
                                  [--test-note TEST_NOTE] [--phone PHONE]
                                  [--dry-run]
ezlynx_label_dispatcher.py: error: unrecognized arguments: --scan-queue
2026-09-08T12:13:02+00:00 finish robie call label watch rc=2
2026-09-08T12:18:02+00:00 start robie call label watch timeout=90s extra=
usage: ezlynx_label_dispatcher.py [-h] [--applicant-id APPLICANT_ID]
                                  [--test-note TEST_NOTE] [--phone PHONE]
                                  [--dry-run]
ezlynx_label_dispatcher.py: error: unrecognized arguments: --scan-queue
2026-09-08T12:18:06+00:00 finish robie call label watch rc=2
2026-09-08T16:22:55+00:00 start robie call label watch timeout=90s extra=
usage: ezlynx_label_dispatcher.py [-h] [--applicant-id APPLICANT_ID]
                                  [--test-note TEST_NOTE] [--phone PHONE]
                                  [--dry-run]
ezlynx_label_dispatcher.py: error: unrecognized arguments: --scan-queue
2026-09-08T16:22:56+00:00 finish robie call label watch rc=2
2026-09-08T16:23:01+00:00 start robie call label watch timeout=90s extra=
usage: ezlynx_label_dispatcher.py [-h] [--applicant-id APPLICANT_ID]
                                  [--test-note TEST_NOTE] [--phone PHONE]
                                  [--dry-run]
ezlynx_label_dispatcher.py: error: unrecognized arguments: --scan-queue
2026-09-08T16:23:02+00:00 finish robie call label watch rc=2
2026-09-08T16:24:14+00:00 start robie call label watch timeout=90s extra=
2026-09-08 16:24:18,655 [INFO] Successfully authenticated with Classic EZLynx API (EZToken issued).
{
  "applicants_scanned": 41,
  "applicant_ids": [
    "102351931",
    "143979332",
    "144897143",
    "145217363",
    "145834411",
    "148235525",
    "150751441",
    "151382204",
    "151445306",
    "157388228",
    "163863318",
    "173838508",
    "186333470",
    "193438339",
    "196126698",
    "196851140",
    "197389903",
    "197891661",
    "197895504",
    "198604342",
    "198908859",
    "199395147",
    "199797602",
    "21587333",
    "21588091",
    "220250093",
    "25156187",
    "25721447",
    "26042781",
    "31439734",
    "35209713",
    "54893172",
    "58768907",
    "58866127",
    "76858853",
    "79002334",
    "83571357",
    "84705043",
    "95254866",
    "99055770",
    "99340932"
  ],
  "dispatched": [],
  "errors": [],
  "dry_run": false
}
2026-09-08T16:24:43+00:00 finish robie call label watch rc=0
2026-09-08T16:28:01+00:00 start robie call label watch timeout=90s extra=
2026-09-08 16:28:03,400 [INFO] Successfully authenticated with Classic EZLynx API (EZToken issued).
{
  "applicants_scanned": 41,
  "applicant_ids": [
    "102351931",
    "143979332",
    "144897143",
    "145217363",
    "145834411",
    "148235525",
    "150751441",
    "151382204",
    "151445306",
    "157388228",
    "163863318",
    "173838508",
    "186333470",
    "193438339",
    "196126698",
    "196851140",
    "197389903",
    "197891661",
    "197895504",
    "198604342",
    "198908859",
    "199395147",
    "199797602",
    "21587333",
    "21588091",
    "220250093",
    "25156187",
    "25721447",
    "26042781",
    "31439734",
    "35209713",
    "54893172",
    "58768907",
    "58866127",
    "76858853",
    "79002334",
    "83571357",
    "84705043",
    "95254866",
    "99055770",
    "99340932"
  ],
  "dispatched": [],
  "errors": [],
  "dry_run": false
}
2026-09-08T16:28:25+00:00 finish robie call label watch rc=0
2026-09-08T16:33:01+00:00 start robie call label watch timeout=90s extra=
2026-09-08 16:33:03,417 [INFO] Successfully authenticated with Classic EZLynx API (EZToken issued).
{
  "applicants_scanned": 41,
  "applicant_ids": [
    "102351931",
    "143979332",
    "144897143",
    "145217363",
    "145834411",
    "148235525",
    "150751441",
    "151382204",
    "151445306",
    "157388228",
    "163863318",
    "173838508",
    "186333470",
    "193438339",
    "196126698",
    "196851140",
    "197389903",
    "197891661",
    "197895504",
    "198604342",
    "198908859",
    "199395147",
    "199797602",
    "21587333",
    "21588091",
    "220250093",
    "25156187",
    "25721447",
    "26042781",
    "31439734",
    "35209713",
    "54893172",
    "58768907",
    "58866127",
    "76858853",
    "79002334",
    "83571357",
    "84705043",
    "95254866",
    "99055770",
    "99340932"
  ],
  "dispatched": [],
  "errors": [],
  "dry_run": false
}
2026-09-08T16:33:26+00:00 finish robie call label watch rc=0
2026-09-08T16:38:01+00:00 start robie call label watch timeout=90s extra=
2026-09-08 16:38:03,677 [INFO] Successfully authenticated with Classic EZLynx API (EZToken issued).
{
  "applicants_scanned": 41,
  "applicant_ids": [
    "102351931",
    "143979332",
    "144897143",
    "145217363",
    "145834411",
    "148235525",
    "150751441",
    "151382204",
    "151445306",
    "157388228",
    "163863318",
    "173838508",
    "186333470",
    "193438339",
    "196126698",
    "196851140",
    "197389903",
    "197891661",
    "197895504",
    "198604342",
    "198908859",
    "199395147",
    "199797602",
    "21587333",
    "21588091",
    "220250093",
    "25156187",
    "25721447",
    "26042781",
    "31439734",
    "35209713",
    "54893172",
    "58768907",
    "58866127",
    "76858853",
    "79002334",
    "83571357",
    "84705043",
    "95254866",
    "99055770",
    "99340932"
  ],
  "dispatched": [],
  "errors": [],
  "dry_run": false
}
2026-09-08T16:38:27+00:00 finish robie call label watch rc=0
2026-09-08T16:43:01+00:00 start robie call label watch timeout=90s extra=
2026-09-08 16:43:03,537 [INFO] Successfully authenticated with Classic EZLynx API (EZToken issued).
{
  "applicants_scanned": 41,
  "applicant_ids": [
    "102351931",
    "143979332",
    "144897143",
    "145217363",
    "145834411",
    "148235525",
    "150751441",
    "151382204",
    "151445306",
    "157388228",
    "163863318",
    "173838508",
    "186333470",
    "193438339",
    "196126698",
    "196851140",
    "197389903",
    "197891661",
    "197895504",
    "198604342",
    "198908859",
    "199395147",
    "199797602",
    "21587333",
    "21588091",
    "220250093",
    "25156187",
    "25721447",
    "26042781",
    "31439734",
    "35209713",
    "54893172",
    "58768907",
    "58866127",
    "76858853",
    "79002334",
    "83571357",
    "84705043",
    "95254866",
    "99055770",
    "99340932"
  ],
  "dispatched": [],
  "errors": [],
  "dry_run": false
}
2026-09-08T16:43:24+00:00 finish robie call label watch rc=0
2026-09-08T16:48:01+00:00 start robie call label watch timeout=90s extra=
2026-09-08 16:48:02,989 [INFO] Successfully authenticated with Classic EZLynx API (EZToken issued).
{
  "applicants_scanned": 41,
  "applicant_ids": [
    "102351931",
    "143979332",
    "144897143",
    "145217363",
    "145834411",
    "148235525",
    "150751441",
    "151382204",
    "151445306",
    "157388228",
    "163863318",
    "173838508",
    "186333470",
    "193438339",
    "196126698",
    "196851140",
    "197389903",
    "197891661",
    "197895504",
    "198604342",
    "198908859",
    "199395147",
    "199797602",
    "21587333",
    "21588091",
    "220250093",
    "25156187",
    "25721447",
    "26042781",
    "31439734",
    "35209713",
    "54893172",
    "58768907",
    "58866127",
    "76858853",
    "79002334",
    "83571357",
    "84705043",
    "95254866",
    "99055770",
    "99340932"
  ],
  "dispatched": [],
  "errors": [],
  "dry_run": false
}
2026-09-08T16:48:23+00:00 finish robie call label watch rc=0
2026-09-08T16:53:01+00:00 start robie call label watch timeout=90s extra=
2026-09-08 16:53:02,831 [INFO] Successfully authenticated with Classic EZLynx API (EZToken issued).
{
  "applicants_scanned": 41,
  "applicant_ids": [
    "102351931",
    "143979332",
    "144897143",
    "145217363",
    "145834411",
    "148235525",
    "150751441",
    "151382204",
    "151445306",
    "157388228",
    "163863318",
    "173838508",
    "186333470",
    "193438339",
    "196126698",
    "196851140",
    "197389903",
    "197891661",
    "197895504",
    "198604342",
    "198908859",
    "199395147",
    "199797602",
    "21587333",
    "21588091",
    "220250093",
    "25156187",
    "25721447",
    "26042781",
    "31439734",
    "35209713",
    "54893172",
    "58768907",
    "58866127",
    "76858853",
    "79002334",
    "83571357",
    "84705043",
    "95254866",
    "99055770",
    "99340932"
  ],
  "dispatched": [],
  "errors": [],
  "dry_run": false
}
2026-09-08T16:53:24+00:00 finish robie call label watch rc=0
2026-09-08T16:58:02+00:00 start robie call label watch timeout=90s extra=
2026-09-08 16:58:03,644 [INFO] Successfully authenticated with Classic EZLynx API (EZToken issued).
{
  "applicants_scanned": 41,
  "applicant_ids": [
    "102351931",
    "143979332",
    "144897143",
    "145217363",
    "145834411",
    "148235525",
    "150751441",
    "151382204",
    "151445306",
    "157388228",
    "163863318",
    "173838508",
    "186333470",
    "193438339",
    "196126698",
    "196851140",
    "197389903",
    "197891661",
    "197895504",
    "198604342",
    "198908859",
    "199395147",
    "199797602",
    "21587333",
    "21588091",
    "220250093",
    "25156187",
    "25721447",
    "26042781",
    "31439734",
    "35209713",
    "54893172",
    "58768907",
    "58866127",
    "76858853",
    "79002334",
    "83571357",
    "84705043",
    "95254866",
    "99055770",
    "99340932"
  ],
  "dispatched": [],
  "errors": [],
  "dry_run": false
}
2026-09-08T16:58:24+00:00 finish robie call label watch rc=0
2026-09-08T17:03:01+00:00 start robie call label watch timeout=90s extra=
2026-09-08 17:03:03,356 [INFO] Successfully authenticated with Classic EZLynx API (EZToken issued).
{
  "applicants_scanned": 41,
  "applicant_ids": [
    "102351931",
    "143979332",
    "144897143",
    "145217363",
    "145834411",
    "148235525",
    "150751441",
    "151382204",
    "151445306",
    "157388228",
    "163863318",
    "173838508",
    "186333470",
    "193438339",
    "196126698",
    "196851140",
    "197389903",
    "197891661",
    "197895504",
    "198604342",
    "198908859",
    "199395147",
    "199797602",
    "21587333",
    "21588091",
    "220250093",
    "25156187",
    "25721447",
    "26042781",
    "31439734",
    "35209713",
    "54893172",
    "58768907",
    "58866127",
    "76858853",
    "79002334",
    "83571357",
    "84705043",
    "95254866",
    "99055770",
    "99340932"
  ],
  "dispatched": [],
  "errors": [],
  "dry_run": false
}
2026-09-08T17:03:26+00:00 finish robie call label watch rc=0
2026-09-08T17:08:01+00:00 start robie call label watch timeout=90s extra=
2026-09-08 17:08:03,479 [INFO] Successfully authenticated with Classic EZLynx API (EZToken issued).
{
  "applicants_scanned": 41,
  "applicant_ids": [
    "102351931",
    "143979332",
    "144897143",
    "145217363",
    "145834411",
    "148235525",
    "150751441",
    "151382204",
    "151445306",
    "157388228",
    "163863318",
    "173838508",
    "186333470",
    "193438339",
    "196126698",
    "196851140",
    "197389903",
    "197891661",
    "197895504",
    "198604342",
    "198908859",
    "199395147",
    "199797602",
    "21587333",
    "21588091",
    "220250093",
    "25156187",
    "25721447",
    "26042781",
    "31439734",
    "35209713",
    "54893172",
    "58768907",
    "58866127",
    "76858853",
    "79002334",
    "83571357",
    "84705043",
    "95254866",
    "99055770",
    "99340932"
  ],
  "dispatched": [],
  "errors": [],
  "dry_run": false
}
2026-09-08T17:08:25+00:00 finish robie call label watch rc=0
2026-09-08T17:13:01+00:00 start robie call label watch timeout=90s extra=
2026-09-08 17:13:04,158 [INFO] Agency-wide discovery added 50 recent active accounts to Robie watch list.
2026-09-08 17:13:04,917 [INFO] Successfully authenticated with Classic EZLynx API (EZToken issued).
{
  "applicants_scanned": 75,
  "applicant_ids": [
    "102351931",
    "143979332",
    "144897143",
    "145217363",
    "145834411",
    "148235525",
    "150751441",
    "151382204",
    "151445306",
    "157388228",
    "163863318",
    "173838508",
    "186333470",
    "193438339",
    "196126698",
    "196851140",
    "197389903",
    "197891661",
    "197895504",
    "198604342",
    "198908859",
    "199395147",
    "199797602",
    "21587333",
    "21588091",
    "220250093",
    "25156187",
    "25721447",
    "26042781",
    "31439734",
    "35209713",
    "54893172",
    "58768907",
    "58866127",
    "76858853",
    "79002334",
    "83571357",
    "84705043",
    "95254866",
    "99055770",
    "99340932",
    "21586424",
    "108248067",
    "21587605",
    "82352374",
    "21587898",
    "143747491",
    "217780869",
    "141225550",
    "82861889",
    "62990623",
    "144720123",
    "217876240",
    "47322996",
    "217163055",
    "199243950",
    "195714182",
    "117605884",
    "194053527",
    "38455028",
    "180531950",
    "197135311",
    "129473861",
    "221887897",
    "40676568",
    "201601142",
    "21587328",
    "82344330",
    "221953526",
    "153588605",
    "150749609",
    "211144564",
    "54720233",
    "209619419",
    "221898702"
  ],
  "dispatched": [],
  "errors": [],
  "dry_run": false
}
2026-09-08T17:14:05+00:00 finish robie call label watch rc=0
2026-09-08T17:18:01+00:00 start robie call label watch timeout=90s extra=
2026-09-08 17:18:03,573 [INFO] Agency-wide discovery added 50 recent active accounts to Robie watch list.
2026-09-08 17:18:04,328 [INFO] Successfully authenticated with Classic EZLynx API (EZToken issued).
2026-09-08 17:18:26,598 [INFO] Skipping discussion ' Robie Call': latest activity is already from Robie.
2026-09-08 17:18:26,599 [INFO] Skipping discussion '' noteId=1123713292: already processed (842172217:1123713292).
2026-09-08 17:18:26,600 [INFO] Skipping discussion 'Text Sent - Tuesday, September 8, 2026' noteId=1123691065: already processed (842047443:1123691065).
2026-09-08 17:18:26,605 [INFO] Skipping discussion 'Rest': latest activity is already from Robie.
2026-09-08 17:18:28,953 [INFO] Resolved client phone +17326688161 from applicant profile.
2026-09-08 17:18:28,954 [INFO] [ROBIE CALL DETECTED] Applicant: 25486692 (Jake Ferrara) | Target: Travelers (+17326688161) | Policy: 9931195976341
2026-09-08 17:18:30,154 [INFO] Matched explicitly requested discussion card: 'test' (ID 436272523)
2026-09-08 17:18:31,068 [INFO] Successfully posted note via EZLynx REST Note API for Applicant 25486692: NoteId 1123716488 into 'test'
{
  "applicants_scanned": 70,
  "applicant_ids": [
    "102351931",
    "143979332",
    "144897143",
    "145217363",
    "145834411",
    "148235525",
    "150751441",
    "151382204",
    "151445306",
    "157388228",
    "163863318",
    "173838508",
    "186333470",
    "193438339",
    "196126698",
    "196851140",
    "197389903",
    "197891661",
    "197895504",
    "198604342",
    "198908859",
    "199395147",
    "199797602",
    "21587333",
    "21588091",
    "220250093",
    "25156187",
    "25721447",
    "26042781",
    "31439734",
    "35209713",
    "54893172",
    "58768907",
    "58866127",
    "76858853",
    "79002334",
    "83571357",
    "84705043",
    "95254866",
    "99055770",
    "99340932",
    "110238210",
    "216382782",
    "26356199",
    "48718030",
    "25486692",
    "106828320",
    "195655108",
    "199712120",
    "222161201",
    "46332878",
    "21586424",
    "108248067",
    "21587605",
    "82352374",
    "21587898",
    "143747491",
    "217780869",
    "141225550",
    "82861889",
    "62990623",
    "144720123",
    "217876240",
    "47322996",
    "217163055",
    "199243950",
    "195714182",
    "117605884",
    "194053527",
    "38455028"
  ],
  "dispatched": [
    {
      "applicant_id": "25486692",
      "discussion_title": "test",
      "phone": "+17326688161",
      "target": "Travelers",
      "call_id": "ed739574-09bf-4070-a768-a821a13aab2f",
      "status": "DISPATCHED",
      "call_type": "client_followup",
      "producer_name": null,
      "requestor_name": "Jake Ferrara",
      "requestor_phone": "+17324812520",
      "note_id": "1123715401",
      "note_identity": "436272523:1123715401"
    }
  ],
  "errors": [],
  "dry_run": false
}
2026-09-08T17:18:45+00:00 finish robie call label watch rc=0
2026-09-08T17:23:01+00:00 start robie call label watch timeout=90s extra=
2026-09-08 17:23:04,188 [INFO] Agency-wide discovery added 50 recent active accounts to Robie watch list.
2026-09-08 17:23:04,930 [INFO] Successfully authenticated with Classic EZLynx API (EZToken issued).
2026-09-08 17:23:39,914 [INFO] Skipping discussion ' Robie Call': latest activity is already from Robie.
2026-09-08 17:23:41,477 [INFO] Resolved client phone +17329953409 from applicant profile.
2026-09-08 17:23:41,477 [INFO] [ROBIE CALL DETECTED] Applicant: 26356199 (Buster Brown) | Target: Utica First Insurance Company (+17329953409) | Policy: HOP622388400
2026-09-08 17:23:42,557 [INFO] Matched discussion by policy# 'HOP622388400': ' Robie Call' (ID 841916228)
2026-09-08 17:23:43,299 [INFO] Successfully posted note via EZLynx REST Note API for Applicant 26356199: NoteId 1123720637 into ' Robie Call'
2026-09-08 17:23:43,308 [INFO] Skipping discussion 'Text Sent - Tuesday, September 8, 2026' noteId=1123691065: already processed (842047443:1123691065).
2026-09-08 17:23:43,310 [INFO] Skipping discussion 'Rest': latest activity is already from Robie.
{
  "applicants_scanned": 71,
  "applicant_ids": [
    "102351931",
    "143979332",
    "144897143",
    "145217363",
    "145834411",
    "148235525",
    "150751441",
    "151382204",
    "151445306",
    "157388228",
    "163863318",
    "173838508",
    "186333470",
    "193438339",
    "196126698",
    "196851140",
    "197389903",
    "197891661",
    "197895504",
    "198604342",
    "198908859",
    "199395147",
    "199797602",
    "21587333",
    "21588091",
    "220250093",
    "25156187",
    "25721447",
    "26042781",
    "31439734",
    "35209713",
    "54893172",
    "58768907",
    "58866127",
    "76858853",
    "79002334",
    "83571357",
    "84705043",
    "95254866",
    "99055770",
    "99340932",
    "153588605",
    "206862081",
    "216382782",
    "195655108",
    "201601142",
    "21587605",
    "43208775",
    "221398001",
    "25486692",
    "110238210",
    "26356199",
    "48718030",
    "106828320",
    "199712120",
    "222161201",
    "46332878",
    "21586424",
    "108248067",
    "82352374",
    "21587898",
    "143747491",
    "217780869",
    "141225550",
    "82861889",
    "62990623",
    "144720123",
    "217876240",
    "47322996",
    "217163055",
    "199243950"
  ],
  "dispatched": [
    {
      "applicant_id": "26356199",
      "discussion_title": "",
      "phone": "+17329953409",
      "target": "Utica First Insurance Company",
      "call_id": "fba0123d-fa2d-48c9-862e-6f3f38b8dc42",
      "status": "DISPATCHED",
      "call_type": "client_followup",
      "producer_name": null,
      "requestor_name": "Carlo Ferrara",
      "requestor_phone": "+17324622360",
      "note_id": "1123713292",
      "note_identity": "842172217:1123713292"
    }
  ],
  "errors": [],
  "dry_run": false
}
2026-09-08T17:23:52+00:00 finish robie call label watch rc=0
2026-09-08T17:28:01+00:00 start robie call label watch timeout=90s extra=
2026-09-08 17:28:04,015 [INFO] Agency-wide discovery added 50 recent active accounts to Robie watch list.
2026-09-08 17:28:04,880 [INFO] Successfully authenticated with Classic EZLynx API (EZToken issued).
2026-09-08 17:28:36,207 [INFO] Skipping discussion ' Robie Call': latest activity is already from Robie.
2026-09-08 17:28:36,208 [INFO] Skipping discussion '' noteId=1123713292: already processed (842172217:1123713292).
2026-09-08 17:28:36,209 [INFO] Skipping discussion 'Text Sent - Tuesday, September 8, 2026' noteId=1123691065: already processed (842047443:1123691065).
2026-09-08 17:28:36,211 [INFO] Skipping discussion 'Rest': latest activity is already from Robie.
{
  "applicants_scanned": 72,
  "applicant_ids": [
    "102351931",
    "143979332",
    "144897143",
    "145217363",
    "145834411",
    "148235525",
    "150751441",
    "151382204",
    "151445306",
    "157388228",
    "163863318",
    "173838508",
    "186333470",
    "193438339",
    "196126698",
    "196851140",
    "197389903",
    "197891661",
    "197895504",
    "198604342",
    "198908859",
    "199395147",
    "199797602",
    "21587333",
    "21588091",
    "220250093",
    "25156187",
    "25721447",
    "26042781",
    "31439734",
    "35209713",
    "54893172",
    "58768907",
    "58866127",
    "76858853",
    "79002334",
    "83571357",
    "84705043",
    "95254866",
    "99055770",
    "99340932",
    "222164115",
    "200124979",
    "142878682",
    "213602028",
    "28081245",
    "221643429",
    "206862081",
    "150737434",
    "96917513",
    "62990623",
    "196631198",
    "26356199",
    "21587896",
    "153588605",
    "216382782",
    "195655108",
    "201601142",
    "21587605",
    "43208775",
    "221398001",
    "25486692",
    "110238210",
    "48718030",
    "106828320",
    "199712120",
    "222161201",
    "46332878",
    "21586424",
    "108248067",
    "82352374",
    "21587898"
  ],
  "dispatched": [],
  "errors": [],
  "dry_run": false
}
2026-09-08T17:28:47+00:00 finish robie call label watch rc=0
2026-09-08T17:33:01+00:00 start robie call label watch timeout=90s extra=
2026-09-08 17:33:03,697 [INFO] Agency-wide discovery added 50 recent active accounts to Robie watch list.
2026-09-08 17:33:04,540 [INFO] Successfully authenticated with Classic EZLynx API (EZToken issued).
{
  "applicants_scanned": 67,
  "applicant_ids": [
    "102351931",
    "143979332",
    "144897143",
    "145217363",
    "145834411",
    "148235525",
    "150751441",
    "151382204",
    "151445306",
    "157388228",
    "163863318",
    "173838508",
    "186333470",
    "193438339",
    "196126698",
    "196851140",
    "197389903",
    "197891661",
    "197895504",
    "198604342",
    "198908859",
    "199395147",
    "199797602",
    "21587333",
    "21588091",
    "220250093",
    "25156187",
    "25721447",
    "26042781",
    "31439734",
    "35209713",
    "54893172",
    "58768907",
    "58866127",
    "76858853",
    "79002334",
    "83571357",
    "84705043",
    "95254866",
    "99055770",
    "99340932",
    "28081245",
    "221948543",
    "46964180",
    "201601142",
    "147770789",
    "146846535",
    "221953526",
    "101923967",
    "100498482",
    "222164115",
    "58258706",
    "49598369",
    "47320924",
    "21586424",
    "200124979",
    "78654749",
    "52777688",
    "220649988",
    "142878682",
    "213602028",
    "221643429",
    "206862081",
    "150737434",
    "96917513",
    "62990623",
    "196631198"
  ],
  "dispatched": [],
  "errors": [],
  "dry_run": false
}
2026-09-08T17:33:44+00:00 finish robie call label watch rc=0
2026-09-08T17:38:01+00:00 start robie call label watch timeout=90s extra=
2026-09-08 17:38:03,932 [INFO] Agency-wide discovery added 50 recent active accounts to Robie watch list.
2026-09-08 17:38:04,689 [INFO] Successfully authenticated with Classic EZLynx API (EZToken issued).
2026-09-08 17:38:30,887 [INFO] [ROBIE CLIENT OUTREACH] Applicant: 69358618 (Jake's Trucking) | primary Jake at +17326688161 | Policy: 1234abcd
2026-09-08 17:38:30,888 [INFO] Applicant 69358618 has no Assigned Producer full name on sidebar; skipping client_outreach warm transfer.
2026-09-08 17:38:33,611 [INFO] Successfully posted note via EZLynx REST Note API for Applicant 69358618: NoteId 1123731967 into 'Customer Inquiries 2024'
{
  "applicants_scanned": 67,
  "applicant_ids": [
    "102351931",
    "143979332",
    "144897143",
    "145217363",
    "145834411",
    "148235525",
    "150751441",
    "151382204",
    "151445306",
    "157388228",
    "163863318",
    "173838508",
    "186333470",
    "193438339",
    "196126698",
    "196851140",
    "197389903",
    "197891661",
    "197895504",
    "198604342",
    "198908859",
    "199395147",
    "199797602",
    "21587333",
    "21588091",
    "220250093",
    "25156187",
    "25721447",
    "26042781",
    "31439734",
    "35209713",
    "54893172",
    "58768907",
    "58866127",
    "76858853",
    "79002334",
    "83571357",
    "84705043",
    "95254866",
    "99055770",
    "99340932",
    "28309838",
    "28081245",
    "171483371",
    "69358618",
    "73142907",
    "107830497",
    "46954257",
    "122818954",
    "21696180",
    "221136504",
    "195714182",
    "153588605",
    "201601142",
    "133213615",
    "46964180",
    "221948543",
    "147770789",
    "146846535",
    "221953526",
    "101923967",
    "100498482",
    "222164115",
    "58258706",
    "49598369",
    "47320924",
    "21586424"
  ],
  "dispatched": [
    {
      "applicant_id": "69358618",
      "discussion_title": "Customer Inquiries 2024",
      "phone": "+17326688161",
      "phones": [
        "+17326688161"
      ],
      "target": "Jake's Trucking",
      "call_id": "04adfce2-83f6-492c-bab0-9faa3053818c",
      "call_ids": [
        "04adfce2-83f6-492c-bab0-9faa3053818c"
      ],
      "dials": [
        {
          "role": "primary",
          "phone": "+17326688161",
          "first_name": "Jake",
          "call_id": "04adfce2-83f6-492c-bab0-9faa3053818c",
          "status": "DISPATCHED"
        }
      ],
      "status": "DISPATCHED",
      "call_type": "client_outreach",
      "outreach_pathway": "unresponsive",
      "producer_name": null,
      "assigned_producer_name": null,
      "assigned_producer_phone": null,
      "requestor_name": "Jake Ferrara",
      "requestor_phone": null,
      "note_id": "785733465",
      "note_identity": "569821454:785733465"
    }
  ],
  "errors": [],
  "dry_run": false
}
2026-09-08T17:38:46+00:00 finish robie call label watch rc=0
2026-09-08T17:43:01+00:00 start robie call label watch timeout=90s extra=
2026-09-08 17:43:04,213 [INFO] Agency-wide discovery added 50 recent active accounts to Robie watch list.
2026-09-08 17:43:04,988 [INFO] Successfully authenticated with Classic EZLynx API (EZToken issued).
{
  "applicants_scanned": 71,
  "applicant_ids": [
    "102351931",
    "143979332",
    "144897143",
    "145217363",
    "145834411",
    "148235525",
    "150751441",
    "151382204",
    "151445306",
    "157388228",
    "163863318",
    "173838508",
    "186333470",
    "193438339",
    "196126698",
    "196851140",
    "197389903",
    "197891661",
    "197895504",
    "198604342",
    "198908859",
    "199395147",
    "199797602",
    "21587333",
    "21588091",
    "220250093",
    "25156187",
    "25721447",
    "26042781",
    "31439734",
    "35209713",
    "54893172",
    "58768907",
    "58866127",
    "76858853",
    "79002334",
    "83571357",
    "84705043",
    "95254866",
    "99055770",
    "99340932",
    "125632420",
    "220674957",
    "93832848",
    "153588605",
    "127054967",
    "78572357",
    "23403917",
    "205639984",
    "69358618",
    "150748470",
    "28309838",
    "28081245",
    "171483371",
    "73142907",
    "107830497",
    "46954257",
    "122818954",
    "21696180",
    "221136504",
    "195714182",
    "201601142",
    "133213615",
    "46964180",
    "221948543",
    "147770789",
    "146846535",
    "221953526",
    "101923967",
    "100498482",
    "222164115"
  ],
  "dispatched": [],
  "errors": [],
  "dry_run": false
}
2026-09-08T17:43:46+00:00 finish robie call label watch rc=0
2026-09-08T17:48:01+00:00 start robie call label watch timeout=90s extra=
2026-09-08 17:48:04,117 [INFO] Agency-wide discovery added 50 recent active accounts to Robie watch list.
2026-09-08 17:48:04,901 [INFO] Successfully authenticated with Classic EZLynx API (EZToken issued).
2026-09-08 17:48:34,353 [INFO] [ROBIE CLIENT OUTREACH] Applicant: 199082075 (Pristine Of The Ocean, LLC) | primary James at +12016391874 | Policy: N/A
2026-09-08 17:48:34,353 [INFO] Applicant 199082075 has no Assigned Producer full name on sidebar; skipping client_outreach warm transfer.
2026-09-08 17:48:35,358 [INFO] Matched explicitly requested discussion card: 'GL Quote' (ID 835417115)
2026-09-08 17:48:35,746 [INFO] Successfully posted note via EZLynx REST Note API for Applicant 199082075: NoteId 1123739614 into 'GL Quote'
{
  "applicants_scanned": 78,
  "applicant_ids": [
    "102351931",
    "143979332",
    "144897143",
    "145217363",
    "145834411",
    "148235525",
    "150751441",
    "151382204",
    "151445306",
    "157388228",
    "163863318",
    "173838508",
    "186333470",
    "193438339",
    "196126698",
    "196851140",
    "197389903",
    "197891661",
    "197895504",
    "198604342",
    "198908859",
    "199395147",
    "199797602",
    "21587333",
    "21588091",
    "220250093",
    "25156187",
    "25721447",
    "26042781",
    "31439734",
    "35209713",
    "54893172",
    "58768907",
    "58866127",
    "76858853",
    "79002334",
    "83571357",
    "84705043",
    "95254866",
    "99055770",
    "99340932",
    "217876240",
    "21587605",
    "92948949",
    "78580611",
    "113272609",
    "153588605",
    "93832848",
    "222008489",
    "58288714",
    "203921560",
    "84910849",
    "199082075",
    "220663357",
    "53693496",
    "115936338",
    "138165635",
    "222052831",
    "125632420",
    "220674957",
    "127054967",
    "78572357",
    "23403917",
    "205639984",
    "69358618",
    "150748470",
    "28309838",
    "28081245",
    "171483371",
    "73142907",
    "107830497",
    "46954257",
    "122818954",
    "21696180",
    "221136504",
    "195714182",
    "201601142",
    "133213615"
  ],
  "dispatched": [
    {
      "applicant_id": "199082075",
      "discussion_title": "GL Quote",
      "phone": "+12016391874",
      "phones": [
        "+12016391874"
      ],
      "target": "Pristine Of The Ocean, LLC",
      "call_id": "ff4961ac-5a71-42fa-97a7-406f2643f01a",
      "call_ids": [
        "ff4961ac-5a71-42fa-97a7-406f2643f01a"
      ],
      "dials": [
        {
          "role": "primary",
          "phone": "+12016391874",
          "first_name": "James",
          "call_id": "ff4961ac-5a71-42fa-97a7-406f2643f01a",
          "status": "DISPATCHED"
        }
      ],
      "status": "DISPATCHED",
      "call_type": "client_outreach",
      "outreach_pathway": "unresponsive",
      "producer_name": null,
      "assigned_producer_name": null,
      "assigned_producer_phone": null,
      "requestor_name": "Zeus Quezada",
      "requestor_phone": null,
      "note_id": "1123616649",
      "note_identity": "835417115:1123616649"
    }
  ],
  "errors": [],
  "dry_run": false
}
2026-09-08T17:48:54+00:00 finish robie call label watch rc=0
2026-09-08T17:53:02+00:00 start robie call label watch timeout=90s extra=
2026-09-08 17:53:04,300 [INFO] Agency-wide discovery added 50 recent active accounts to Robie watch list.
2026-09-08 17:53:05,103 [INFO] Successfully authenticated with Classic EZLynx API (EZToken issued).
{
  "applicants_scanned": 78,
  "applicant_ids": [
    "102351931",
    "143979332",
    "144897143",
    "145217363",
    "145834411",
    "148235525",
    "150751441",
    "151382204",
    "151445306",
    "157388228",
    "163863318",
    "173838508",
    "186333470",
    "193438339",
    "196126698",
    "196851140",
    "197389903",
    "197891661",
    "197895504",
    "198604342",
    "198908859",
    "199395147",
    "199797602",
    "21587333",
    "21588091",
    "220250093",
    "25156187",
    "25721447",
    "26042781",
    "31439734",
    "35209713",
    "54893172",
    "58768907",
    "58866127",
    "76858853",
    "79002334",
    "83571357",
    "84705043",
    "95254866",
    "99055770",
    "99340932",
    "58135101",
    "205968987",
    "197121958",
    "144589536",
    "40103506",
    "221136504",
    "98177297",
    "158852583",
    "222008489",
    "73142907",
    "21587896",
    "92948949",
    "60717237",
    "199082075",
    "86830663",
    "217876240",
    "21587605",
    "78580611",
    "113272609",
    "153588605",
    "93832848",
    "58288714",
    "203921560",
    "84910849",
    "220663357",
    "53693496",
    "115936338",
    "138165635",
    "222052831",
    "125632420",
    "220674957",
    "127054967",
    "78572357",
    "23403917",
    "205639984",
    "69358618",
    "150748470"
  ],
  "dispatched": [],
  "errors": [],
  "dry_run": false
}
2026-09-08T17:53:51+00:00 finish robie call label watch rc=0
2026-09-08T17:58:01+00:00 start robie call label watch timeout=90s extra=
2026-09-08 17:58:03,643 [INFO] Agency-wide discovery added 50 recent active accounts to Robie watch list.
2026-09-08 17:58:04,401 [INFO] Successfully authenticated with Classic EZLynx API (EZToken issued).
{
  "applicants_scanned": 74,
  "applicant_ids": [
    "102351931",
    "143979332",
    "144897143",
    "145217363",
    "145834411",
    "148235525",
    "150751441",
    "151382204",
    "151445306",
    "157388228",
    "163863318",
    "173838508",
    "186333470",
    "193438339",
    "196126698",
    "196851140",
    "197389903",
    "197891661",
    "197895504",
    "198604342",
    "198908859",
    "199395147",
    "199797602",
    "21587333",
    "21588091",
    "220250093",
    "25156187",
    "25721447",
    "26042781",
    "31439734",
    "35209713",
    "54893172",
    "58768907",
    "58866127",
    "76858853",
    "79002334",
    "83571357",
    "84705043",
    "95254866",
    "99055770",
    "99340932",
    "169080923",
    "205968987",
    "197121958",
    "221948543",
    "210536526",
    "221136504",
    "182516313",
    "78540038",
    "93832848",
    "186796926",
    "92948949",
    "197505487",
    "119562242",
    "171528671",
    "58135101",
    "144589536",
    "40103506",
    "98177297",
    "158852583",
    "222008489",
    "73142907",
    "21587896",
    "60717237",
    "199082075",
    "86830663",
    "217876240",
    "21587605",
    "78580611",
    "113272609",
    "153588605",
    "58288714",
    "203921560",
    "84910849"
  ],
  "dispatched": [],
  "errors": [],
  "dry_run": false
}
2026-09-08T17:58:45+00:00 finish robie call label watch rc=0
2026-09-08T18:03:01+00:00 start robie call label watch timeout=90s extra=
2026-09-08 18:03:03,392 [INFO] Agency-wide discovery added 50 recent active accounts to Robie watch list.
2026-09-08 18:03:04,150 [INFO] Successfully authenticated with Classic EZLynx API (EZToken issued).
2026-09-08 18:03:26,022 [INFO] Skipping discussion ' Robie Call': latest activity is already from Robie.
2026-09-08 18:03:26,023 [INFO] Skipping discussion '' noteId=1123713292: already processed (842172217:1123713292).
2026-09-08 18:03:26,024 [INFO] Skipping discussion 'Text Sent - Tuesday, September 8, 2026' noteId=1123691065: already processed (842047443:1123691065).
2026-09-08 18:03:26,025 [INFO] Skipping discussion 'Rest': latest activity is already from Robie.
{
  "applicants_scanned": 69,
  "applicant_ids": [
    "102351931",
    "143979332",
    "144897143",
    "145217363",
    "145834411",
    "148235525",
    "150751441",
    "151382204",
    "151445306",
    "157388228",
    "163863318",
    "173838508",
    "186333470",
    "193438339",
    "196126698",
    "196851140",
    "197389903",
    "197891661",
    "197895504",
    "198604342",
    "198908859",
    "199395147",
    "199797602",
    "21587333",
    "21588091",
    "220250093",
    "25156187",
    "25721447",
    "26042781",
    "31439734",
    "35209713",
    "54893172",
    "58768907",
    "58866127",
    "76858853",
    "79002334",
    "83571357",
    "84705043",
    "95254866",
    "99055770",
    "99340932",
    "144720123",
    "151441679",
    "197505487",
    "205968987",
    "26356199",
    "221953526",
    "78540038",
    "112257762",
    "197971191",
    "186796926",
    "221136504",
    "169080923",
    "197121958",
    "221948543",
    "210536526",
    "182516313",
    "93832848",
    "92948949",
    "119562242",
    "171528671",
    "58135101",
    "144589536",
    "40103506",
    "98177297",
    "158852583",
    "222008489",
    "73142907",
    "21587896"
  ],
  "dispatched": [],
  "errors": [],
  "dry_run": false
}
2026-09-08T18:03:46+00:00 finish robie call label watch rc=0
2026-09-08T18:08:02+00:00 start robie call label watch timeout=90s extra=
2026-09-08 18:08:05,217 [INFO] Agency-wide discovery added 50 recent active accounts to Robie watch list.
2026-09-08 18:08:06,079 [INFO] Successfully authenticated with Classic EZLynx API (EZToken issued).
2026-09-08 18:08:39,159 [INFO] Skipping discussion ' Robie Call': latest activity is already from Robie.
2026-09-08 18:08:39,160 [INFO] Skipping discussion '' noteId=1123713292: already processed (842172217:1123713292).
2026-09-08 18:08:39,161 [INFO] Skipping discussion 'Text Sent - Tuesday, September 8, 2026' noteId=1123691065: already processed (842047443:1123691065).
2026-09-08 18:08:39,163 [INFO] Skipping discussion 'Rest': latest activity is already from Robie.
{
  "applicants_scanned": 73,
  "applicant_ids": [
    "102351931",
    "143979332",
    "144897143",
    "145217363",
    "145834411",
    "148235525",
    "150751441",
    "151382204",
    "151445306",
    "157388228",
    "163863318",
    "173838508",
    "186333470",
    "193438339",
    "196126698",
    "196851140",
    "197389903",
    "197891661",
    "197895504",
    "198604342",
    "198908859",
    "199395147",
    "199797602",
    "21587333",
    "21588091",
    "220250093",
    "25156187",
    "25721447",
    "26042781",
    "31439734",
    "35209713",
    "54893172",
    "58768907",
    "58866127",
    "76858853",
    "79002334",
    "83571357",
    "84705043",
    "95254866",
    "99055770",
    "99340932",
    "213729521",
    "153588605",
    "218640559",
    "144720123",
    "221398001",
    "221781158",
    "92934889",
    "151441679",
    "120413757",
    "189002767",
    "187993107",
    "21586395",
    "221955170",
    "41123701",
    "99508647",
    "197505487",
    "205968987",
    "26356199",
    "221953526",
    "78540038",
    "112257762",
    "197971191",
    "186796926",
    "221136504",
    "169080923",
    "197121958",
    "221948543",
    "210536526",
    "182516313",
    "93832848",
    "92948949",
    "119562242"
  ],
  "dispatched": [],
  "errors": [],
  "dry_run": false
}
2026-09-08T18:08:50+00:00 finish robie call label watch rc=0
2026-09-08T18:13:01+00:00 start robie call label watch timeout=90s extra=
2026-09-08 18:13:03,968 [INFO] Agency-wide discovery added 50 recent active accounts to Robie watch list.
2026-09-08 18:13:04,766 [INFO] Successfully authenticated with Classic EZLynx API (EZToken issued).
2026-09-08 18:13:44,285 [INFO] Skipping discussion ' Robie Call': latest activity is already from Robie.
2026-09-08 18:13:44,285 [INFO] Skipping discussion '' noteId=1123713292: already processed (842172217:1123713292).
2026-09-08 18:13:44,286 [INFO] Skipping discussion 'Text Sent - Tuesday, September 8, 2026' noteId=1123691065: already processed (842047443:1123691065).
2026-09-08 18:13:44,288 [INFO] Skipping discussion 'Rest': latest activity is already from Robie.
{
  "applicants_scanned": 73,
  "applicant_ids": [
    "102351931",
    "143979332",
    "144897143",
    "145217363",
    "145834411",
    "148235525",
    "150751441",
    "151382204",
    "151445306",
    "157388228",
    "163863318",
    "173838508",
    "186333470",
    "193438339",
    "196126698",
    "196851140",
    "197389903",
    "197891661",
    "197895504",
    "198604342",
    "198908859",
    "199395147",
    "199797602",
    "21587333",
    "21588091",
    "220250093",
    "25156187",
    "25721447",
    "26042781",
    "31439734",
    "35209713",
    "54893172",
    "58768907",
    "58866127",
    "76858853",
    "79002334",
    "83571357",
    "84705043",
    "95254866",
    "99055770",
    "99340932",
    "85907457",
    "53869077",
    "153588605",
    "218060017",
    "221956948",
    "79865430",
    "151441679",
    "94750586",
    "51972169",
    "213729521",
    "218640559",
    "144720123",
    "221398001",
    "221781158",
    "92934889",
    "120413757",
    "189002767",
    "187993107",
    "21586395",
    "221955170",
    "41123701",
    "99508647",
    "197505487",
    "205968987",
    "26356199",
    "221953526",
    "78540038",
    "112257762",
    "197971191",
    "186796926",
    "221136504",
    "169080923"
  ],
  "dispatched": [],
  "errors": [],
  "dry_run": false
}
2026-09-08T18:13:47+00:00 finish robie call label watch rc=0
2026-09-08T18:18:01+00:00 start robie call label watch timeout=90s extra=
2026-09-08 18:18:03,962 [INFO] Agency-wide discovery added 50 recent active accounts to Robie watch list.
2026-09-08 18:18:04,736 [INFO] Successfully authenticated with Classic EZLynx API (EZToken issued).
2026-09-08 18:18:32,130 [INFO] Skipping discussion ' Robie Call': latest activity is already from Robie.
2026-09-08 18:18:32,137 [INFO] Skipping discussion '' noteId=1123713292: already processed (842172217:1123713292).
2026-09-08 18:18:32,142 [INFO] Skipping discussion 'Text Sent - Tuesday, September 8, 2026' noteId=1123691065: already processed (842047443:1123691065).
2026-09-08 18:18:32,147 [INFO] Skipping discussion 'Rest': latest activity is already from Robie.
{
  "applicants_scanned": 74,
  "applicant_ids": [
    "102351931",
    "143979332",
    "144897143",
    "145217363",
    "145834411",
    "148235525",
    "150751441",
    "151382204",
    "151445306",
    "157388228",
    "163863318",
    "173838508",
    "186333470",
    "193438339",
    "196126698",
    "196851140",
    "197389903",
    "197891661",
    "197895504",
    "198604342",
    "198908859",
    "199395147",
    "199797602",
    "21587333",
    "21588091",
    "220250093",
    "25156187",
    "25721447",
    "26042781",
    "31439734",
    "35209713",
    "54893172",
    "58768907",
    "58866127",
    "76858853",
    "79002334",
    "83571357",
    "84705043",
    "95254866",
    "99055770",
    "99340932",
    "201589637",
    "54720233",
    "217780869",
    "220549287",
    "222169860",
    "68223048",
    "26356199",
    "218060017",
    "86760677",
    "200124979",
    "85907457",
    "53869077",
    "153588605",
    "221956948",
    "79865430",
    "151441679",
    "94750586",
    "51972169",
    "213729521",
    "218640559",
    "144720123",
    "221398001",
    "221781158",
    "92934889",
    "120413757",
    "189002767",
    "187993107",
    "21586395",
    "221955170",
    "41123701",
    "99508647",
    "197505487",
    "205968987"
  ],
  "dispatched": [],
  "errors": [],
  "dry_run": false
}
2026-09-08T18:18:48+00:00 finish robie call label watch rc=0
2026-09-08T18:23:01+00:00 start robie call label watch timeout=90s extra=
2026-09-08 18:23:03,643 [INFO] Agency-wide discovery added 50 recent active accounts to Robie watch list.
2026-09-08 18:23:04,433 [INFO] Successfully authenticated with Classic EZLynx API (EZToken issued).
2026-09-08 18:23:32,956 [INFO] Skipping discussion ' Robie Call': latest activity is already from Robie.
2026-09-08 18:23:32,957 [INFO] Skipping discussion '' noteId=1123713292: already processed (842172217:1123713292).
2026-09-08 18:23:32,958 [INFO] Skipping discussion 'Text Sent - Tuesday, September 8, 2026' noteId=1123691065: already processed (842047443:1123691065).
2026-09-08 18:23:32,960 [INFO] Skipping discussion 'Rest': latest activity is already from Robie.
{
  "applicants_scanned": 74,
  "applicant_ids": [
    "102351931",
    "143979332",
    "144897143",
    "145217363",
    "145834411",
    "148235525",
    "150751441",
    "151382204",
    "151445306",
    "157388228",
    "163863318",
    "173838508",
    "186333470",
    "193438339",
    "196126698",
    "196851140",
    "197389903",
    "197891661",
    "197895504",
    "198604342",
    "198908859",
    "199395147",
    "199797602",
    "21587333",
    "21588091",
    "220250093",
    "25156187",
    "25721447",
    "26042781",
    "31439734",
    "35209713",
    "54893172",
    "58768907",
    "58866127",
    "76858853",
    "79002334",
    "83571357",
    "84705043",
    "95254866",
    "99055770",
    "99340932",
    "86792493",
    "221398001",
    "22769703",
    "205968987",
    "99668417",
    "185185666",
    "221948543",
    "222169860",
    "40006511",
    "84910849",
    "92934889",
    "217339480",
    "194066748",
    "201589637",
    "54720233",
    "217780869",
    "220549287",
    "68223048",
    "26356199",
    "218060017",
    "86760677",
    "200124979",
    "85907457",
    "53869077",
    "153588605",
    "221956948",
    "79865430",
    "151441679",
    "94750586",
    "51972169",
    "213729521",
    "218640559",
    "144720123"
  ],
  "dispatched": [],
  "errors": [],
  "dry_run": false
}
2026-09-08T18:23:41+00:00 finish robie call label watch rc=0
2026-09-08T18:28:01+00:00 start robie call label watch timeout=90s extra=
2026-09-08 18:28:03,589 [INFO] Agency-wide discovery added 50 recent active accounts to Robie watch list.
2026-09-08 18:28:04,337 [INFO] Successfully authenticated with Classic EZLynx API (EZToken issued).
2026-09-08 18:28:46,457 [INFO] Skipping discussion ' Robie Call': latest activity is already from Robie.
2026-09-08 18:28:46,463 [INFO] Skipping discussion '' noteId=1123713292: already processed (842172217:1123713292).
2026-09-08 18:28:46,466 [INFO] Skipping discussion 'Text Sent - Tuesday, September 8, 2026' noteId=1123691065: already processed (842047443:1123691065).
2026-09-08 18:28:46,475 [INFO] Skipping discussion 'Rest': latest activity is already from Robie.
{
  "applicants_scanned": 69,
  "applicant_ids": [
    "102351931",
    "143979332",
    "144897143",
    "145217363",
    "145834411",
    "148235525",
    "150751441",
    "151382204",
    "151445306",
    "157388228",
    "163863318",
    "173838508",
    "186333470",
    "193438339",
    "196126698",
    "196851140",
    "197389903",
    "197891661",
    "197895504",
    "198604342",
    "198908859",
    "199395147",
    "199797602",
    "21587333",
    "21588091",
    "220250093",
    "25156187",
    "25721447",
    "26042781",
    "31439734",
    "35209713",
    "54893172",
    "58768907",
    "58866127",
    "76858853",
    "79002334",
    "83571357",
    "84705043",
    "95254866",
    "99055770",
    "99340932",
    "40187812",
    "221994800",
    "221491619",
    "60944801",
    "221948543",
    "185185666",
    "45309645",
    "222093535",
    "21587128",
    "43377183",
    "214608751",
    "86792493",
    "221398001",
    "22769703",
    "205968987",
    "99668417",
    "222169860",
    "40006511",
    "84910849",
    "92934889",
    "217339480",
    "194066748",
    "201589637",
    "54720233",
    "217780869",
    "220549287",
    "68223048",
    "26356199"
  ],
  "dispatched": [],
  "errors": [],
  "dry_run": false
}
2026-09-08T18:28:47+00:00 finish robie call label watch rc=0
2026-09-08T18:33:01+00:00 start robie call label watch timeout=90s extra=
2026-09-08 18:33:03,382 [INFO] Agency-wide discovery added 50 recent active accounts to Robie watch list.
2026-09-08 18:33:04,101 [INFO] Successfully authenticated with Classic EZLynx API (EZToken issued).
2026-09-08 18:33:28,683 [INFO] No discussions found for applicant 92948949
{
  "applicants_scanned": 70,
  "applicant_ids": [
    "102351931",
    "143979332",
    "144897143",
    "145217363",
    "145834411",
    "148235525",
    "150751441",
    "151382204",
    "151445306",
    "157388228",
    "163863318",
    "173838508",
    "186333470",
    "193438339",
    "196126698",
    "196851140",
    "197389903",
    "197891661",
    "197895504",
    "198604342",
    "198908859",
    "199395147",
    "199797602",
    "21587333",
    "21588091",
    "220250093",
    "25156187",
    "25721447",
    "26042781",
    "31439734",
    "35209713",
    "54893172",
    "58768907",
    "58866127",
    "76858853",
    "79002334",
    "83571357",
    "84705043",
    "95254866",
    "99055770",
    "99340932",
    "195714182",
    "133083358",
    "219676477",
    "126517346",
    "217876240",
    "58045889",
    "151441679",
    "222039902",
    "92948949",
    "191164171",
    "84910849",
    "40187812",
    "221994800",
    "221491619",
    "60944801",
    "221948543",
    "185185666",
    "45309645",
    "222093535",
    "21587128",
    "43377183",
    "214608751",
    "86792493",
    "221398001",
    "22769703",
    "205968987",
    "99668417",
    "222169860",
    "40006511"
  ],
  "dispatched": [],
  "errors": [],
  "dry_run": false
}
2026-09-08T18:33:46+00:00 finish robie call label watch rc=0
2026-09-08T18:38:01+00:00 start robie call label watch timeout=90s extra=
2026-09-08 18:38:03,453 [INFO] Agency-wide discovery added 50 recent active accounts to Robie watch list.
2026-09-08 18:38:04,236 [INFO] Successfully authenticated with Classic EZLynx API (EZToken issued).
{
  "applicants_scanned": 69,
  "applicant_ids": [
    "102351931",
    "143979332",
    "144897143",
    "145217363",
    "145834411",
    "148235525",
    "150751441",
    "151382204",
    "151445306",
    "157388228",
    "163863318",
    "173838508",
    "186333470",
    "193438339",
    "196126698",
    "196851140",
    "197389903",
    "197891661",
    "197895504",
    "198604342",
    "198908859",
    "199395147",
    "199797602",
    "21587333",
    "21588091",
    "220250093",
    "25156187",
    "25721447",
    "26042781",
    "31439734",
    "35209713",
    "54893172",
    "58768907",
    "58866127",
    "76858853",
    "79002334",
    "83571357",
    "84705043",
    "95254866",
    "99055770",
    "99340932",
    "58045889",
    "221780522",
    "192227958",
    "217876240",
    "221781158",
    "133083358",
    "38142343",
    "26773749",
    "222039902",
    "221491619",
    "222093535",
    "195714182",
    "151441679",
    "219676477",
    "126517346",
    "92948949",
    "191164171",
    "84910849",
    "40187812",
    "221994800",
    "60944801",
    "221948543",
    "185185666",
    "45309645",
    "21587128",
    "43377183",
    "214608751",
    "86792493"
  ],
  "dispatched": [],
  "errors": [],
  "dry_run": false
}
2026-09-08T18:38:46+00:00 finish robie call label watch rc=0
2026-09-08T18:43:01+00:00 start robie call label watch timeout=90s extra=
2026-09-08 18:43:03,877 [INFO] Agency-wide discovery added 50 recent active accounts to Robie watch list.
2026-09-08 18:43:04,699 [INFO] Successfully authenticated with Classic EZLynx API (EZToken issued).
{
  "applicants_scanned": 70,
  "applicant_ids": [
    "102351931",
    "143979332",
    "144897143",
    "145217363",
    "145834411",
    "148235525",
    "150751441",
    "151382204",
    "151445306",
    "157388228",
    "163863318",
    "173838508",
    "186333470",
    "193438339",
    "196126698",
    "196851140",
    "197389903",
    "197891661",
    "197895504",
    "198604342",
    "198908859",
    "199395147",
    "199797602",
    "21587333",
    "21588091",
    "220250093",
    "25156187",
    "25721447",
    "26042781",
    "31439734",
    "35209713",
    "54893172",
    "58768907",
    "58866127",
    "76858853",
    "79002334",
    "83571357",
    "84705043",
    "95254866",
    "99055770",
    "99340932",
    "221708971",
    "178924738",
    "221730436",
    "192227958",
    "221760523",
    "221491619",
    "38142343",
    "185185666",
    "58045889",
    "221780522",
    "217876240",
    "221781158",
    "133083358",
    "26773749",
    "222039902",
    "222093535",
    "195714182",
    "151441679",
    "219676477",
    "126517346",
    "92948949",
    "191164171",
    "84910849",
    "40187812",
    "221994800",
    "60944801",
    "221948543",
    "45309645",
    "21587128"
  ],
  "dispatched": [],
  "errors": [],
  "dry_run": false
}
2026-09-08T18:43:44+00:00 finish robie call label watch rc=0
2026-09-08T18:48:01+00:00 start robie call label watch timeout=90s extra=
2026-09-08 18:48:03,239 [INFO] Agency-wide discovery added 50 recent active accounts to Robie watch list.
2026-09-08 18:48:04,003 [INFO] Successfully authenticated with Classic EZLynx API (EZToken issued).
2026-09-08 18:48:25,750 [INFO] Skipping discussion ' Robie Call': latest activity is already from Robie.
2026-09-08 18:48:25,750 [INFO] Skipping discussion '' noteId=1123713292: already processed (842172217:1123713292).
2026-09-08 18:48:25,751 [INFO] Skipping discussion 'Text Sent - Tuesday, September 8, 2026' noteId=1123691065: already processed (842047443:1123691065).
2026-09-08 18:48:25,753 [INFO] Skipping discussion 'Rest': latest activity is already from Robie.
{
  "applicants_scanned": 72,
  "applicant_ids": [
    "102351931",
    "143979332",
    "144897143",
    "145217363",
    "145834411",
    "148235525",
    "150751441",
    "151382204",
    "151445306",
    "157388228",
    "163863318",
    "173838508",
    "186333470",
    "193438339",
    "196126698",
    "196851140",
    "197389903",
    "197891661",
    "197895504",
    "198604342",
    "198908859",
    "199395147",
    "199797602",
    "21587333",
    "21588091",
    "220250093",
    "25156187",
    "25721447",
    "26042781",
    "31439734",
    "35209713",
    "54893172",
    "58768907",
    "58866127",
    "76858853",
    "79002334",
    "83571357",
    "84705043",
    "95254866",
    "99055770",
    "99340932",
    "222039902",
    "195714182",
    "128308885",
    "26356199",
    "221591978",
    "222173237",
    "39998994",
    "31897605",
    "197505487",
    "221708971",
    "178924738",
    "221730436",
    "192227958",
    "221760523",
    "221491619",
    "38142343",
    "185185666",
    "58045889",
    "221780522",
    "217876240",
    "221781158",
    "133083358",
    "26773749",
    "222093535",
    "151441679",
    "219676477",
    "126517346",
    "92948949",
    "191164171",
    "84910849",
    "40187812"
  ],
  "dispatched": [],
  "errors": [],
  "dry_run": false
}
2026-09-08T18:48:46+00:00 finish robie call label watch rc=0
2026-09-08T18:53:01+00:00 start robie call label watch timeout=90s extra=
2026-09-08 18:53:03,539 [INFO] Agency-wide discovery added 50 recent active accounts to Robie watch list.
2026-09-08 18:53:04,389 [INFO] Successfully authenticated with Classic EZLynx API (EZToken issued).
2026-09-08 18:53:29,868 [INFO] Skipping discussion ' Robie Call': latest activity is already from Robie.
2026-09-08 18:53:29,869 [INFO] Skipping discussion '' noteId=1123713292: already processed (842172217:1123713292).
2026-09-08 18:53:29,870 [INFO] Skipping discussion 'Text Sent - Tuesday, September 8, 2026' noteId=1123691065: already processed (842047443:1123691065).
2026-09-08 18:53:29,872 [INFO] Skipping discussion 'Rest': latest activity is already from Robie.
{
  "applicants_scanned": 72,
  "applicant_ids": [
    "102351931",
    "143979332",
    "144897143",
    "145217363",
    "145834411",
    "148235525",
    "150751441",
    "151382204",
    "151445306",
    "157388228",
    "163863318",
    "173838508",
    "186333470",
    "193438339",
    "196126698",
    "196851140",
    "197389903",
    "197891661",
    "197895504",
    "198604342",
    "198908859",
    "199395147",
    "199797602",
    "21587333",
    "21588091",
    "220250093",
    "25156187",
    "25721447",
    "26042781",
    "31439734",
    "35209713",
    "54893172",
    "58768907",
    "58866127",
    "76858853",
    "79002334",
    "83571357",
    "84705043",
    "95254866",
    "99055770",
    "99340932",
    "195714182",
    "222148935",
    "120413757",
    "68345689",
    "222008489",
    "222039902",
    "128308885",
    "189918626",
    "221591978",
    "221527076",
    "36427615",
    "21587434",
    "26356199",
    "222173237",
    "39998994",
    "31897605",
    "197505487",
    "221708971",
    "178924738",
    "221730436",
    "192227958",
    "221760523",
    "221491619",
    "38142343",
    "185185666",
    "58045889",
    "221780522",
    "217876240",
    "221781158",
    "133083358",
    "26773749"
  ],
  "dispatched": [],
  "errors": [],
  "dry_run": false
}
2026-09-08T18:53:41+00:00 finish robie call label watch rc=0
2026-09-08T18:58:01+00:00 start robie call label watch timeout=90s extra=
2026-09-08 18:58:03,279 [INFO] Agency-wide discovery added 50 recent active accounts to Robie watch list.
2026-09-08 18:58:04,154 [INFO] Successfully authenticated with Classic EZLynx API (EZToken issued).
2026-09-08 18:58:39,739 [INFO] Skipping discussion ' Robie Call': latest activity is already from Robie.
2026-09-08 18:58:39,740 [INFO] Skipping discussion '' noteId=1123713292: already processed (842172217:1123713292).
2026-09-08 18:58:39,741 [INFO] Skipping discussion 'Text Sent - Tuesday, September 8, 2026' noteId=1123691065: already processed (842047443:1123691065).
2026-09-08 18:58:39,742 [INFO] Skipping discussion 'Rest': latest activity is already from Robie.
{
  "applicants_scanned": 72,
  "applicant_ids": [
    "102351931",
    "143979332",
    "144897143",
    "145217363",
    "145834411",
    "148235525",
    "150751441",
    "151382204",
    "151445306",
    "157388228",
    "163863318",
    "173838508",
    "186333470",
    "193438339",
    "196126698",
    "196851140",
    "197389903",
    "197891661",
    "197895504",
    "198604342",
    "198908859",
    "199395147",
    "199797602",
    "21587333",
    "21588091",
    "220250093",
    "25156187",
    "25721447",
    "26042781",
    "31439734",
    "35209713",
    "54893172",
    "58768907",
    "58866127",
    "76858853",
    "79002334",
    "83571357",
    "84705043",
    "95254866",
    "99055770",
    "99340932",
    "222008489",
    "59642520",
    "128308885",
    "201601142",
    "205262258",
    "221381820",
    "195714182",
    "122593411",
    "217780869",
    "222039902",
    "221509276",
    "188197398",
    "222148935",
    "120413757",
    "68345689",
    "189918626",
    "221591978",
    "221527076",
    "36427615",
    "21587434",
    "26356199",
    "222173237",
    "39998994",
    "31897605",
    "197505487",
    "221708971",
    "178924738",
    "221730436",
    "192227958",
    "221760523",
    "221491619"
  ],
  "dispatched": [],
  "errors": [],
  "dry_run": false
}
2026-09-08T18:58:44+00:00 finish robie call label watch rc=0
2026-09-08T19:03:01+00:00 start robie call label watch timeout=90s extra=
2026-09-08 19:03:03,825 [INFO] Agency-wide discovery added 50 recent active accounts to Robie watch list.
2026-09-08 19:03:04,600 [INFO] Successfully authenticated with Classic EZLynx API (EZToken issued).
2026-09-08 19:03:47,843 [INFO] Skipping discussion ' Robie Call': latest activity is already from Robie.
2026-09-08 19:03:47,844 [INFO] Skipping discussion '' noteId=1123713292: already processed (842172217:1123713292).
2026-09-08 19:03:47,845 [INFO] Skipping discussion 'Text Sent - Tuesday, September 8, 2026' noteId=1123691065: already processed (842047443:1123691065).
2026-09-08 19:03:47,847 [INFO] Skipping discussion 'Rest': latest activity is already from Robie.
{
  "applicants_scanned": 73,
  "applicant_ids": [
    "102351931",
    "143979332",
    "144897143",
    "145217363",
    "145834411",
    "148235525",
    "150751441",
    "151382204",
    "151445306",
    "157388228",
    "163863318",
    "173838508",
    "186333470",
    "193438339",
    "196126698",
    "196851140",
    "197389903",
    "197891661",
    "197895504",
    "198604342",
    "198908859",
    "199395147",
    "199797602",
    "21587333",
    "21588091",
    "220250093",
    "25156187",
    "25721447",
    "26042781",
    "31439734",
    "35209713",
    "54893172",
    "58768907",
    "58866127",
    "76858853",
    "79002334",
    "83571357",
    "84705043",
    "95254866",
    "99055770",
    "99340932",
    "40187812",
    "43377183",
    "101309045",
    "73229498",
    "221730436",
    "21587939",
    "222008489",
    "59642520",
    "128308885",
    "201601142",
    "205262258",
    "221381820",
    "195714182",
    "122593411",
    "217780869",
    "222039902",
    "221509276",
    "188197398",
    "222148935",
    "120413757",
    "68345689",
    "189918626",
    "221591978",
    "221527076",
    "36427615",
    "21587434",
    "26356199",
    "222173237",
    "39998994",
    "31897605",
    "197505487",
    "221708971"
  ],
  "dispatched": [],
  "errors": [],
  "dry_run": false
}
2026-09-08T19:03:50+00:00 finish robie call label watch rc=0
2026-09-08T19:08:01+00:00 start robie call label watch timeout=90s extra=
2026-09-08 19:08:03,655 [INFO] Agency-wide discovery added 50 recent active accounts to Robie watch list.
2026-09-08 19:08:04,454 [INFO] Successfully authenticated with Classic EZLynx API (EZToken issued).
2026-09-08 19:08:47,577 [INFO] Skipping discussion ' Robie Call': latest activity is already from Robie.
2026-09-08 19:08:47,578 [INFO] Skipping discussion '' noteId=1123713292: already processed (842172217:1123713292).
2026-09-08 19:08:47,579 [INFO] Skipping discussion 'Text Sent - Tuesday, September 8, 2026' noteId=1123691065: already processed (842047443:1123691065).
2026-09-08 19:08:47,581 [INFO] Skipping discussion 'Rest': latest activity is already from Robie.
{
  "applicants_scanned": 76,
  "applicant_ids": [
    "102351931",
    "143979332",
    "144897143",
    "145217363",
    "145834411",
    "148235525",
    "150751441",
    "151382204",
    "151445306",
    "157388228",
    "163863318",
    "173838508",
    "186333470",
    "193438339",
    "196126698",
    "196851140",
    "197389903",
    "197891661",
    "197895504",
    "198604342",
    "198908859",
    "199395147",
    "199797602",
    "21587333",
    "21588091",
    "220250093",
    "25156187",
    "25721447",
    "26042781",
    "31439734",
    "35209713",
    "54893172",
    "58768907",
    "58866127",
    "76858853",
    "79002334",
    "83571357",
    "84705043",
    "95254866",
    "99055770",
    "99340932",
    "138179605",
    "107830497",
    "21587231",
    "73229498",
    "219390093",
    "21587599",
    "195714182",
    "222032074",
    "211369135",
    "222086921",
    "40187812",
    "43377183",
    "101309045",
    "221730436",
    "21587939",
    "222008489",
    "59642520",
    "128308885",
    "201601142",
    "205262258",
    "221381820",
    "122593411",
    "217780869",
    "222039902",
    "221509276",
    "188197398",
    "222148935",
    "120413757",
    "68345689",
    "189918626",
    "221591978",
    "221527076",
    "36427615",
    "21587434",
    "26356199"
  ],
  "dispatched": [],
  "errors": [],
  "dry_run": false
}
2026-09-08T19:08:47+00:00 finish robie call label watch rc=0
2026-09-08T19:13:01+00:00 start robie call label watch timeout=90s extra=
2026-09-08 19:13:03,896 [INFO] Agency-wide discovery added 50 recent active accounts to Robie watch list.
2026-09-08 19:13:04,707 [INFO] Successfully authenticated with Classic EZLynx API (EZToken issued).
2026-09-08 19:13:28,587 [INFO] [ROBIE CLIENT OUTREACH] Applicant: 221371960 (Angel Afanador) | primary Angel at +18565588106 | Policy: N/A
2026-09-08 19:13:28,587 [INFO] Applicant 221371960 has no Assigned Producer full name on sidebar; skipping client_outreach warm transfer.
2026-09-08 19:13:29,621 [INFO] Matched explicitly requested discussion card: 'New Business - New Status' (ID 837646810)
2026-09-08 19:13:29,905 [INFO] Successfully posted note via EZLynx REST Note API for Applicant 221371960: NoteId 1123806395 into 'New Business - New Status'
2026-09-08 19:13:32,972 [INFO] [ROBIE CLIENT OUTREACH] Applicant: 221373056 (Guillermo Ledesma) | primary Guillermo at +19563327948 | Policy: N/A
2026-09-08 19:13:32,972 [INFO] Applicant 221373056 has no Assigned Producer full name on sidebar; skipping client_outreach warm transfer.
2026-09-08 19:13:33,965 [INFO] Matched explicitly requested discussion card: 'New Business - New Status' (ID 837651567)
2026-09-08 19:13:34,343 [INFO] Successfully posted note via EZLynx REST Note API for Applicant 221373056: NoteId 1123806454 into 'New Business - New Status'
{
  "applicants_scanned": 78,
  "applicant_ids": [
    "102351931",
    "143979332",
    "144897143",
    "145217363",
    "145834411",
    "148235525",
    "150751441",
    "151382204",
    "151445306",
    "157388228",
    "163863318",
    "173838508",
    "186333470",
    "193438339",
    "196126698",
    "196851140",
    "197389903",
    "197891661",
    "197895504",
    "198604342",
    "198908859",
    "199395147",
    "199797602",
    "21587333",
    "21588091",
    "220250093",
    "25156187",
    "25721447",
    "26042781",
    "31439734",
    "35209713",
    "54893172",
    "58768907",
    "58866127",
    "76858853",
    "79002334",
    "83571357",
    "84705043",
    "95254866",
    "99055770",
    "99340932",
    "143632476",
    "221371960",
    "156260370",
    "138179605",
    "222039902",
    "90492616",
    "167230246",
    "221373056",
    "92934889",
    "221891200",
    "107830497",
    "21587231",
    "73229498",
    "219390093",
    "21587599",
    "195714182",
    "222032074",
    "211369135",
    "222086921",
    "40187812",
    "43377183",
    "101309045",
    "221730436",
    "21587939",
    "222008489",
    "59642520",
    "128308885",
    "201601142",
    "205262258",
    "221381820",
    "122593411",
    "217780869",
    "221509276",
    "188197398",
    "222148935",
    "120413757",
    "68345689"
  ],
  "dispatched": [
    {
      "applicant_id": "221371960",
      "discussion_title": "New Business - New Status",
      "phone": "+18565588106",
      "phones": [
        "+18565588106"
      ],
      "target": "Angel Afanador",
      "call_id": "3638578a-38ea-4158-9cf2-87585fc52484",
      "call_ids": [
        "3638578a-38ea-4158-9cf2-87585fc52484"
      ],
      "dials": [
        {
          "role": "primary",
          "phone": "+18565588106",
          "first_name": "Angel",
          "call_id": "3638578a-38ea-4158-9cf2-87585fc52484",
          "status": "DISPATCHED"
        }
      ],
      "status": "DISPATCHED",
      "call_type": "client_outreach",
      "outreach_pathway": "unresponsive",
      "producer_name": null,
      "assigned_producer_name": null,
      "assigned_producer_phone": null,
      "requestor_name": "Nelson Maldonado",
      "requestor_phone": null,
      "note_id": "1123805429",
      "note_identity": "837646810:1123805429"
    },
    {
      "applicant_id": "221373056",
      "discussion_title": "New Business - New Status",
      "phone": "+19563327948",
      "phones": [
        "+19563327948"
      ],
      "target": "Guillermo Ledesma",
      "call_id": "6c013e36-b22a-41cf-a14c-6b74cafccd18",
      "call_ids": [
        "6c013e36-b22a-41cf-a14c-6b74cafccd18"
      ],
      "dials": [
        {
          "role": "primary",
          "phone": "+19563327948",
          "first_name": "Guillermo",
          "call_id": "6c013e36-b22a-41cf-a14c-6b74cafccd18",
          "status": "DISPATCHED"
        }
      ],
      "status": "DISPATCHED",
      "call_type": "client_outreach",
      "outreach_pathway": "unresponsive",
      "producer_name": null,
      "assigned_producer_name": null,
      "assigned_producer_phone": null,
      "requestor_name": "Nelson Maldonado",
      "requestor_phone": null,
      "note_id": "1123803139",
      "note_identity": "837651567:1123803139"
    }
  ],
  "errors": [],
  "dry_run": false
}
2026-09-08T19:13:51+00:00 finish robie call label watch rc=0
2026-09-08T19:18:01+00:00 start robie call label watch timeout=90s extra=
2026-09-08 19:18:03,873 [INFO] Agency-wide discovery added 50 recent active accounts to Robie watch list.
2026-09-08 19:18:04,667 [INFO] Successfully authenticated with Classic EZLynx API (EZToken issued).
2026-09-08 19:18:29,085 [INFO] [ROBIE CLIENT OUTREACH] Applicant: 221370424 (Susan Werba) | primary Susan at +19737236507 | Policy: N/A
2026-09-08 19:18:29,085 [INFO] Applicant 221370424 has no Assigned Producer full name on sidebar; skipping client_outreach warm transfer.
2026-09-08 19:18:30,138 [INFO] Matched explicitly requested discussion card: 'New Business - New Status' (ID 837640853)
2026-09-08 19:18:30,509 [INFO] Successfully posted note via EZLynx REST Note API for Applicant 221370424: NoteId 1123810387 into 'New Business - New Status'
2026-09-08 19:18:35,326 [INFO] [ROBIE CLIENT OUTREACH] Applicant: 21588003 (Cocoa Beach Tanning Lounge Inc.) | primary Stephanie at +17183550188 | Policy: 13WBCPX1839
2026-09-08 19:18:35,327 [INFO] Applicant 21588003 has no Assigned Producer full name on sidebar; skipping client_outreach warm transfer.
2026-09-08 19:18:36,772 [INFO] Matched discussion by score (30pts): 'Master Certificate Renewal' (ID 827454073)
2026-09-08 19:18:37,813 [INFO] Successfully posted note via EZLynx REST Note API for Applicant 21588003: NoteId 1123810484 into 'Master Certificate Renewal'
{
  "applicants_scanned": 80,
  "applicant_ids": [
    "102351931",
    "143979332",
    "144897143",
    "145217363",
    "145834411",
    "148235525",
    "150751441",
    "151382204",
    "151445306",
    "157388228",
    "163863318",
    "173838508",
    "186333470",
    "193438339",
    "196126698",
    "196851140",
    "197389903",
    "197891661",
    "197895504",
    "198604342",
    "198908859",
    "199395147",
    "199797602",
    "21587333",
    "21588091",
    "220250093",
    "25156187",
    "25721447",
    "26042781",
    "31439734",
    "35209713",
    "54893172",
    "58768907",
    "58866127",
    "76858853",
    "79002334",
    "83571357",
    "84705043",
    "95254866",
    "99055770",
    "99340932",
    "215077623",
    "82980625",
    "221370424",
    "218060017",
    "211475390",
    "221891200",
    "221491619",
    "169497053",
    "38455028",
    "221373056",
    "21588003",
    "221371960",
    "222032074",
    "143632476",
    "156260370",
    "138179605",
    "222039902",
    "90492616",
    "167230246",
    "92934889",
    "107830497",
    "21587231",
    "73229498",
    "219390093",
    "21587599",
    "195714182",
    "211369135",
    "222086921",
    "40187812",
    "43377183",
    "101309045",
    "221730436",
    "21587939",
    "222008489",
    "59642520",
    "128308885",
    "201601142",
    "205262258",
    "221381820"
  ],
  "dispatched": [
    {
      "applicant_id": "221370424",
      "discussion_title": "New Business - New Status",
      "phone": "+19737236507",
      "phones": [
        "+19737236507"
      ],
      "target": "Susan Werba",
      "call_id": "990db802-26ce-4d22-8d65-c8d8aec7fa28",
      "call_ids": [
        "990db802-26ce-4d22-8d65-c8d8aec7fa28"
      ],
      "dials": [
        {
          "role": "primary",
          "phone": "+19737236507",
          "first_name": "Susan",
          "call_id": "990db802-26ce-4d22-8d65-c8d8aec7fa28",
          "status": "DISPATCHED"
        }
      ],
      "status": "DISPATCHED",
      "call_type": "client_outreach",
      "outreach_pathway": "unresponsive",
      "producer_name": null,
      "assigned_producer_name": null,
      "assigned_producer_phone": null,
      "requestor_name": "Nelson Maldonado",
      "requestor_phone": null,
      "note_id": "1123809231",
      "note_identity": "837640853:1123809231"
    },
    {
      "applicant_id": "21588003",
      "discussion_title": "General Inquiry",
      "phone": "+17183550188",
      "phones": [
        "+17183550188"
      ],
      "target": "Cocoa Beach Tanning Lounge Inc.",
      "call_id": "493fb690-5611-4d7f-ab58-2f3460b28a70",
      "call_ids": [
        "493fb690-5611-4d7f-ab58-2f3460b28a70"
      ],
      "dials": [
        {
          "role": "primary",
          "phone": "+17183550188",
          "first_name": "Stephanie",
          "call_id": "493fb690-5611-4d7f-ab58-2f3460b28a70",
          "status": "DISPATCHED"
        }
      ],
      "status": "DISPATCHED",
      "call_type": "client_outreach",
      "outreach_pathway": "unresponsive",
      "producer_name": null,
      "assigned_producer_name": null,
      "assigned_producer_phone": null,
      "requestor_name": "Zeus Quezada",
      "requestor_phone": null,
      "note_id": "1065167723",
      "note_identity": "798750643:1065167723"
    }
  ],
  "errors": [],
  "dry_run": false
}
2026-09-08T19:18:52+00:00 finish robie call label watch rc=0
2026-09-08T19:23:01+00:00 start robie call label watch timeout=90s extra=
2026-09-08 19:23:04,141 [INFO] Agency-wide discovery added 50 recent active accounts to Robie watch list.
2026-09-08 19:23:04,917 [INFO] Successfully authenticated with Classic EZLynx API (EZToken issued).
2026-09-08 19:23:29,527 [INFO] Skipping discussion 'General Inquiry' noteId=1065167723: already processed (798750643:1065167723).
{
  "applicants_scanned": 76,
  "applicant_ids": [
    "102351931",
    "143979332",
    "144897143",
    "145217363",
    "145834411",
    "148235525",
    "150751441",
    "151382204",
    "151445306",
    "157388228",
    "163863318",
    "173838508",
    "186333470",
    "193438339",
    "196126698",
    "196851140",
    "197389903",
    "197891661",
    "197895504",
    "198604342",
    "198908859",
    "199395147",
    "199797602",
    "21587333",
    "21588091",
    "220250093",
    "25156187",
    "25721447",
    "26042781",
    "31439734",
    "35209713",
    "54893172",
    "58768907",
    "58866127",
    "76858853",
    "79002334",
    "83571357",
    "84705043",
    "95254866",
    "99055770",
    "99340932",
    "97634732",
    "108472257",
    "221916645",
    "221373056",
    "21588003",
    "221370424",
    "215077623",
    "82980625",
    "218060017",
    "211475390",
    "221891200",
    "221491619",
    "169497053",
    "38455028",
    "221371960",
    "222032074",
    "143632476",
    "156260370",
    "138179605",
    "222039902",
    "90492616",
    "167230246",
    "92934889",
    "107830497",
    "21587231",
    "73229498",
    "219390093",
    "21587599",
    "195714182",
    "211369135",
    "222086921",
    "40187812",
    "43377183",
    "101309045",
    "221730436"
  ],
  "dispatched": [],
  "errors": [],
  "dry_run": false
}
2026-09-08T19:23:45+00:00 finish robie call label watch rc=0
2026-09-08T19:28:01+00:00 start robie call label watch timeout=90s extra=
2026-09-08 19:28:03,534 [INFO] Agency-wide discovery added 50 recent active accounts to Robie watch list.
2026-09-08 19:28:04,312 [INFO] Successfully authenticated with Classic EZLynx API (EZToken issued).
2026-09-08 19:28:33,033 [INFO] Skipping discussion 'General Inquiry' noteId=1065167723: already processed (798750643:1065167723).
{
  "applicants_scanned": 76,
  "applicant_ids": [
    "102351931",
    "143979332",
    "144897143",
    "145217363",
    "145834411",
    "148235525",
    "150751441",
    "151382204",
    "151445306",
    "157388228",
    "163863318",
    "173838508",
    "186333470",
    "193438339",
    "196126698",
    "196851140",
    "197389903",
    "197891661",
    "197895504",
    "198604342",
    "198908859",
    "199395147",
    "199797602",
    "21587333",
    "21588091",
    "220250093",
    "25156187",
    "25721447",
    "26042781",
    "31439734",
    "35209713",
    "54893172",
    "58768907",
    "58866127",
    "76858853",
    "79002334",
    "83571357",
    "84705043",
    "95254866",
    "99055770",
    "99340932",
    "153093370",
    "194053527",
    "92948949",
    "217876240",
    "197121958",
    "21587231",
    "217780869",
    "25785779",
    "167039357",
    "221891200",
    "169083844",
    "221129298",
    "21587277",
    "214769388",
    "97634732",
    "108472257",
    "221916645",
    "221373056",
    "21588003",
    "221370424",
    "215077623",
    "82980625",
    "218060017",
    "211475390",
    "221491619",
    "169497053",
    "38455028",
    "221371960",
    "222032074",
    "143632476",
    "156260370",
    "138179605",
    "222039902",
    "90492616",
    "167230246"
  ],
  "dispatched": [],
  "errors": [],
  "dry_run": false
}
2026-09-08T19:28:46+00:00 finish robie call label watch rc=0
2026-09-08T19:33:01+00:00 start robie call label watch timeout=90s extra=
2026-09-08 19:33:03,866 [INFO] Agency-wide discovery added 50 recent active accounts to Robie watch list.
2026-09-08 19:33:04,658 [INFO] Successfully authenticated with Classic EZLynx API (EZToken issued).
2026-09-08 19:33:40,183 [INFO] Skipping discussion 'General Inquiry' noteId=1065167723: already processed (798750643:1065167723).
{
  "applicants_scanned": 74,
  "applicant_ids": [
    "102351931",
    "143979332",
    "144897143",
    "145217363",
    "145834411",
    "148235525",
    "150751441",
    "151382204",
    "151445306",
    "157388228",
    "163863318",
    "173838508",
    "186333470",
    "193438339",
    "196126698",
    "196851140",
    "197389903",
    "197891661",
    "197895504",
    "198604342",
    "198908859",
    "199395147",
    "199797602",
    "21587333",
    "21588091",
    "220250093",
    "25156187",
    "25721447",
    "26042781",
    "31439734",
    "35209713",
    "54893172",
    "58768907",
    "58866127",
    "76858853",
    "79002334",
    "83571357",
    "84705043",
    "95254866",
    "99055770",
    "99340932",
    "97634732",
    "195714182",
    "25720144",
    "153093370",
    "152574260",
    "222039902",
    "25741684",
    "194053527",
    "92948949",
    "217876240",
    "197121958",
    "21587231",
    "217780869",
    "25785779",
    "167039357",
    "221891200",
    "169083844",
    "221129298",
    "21587277",
    "214769388",
    "108472257",
    "221916645",
    "221373056",
    "21588003",
    "221370424",
    "215077623",
    "82980625",
    "218060017",
    "211475390",
    "221491619",
    "169497053",
    "38455028",
    "221371960"
  ],
  "dispatched": [],
  "errors": [],
  "dry_run": false
}
2026-09-08T19:33:44+00:00 finish robie call label watch rc=0
2026-09-08T19:38:01+00:00 start robie call label watch timeout=90s extra=
2026-09-08 19:38:03,318 [INFO] Agency-wide discovery added 50 recent active accounts to Robie watch list.
2026-09-08 19:38:04,104 [INFO] Successfully authenticated with Classic EZLynx API (EZToken issued).
2026-09-08 19:38:41,368 [INFO] Skipping discussion 'General Inquiry' noteId=1065167723: already processed (798750643:1065167723).
{
  "applicants_scanned": 76,
  "applicant_ids": [
    "102351931",
    "143979332",
    "144897143",
    "145217363",
    "145834411",
    "148235525",
    "150751441",
    "151382204",
    "151445306",
    "157388228",
    "163863318",
    "173838508",
    "186333470",
    "193438339",
    "196126698",
    "196851140",
    "197389903",
    "197891661",
    "197895504",
    "198604342",
    "198908859",
    "199395147",
    "199797602",
    "21587333",
    "21588091",
    "220250093",
    "25156187",
    "25721447",
    "26042781",
    "31439734",
    "35209713",
    "54893172",
    "58768907",
    "58866127",
    "76858853",
    "79002334",
    "83571357",
    "84705043",
    "95254866",
    "99055770",
    "99340932",
    "89961199",
    "101804387",
    "221872699",
    "58288714",
    "97634732",
    "195714182",
    "25720144",
    "153093370",
    "152574260",
    "222039902",
    "25741684",
    "194053527",
    "92948949",
    "217876240",
    "197121958",
    "21587231",
    "217780869",
    "25785779",
    "167039357",
    "221891200",
    "169083844",
    "221129298",
    "21587277",
    "214769388",
    "108472257",
    "221916645",
    "221373056",
    "21588003",
    "221370424",
    "215077623",
    "82980625",
    "218060017",
    "211475390",
    "221491619",
    "169497053"
  ],
  "dispatched": [],
  "errors": [],
  "dry_run": false
}
2026-09-08T19:38:46+00:00 finish robie call label watch rc=0
2026-09-08T19:43:01+00:00 start robie call label watch timeout=90s extra=
2026-09-08 19:43:04,065 [INFO] Agency-wide discovery added 50 recent active accounts to Robie watch list.
2026-09-08 19:43:04,947 [INFO] Successfully authenticated with Classic EZLynx API (EZToken issued).
2026-09-08 19:43:48,665 [INFO] Skipping discussion 'General Inquiry' noteId=1065167723: already processed (798750643:1065167723).
{
  "applicants_scanned": 76,
  "applicant_ids": [
    "102351931",
    "143979332",
    "144897143",
    "145217363",
    "145834411",
    "148235525",
    "150751441",
    "151382204",
    "151445306",
    "157388228",
    "163863318",
    "173838508",
    "186333470",
    "193438339",
    "196126698",
    "196851140",
    "197389903",
    "197891661",
    "197895504",
    "198604342",
    "198908859",
    "199395147",
    "199797602",
    "21587333",
    "21588091",
    "220250093",
    "25156187",
    "25721447",
    "26042781",
    "31439734",
    "35209713",
    "54893172",
    "58768907",
    "58866127",
    "76858853",
    "79002334",
    "83571357",
    "84705043",
    "95254866",
    "99055770",
    "99340932",
    "167370680",
    "45309645",
    "53869077",
    "21586849",
    "195714182",
    "222039902",
    "89961199",
    "101804387",
    "221872699",
    "58288714",
    "97634732",
    "25720144",
    "153093370",
    "152574260",
    "25741684",
    "194053527",
    "92948949",
    "217876240",
    "197121958",
    "21587231",
    "217780869",
    "25785779",
    "167039357",
    "221891200",
    "169083844",
    "221129298",
    "21587277",
    "214769388",
    "108472257",
    "221916645",
    "221373056",
    "21588003",
    "221370424",
    "215077623",
    "82980625"
  ],
  "dispatched": [],
  "errors": [],
  "dry_run": false
}
2026-09-08T19:43:50+00:00 finish robie call label watch rc=0
2026-09-08T19:48:01+00:00 start robie call label watch timeout=90s extra=
2026-09-08 19:48:03,425 [INFO] Agency-wide discovery added 50 recent active accounts to Robie watch list.
2026-09-08 19:48:04,189 [INFO] Successfully authenticated with Classic EZLynx API (EZToken issued).
2026-09-08 19:48:29,602 [INFO] [ROBIE CLIENT OUTREACH] Applicant: 99506934 (Adam Frazer) | primary Adam at +18454808341 | Policy: 4701-2200-5071
2026-09-08 19:48:29,602 [INFO] Applicant 99506934 has no Assigned Producer full name on sidebar; skipping client_outreach warm transfer.
2026-09-08 19:48:30,665 [INFO] Matched explicitly requested discussion card: 'New Business - New Status' (ID 675385738)
2026-09-08 19:48:31,249 [INFO] Successfully posted note via EZLynx REST Note API for Applicant 99506934: NoteId 1123833963 into 'New Business - New Status'
{
  "applicants_scanned": 75,
  "applicant_ids": [
    "102351931",
    "143979332",
    "144897143",
    "145217363",
    "145834411",
    "148235525",
    "150751441",
    "151382204",
    "151445306",
    "157388228",
    "163863318",
    "173838508",
    "186333470",
    "193438339",
    "196126698",
    "196851140",
    "197389903",
    "197891661",
    "197895504",
    "198604342",
    "198908859",
    "199395147",
    "199797602",
    "21587333",
    "21588091",
    "220250093",
    "25156187",
    "25721447",
    "26042781",
    "31439734",
    "35209713",
    "54893172",
    "58768907",
    "58866127",
    "76858853",
    "79002334",
    "83571357",
    "84705043",
    "95254866",
    "99055770",
    "99340932",
    "95962189",
    "221964387",
    "211144564",
    "113272609",
    "211769897",
    "99506934",
    "222025989",
    "55520436",
    "167370680",
    "45309645",
    "53869077",
    "21586849",
    "195714182",
    "222039902",
    "89961199",
    "101804387",
    "221872699",
    "58288714",
    "97634732",
    "25720144",
    "153093370",
    "152574260",
    "25741684",
    "194053527",
    "92948949",
    "217876240",
    "197121958",
    "21587231",
    "217780869",
    "25785779",
    "167039357",
    "221891200",
    "169083844",
    "221129298"
  ],
  "dispatched": [
    {
      "applicant_id": "99506934",
      "discussion_title": "New Business - New Status",
      "phone": "+18454808341",
      "phones": [
        "+18454808341"
      ],
      "target": "Adam Frazer",
      "call_id": "83923c9d-8b62-4165-a962-0a0ab464b819",
      "call_ids": [
        "83923c9d-8b62-4165-a962-0a0ab464b819"
      ],
      "dials": [
        {
          "role": "primary",
          "phone": "+18454808341",
          "first_name": "Adam",
          "call_id": "83923c9d-8b62-4165-a962-0a0ab464b819",
          "status": "DISPATCHED"
        }
      ],
      "status": "DISPATCHED",
      "call_type": "client_outreach",
      "outreach_pathway": "unresponsive",
      "producer_name": null,
      "assigned_producer_name": null,
      "assigned_producer_phone": null,
      "requestor_name": "Lola Ferrara",
      "requestor_phone": null,
      "note_id": "897546707",
      "note_identity": "675385738:897546707"
    }
  ],
  "errors": [],
  "dry_run": false
}
2026-09-08T19:48:49+00:00 finish robie call label watch rc=0
2026-09-08T19:53:01+00:00 start robie call label watch timeout=90s extra=
2026-09-08 19:53:03,806 [INFO] Agency-wide discovery added 50 recent active accounts to Robie watch list.
2026-09-08 19:53:04,592 [INFO] Successfully authenticated with Classic EZLynx API (EZToken issued).
2026-09-08 19:53:44,658 [INFO] [ROBIE CLIENT OUTREACH] Applicant: 26525649 (Angel's  Drywall Inc.) | primary Angel at +17325805306 | Policy: Cancellation
2026-09-08 19:53:44,659 [INFO] Applicant 26525649 has no Assigned Producer full name on sidebar; skipping client_outreach warm transfer.
2026-09-08 19:53:46,114 [INFO] Matched partial explicitly requested discussion card: '' (ID 750286152)
2026-09-08 19:53:46,361 [WARNING] REST Note API returned 400: {
  "Message": "The request is invalid.",
  "ModelState": {
    "dto.DiscussionTitle": [
      "The DiscussionTitle field is required."
    ]
  }
}
2026-09-08 19:53:46,878 [INFO] Successfully authenticated with Modern EZLynx OAuth2 Gateway. Scopes: ['DiscussionApi', 'EzLynxApi', 'openid', 'PolicyApi'] (DocumentApi active: False)
2026-09-08 19:53:50,262 [INFO] Navigating to https://app.ezlynx.com/web/account/26525649/activity...
2026-09-08 19:53:57,915 [INFO] Locating discussion matching ''...
2026-09-08 19:53:59,207 [WARNING] Could not click Add to Discussion: Card not found
2026-09-08 19:53:59,862 [WARNING] Playwright poster returned error: Discussion matching '' not found. Recording simulation note.
2026-09-08 19:53:59,862 [INFO] [SIMULATION] Note recorded for Applicant: 26525649 | Title: ''
{
  "applicants_scanned": 70,
  "applicant_ids": [
    "102351931",
    "143979332",
    "144897143",
    "145217363",
    "145834411",
    "148235525",
    "150751441",
    "151382204",
    "151445306",
    "157388228",
    "163863318",
    "173838508",
    "186333470",
    "193438339",
    "196126698",
    "196851140",
    "197389903",
    "197891661",
    "197895504",
    "198604342",
    "198908859",
    "199395147",
    "199797602",
    "21587333",
    "21588091",
    "220250093",
    "25156187",
    "25721447",
    "26042781",
    "31439734",
    "35209713",
    "54893172",
    "58768907",
    "58866127",
    "76858853",
    "79002334",
    "83571357",
    "84705043",
    "95254866",
    "99055770",
    "99340932",
    "219586238",
    "26525649",
    "28090329",
    "222180273",
    "221964387",
    "222180262",
    "92948949",
    "113272609",
    "99506934",
    "95917403",
    "95962189",
    "211144564",
    "211769897",
    "222025989",
    "55520436",
    "167370680",
    "45309645",
    "53869077",
    "21586849",
    "195714182",
    "222039902",
    "89961199",
    "101804387",
    "221872699",
    "58288714",
    "97634732",
    "25720144",
    "153093370",
    "152574260"
  ],
  "dispatched": [
    {
      "applicant_id": "26525649",
      "discussion_title": "Policy Cancellation",
      "phone": "+17325805306",
      "phones": [
        "+17325805306"
      ],
      "target": "Angel's  Drywall Inc.",
      "call_id": "81042a07-2eab-4c68-b962-4fee8f57c856",
      "call_ids": [
        "81042a07-2eab-4c68-b962-4fee8f57c856"
      ],
      "dials": [
        {
          "role": "primary",
          "phone": "+17325805306",
          "first_name": "Angel",
          "call_id": "81042a07-2eab-4c68-b962-4fee8f57c856",
          "status": "DISPATCHED"
        }
      ],
      "status": "DISPATCHED",
      "call_type": "client_outreach",
      "outreach_pathway": "unresponsive",
      "producer_name": null,
      "assigned_producer_name": null,
      "assigned_producer_phone": null,
      "requestor_name": "Ramses  Campos",
      "requestor_phone": null,
      "note_id": "795474828",
      "note_identity": "604155805:795474828"
    }
  ],
  "errors": [],
  "dry_run": false
}
2026-09-08T19:54:23+00:00 finish robie call label watch rc=0
2026-09-08T19:58:01+00:00 start robie call label watch timeout=90s extra=
2026-09-08 19:58:03,890 [INFO] Agency-wide discovery added 50 recent active accounts to Robie watch list.
2026-09-08 19:58:04,712 [INFO] Successfully authenticated with Classic EZLynx API (EZToken issued).
2026-09-08 19:58:27,300 [INFO] Skipping discussion 'Policy Cancellation' noteId=795474828: already processed (604155805:795474828).
{
  "applicants_scanned": 71,
  "applicant_ids": [
    "102351931",
    "143979332",
    "144897143",
    "145217363",
    "145834411",
    "148235525",
    "150751441",
    "151382204",
    "151445306",
    "157388228",
    "163863318",
    "173838508",
    "186333470",
    "193438339",
    "196126698",
    "196851140",
    "197389903",
    "197891661",
    "197895504",
    "198604342",
    "198908859",
    "199395147",
    "199797602",
    "21587333",
    "21588091",
    "220250093",
    "25156187",
    "25721447",
    "26042781",
    "31439734",
    "35209713",
    "54893172",
    "58768907",
    "58866127",
    "76858853",
    "79002334",
    "83571357",
    "84705043",
    "95254866",
    "99055770",
    "99340932",
    "221949018",
    "206862081",
    "25720144",
    "83751638",
    "219586238",
    "26525649",
    "28090329",
    "222180273",
    "221964387",
    "222180262",
    "92948949",
    "113272609",
    "99506934",
    "95917403",
    "95962189",
    "211144564",
    "211769897",
    "222025989",
    "55520436",
    "167370680",
    "45309645",
    "53869077",
    "21586849",
    "195714182",
    "222039902",
    "89961199",
    "101804387",
    "221872699",
    "58288714",
    "97634732"
  ],
  "dispatched": [],
  "errors": [],
  "dry_run": false
}
2026-09-08T19:58:43+00:00 finish robie call label watch rc=0
2026-09-08T20:03:01+00:00 start robie call label watch timeout=90s extra=
2026-09-08 20:03:03,785 [INFO] Agency-wide discovery added 50 recent active accounts to Robie watch list.
2026-09-08 20:03:04,799 [INFO] Successfully authenticated with Classic EZLynx API (EZToken issued).
2026-09-08 20:03:30,984 [INFO] Skipping discussion 'Policy Cancellation' noteId=795474828: already processed (604155805:795474828).
{
  "applicants_scanned": 68,
  "applicant_ids": [
    "102351931",
    "143979332",
    "144897143",
    "145217363",
    "145834411",
    "148235525",
    "150751441",
    "151382204",
    "151445306",
    "157388228",
    "163863318",
    "173838508",
    "186333470",
    "193438339",
    "196126698",
    "196851140",
    "197389903",
    "197891661",
    "197895504",
    "198604342",
    "198908859",
    "199395147",
    "199797602",
    "21587333",
    "21588091",
    "220250093",
    "25156187",
    "25721447",
    "26042781",
    "31439734",
    "35209713",
    "54893172",
    "58768907",
    "58866127",
    "76858853",
    "79002334",
    "83571357",
    "84705043",
    "95254866",
    "99055770",
    "99340932",
    "221991532",
    "196921591",
    "54720233",
    "92948949",
    "221949018",
    "221964387",
    "221891200",
    "43973299",
    "206862081",
    "25720144",
    "83751638",
    "219586238",
    "26525649",
    "28090329",
    "222180273",
    "222180262",
    "113272609",
    "99506934",
    "95917403",
    "95962189",
    "211144564",
    "211769897",
    "222025989",
    "55520436",
    "167370680",
    "45309645",
    "53869077"
  ],
  "dispatched": [],
  "errors": [],
  "dry_run": false
}
2026-09-08T20:03:40+00:00 finish robie call label watch rc=0
2026-09-08T20:08:01+00:00 start robie call label watch timeout=90s extra=
2026-09-08 20:08:04,034 [INFO] Agency-wide discovery added 50 recent active accounts to Robie watch list.
2026-09-08 20:08:04,942 [INFO] Successfully authenticated with Classic EZLynx API (EZToken issued).
2026-09-08 20:08:41,314 [INFO] Skipping discussion 'Policy Cancellation' noteId=795474828: already processed (604155805:795474828).
{
  "applicants_scanned": 68,
  "applicant_ids": [
    "102351931",
    "143979332",
    "144897143",
    "145217363",
    "145834411",
    "148235525",
    "150751441",
    "151382204",
    "151445306",
    "157388228",
    "163863318",
    "173838508",
    "186333470",
    "193438339",
    "196126698",
    "196851140",
    "197389903",
    "197891661",
    "197895504",
    "198604342",
    "198908859",
    "199395147",
    "199797602",
    "21587333",
    "21588091",
    "220250093",
    "25156187",
    "25721447",
    "26042781",
    "31439734",
    "35209713",
    "54893172",
    "58768907",
    "58866127",
    "76858853",
    "79002334",
    "83571357",
    "84705043",
    "95254866",
    "99055770",
    "99340932",
    "196780152",
    "21587244",
    "221093705",
    "216803074",
    "25720144",
    "213602028",
    "171240548",
    "221149598",
    "143857176",
    "221991532",
    "196921591",
    "54720233",
    "92948949",
    "221949018",
    "221964387",
    "221891200",
    "43973299",
    "206862081",
    "83751638",
    "219586238",
    "26525649",
    "28090329",
    "222180273",
    "222180262",
    "113272609",
    "99506934",
    "95917403"
  ],
  "dispatched": [],
  "errors": [],
  "dry_run": false
}
2026-09-08T20:08:44+00:00 finish robie call label watch rc=0
2026-09-08T20:13:01+00:00 start robie call label watch timeout=90s extra=
2026-09-08 20:13:03,686 [INFO] Agency-wide discovery added 50 recent active accounts to Robie watch list.
2026-09-08 20:13:04,476 [INFO] Successfully authenticated with Classic EZLynx API (EZToken issued).
2026-09-08 20:13:42,402 [INFO] Skipping discussion 'Policy Cancellation' noteId=795474828: already processed (604155805:795474828).
{
  "applicants_scanned": 68,
  "applicant_ids": [
    "102351931",
    "143979332",
    "144897143",
    "145217363",
    "145834411",
    "148235525",
    "150751441",
    "151382204",
    "151445306",
    "157388228",
    "163863318",
    "173838508",
    "186333470",
    "193438339",
    "196126698",
    "196851140",
    "197389903",
    "197891661",
    "197895504",
    "198604342",
    "198908859",
    "199395147",
    "199797602",
    "21587333",
    "21588091",
    "220250093",
    "25156187",
    "25721447",
    "26042781",
    "31439734",
    "35209713",
    "54893172",
    "58768907",
    "58866127",
    "76858853",
    "79002334",
    "83571357",
    "84705043",
    "95254866",
    "99055770",
    "99340932",
    "206862081",
    "215579797",
    "95917403",
    "199729236",
    "222180273",
    "21587244",
    "196780152",
    "221093705",
    "216803074",
    "25720144",
    "213602028",
    "171240548",
    "221149598",
    "143857176",
    "221991532",
    "196921591",
    "54720233",
    "92948949",
    "221949018",
    "221964387",
    "221891200",
    "43973299",
    "83751638",
    "219586238",
    "26525649",
    "28090329",
    "222180262"
  ],
  "dispatched": [],
  "errors": [],
  "dry_run": false
}
2026-09-08T20:13:43+00:00 finish robie call label watch rc=0
2026-09-08T20:18:01+00:00 start robie call label watch timeout=90s extra=
2026-09-08 20:18:03,430 [INFO] Agency-wide discovery added 50 recent active accounts to Robie watch list.
2026-09-08 20:18:04,168 [INFO] Successfully authenticated with Classic EZLynx API (EZToken issued).
2026-09-08 20:18:40,317 [INFO] Skipping discussion 'Policy Cancellation' noteId=795474828: already processed (604155805:795474828).
{
  "applicants_scanned": 70,
  "applicant_ids": [
    "102351931",
    "143979332",
    "144897143",
    "145217363",
    "145834411",
    "148235525",
    "150751441",
    "151382204",
    "151445306",
    "157388228",
    "163863318",
    "173838508",
    "186333470",
    "193438339",
    "196126698",
    "196851140",
    "197389903",
    "197891661",
    "197895504",
    "198604342",
    "198908859",
    "199395147",
    "199797602",
    "21587333",
    "21588091",
    "220250093",
    "25156187",
    "25721447",
    "26042781",
    "31439734",
    "35209713",
    "54893172",
    "58768907",
    "58866127",
    "76858853",
    "79002334",
    "83571357",
    "84705043",
    "95254866",
    "99055770",
    "99340932",
    "222052831",
    "215579797",
    "195714182",
    "206862081",
    "28081245",
    "143857176",
    "95917403",
    "199729236",
    "222180273",
    "21587244",
    "196780152",
    "221093705",
    "216803074",
    "25720144",
    "213602028",
    "171240548",
    "221149598",
    "221991532",
    "196921591",
    "54720233",
    "92948949",
    "221949018",
    "221964387",
    "221891200",
    "43973299",
    "83751638",
    "219586238",
    "26525649",
    "28090329"
  ],
  "dispatched": [],
  "errors": [],
  "dry_run": false
}
2026-09-08T20:18:40+00:00 finish robie call label watch rc=0
2026-09-08T20:23:02+00:00 start robie call label watch timeout=90s extra=
2026-09-08 20:23:04,021 [INFO] Agency-wide discovery added 50 recent active accounts to Robie watch list.
2026-09-08 20:23:04,751 [INFO] Successfully authenticated with Classic EZLynx API (EZToken issued).
{
  "applicants_scanned": 74,
  "applicant_ids": [
    "102351931",
    "143979332",
    "144897143",
    "145217363",
    "145834411",
    "148235525",
    "150751441",
    "151382204",
    "151445306",
    "157388228",
    "163863318",
    "173838508",
    "186333470",
    "193438339",
    "196126698",
    "196851140",
    "197389903",
    "197891661",
    "197895504",
    "198604342",
    "198908859",
    "199395147",
    "199797602",
    "21587333",
    "21588091",
    "220250093",
    "25156187",
    "25721447",
    "26042781",
    "31439734",
    "35209713",
    "54893172",
    "58768907",
    "58866127",
    "76858853",
    "79002334",
    "83571357",
    "84705043",
    "95254866",
    "99055770",
    "99340932",
    "25709839",
    "182516313",
    "99682866",
    "214500493",
    "23438275",
    "115936338",
    "82344330",
    "108472257",
    "206862081",
    "48606769",
    "199296734",
    "89961199",
    "221991532",
    "222052831",
    "215579797",
    "195714182",
    "28081245",
    "143857176",
    "95917403",
    "199729236",
    "222180273",
    "21587244",
    "196780152",
    "221093705",
    "216803074",
    "25720144",
    "213602028",
    "171240548",
    "221149598",
    "196921591",
    "54720233",
    "92948949",
    "221949018"
  ],
  "dispatched": [],
  "errors": [],
  "dry_run": false
}
2026-09-08T20:23:48+00:00 finish robie call label watch rc=0
2026-09-08T20:28:01+00:00 start robie call label watch timeout=90s extra=
2026-09-08 20:28:04,720 [INFO] Agency-wide discovery added 50 recent active accounts to Robie watch list.
2026-09-08 20:28:05,534 [INFO] Successfully authenticated with Classic EZLynx API (EZToken issued).
{
  "applicants_scanned": 77,
  "applicant_ids": [
    "102351931",
    "143979332",
    "144897143",
    "145217363",
    "145834411",
    "148235525",
    "150751441",
    "151382204",
    "151445306",
    "157388228",
    "163863318",
    "173838508",
    "186333470",
    "193438339",
    "196126698",
    "196851140",
    "197389903",
    "197891661",
    "197895504",
    "198604342",
    "198908859",
    "199395147",
    "199797602",
    "21587333",
    "21588091",
    "220250093",
    "25156187",
    "25721447",
    "26042781",
    "31439734",
    "35209713",
    "54893172",
    "58768907",
    "58866127",
    "76858853",
    "79002334",
    "83571357",
    "84705043",
    "95254866",
    "99055770",
    "99340932",
    "197121958",
    "99682866",
    "220533198",
    "51402216",
    "221335853",
    "199552057",
    "221491619",
    "215551419",
    "195609449",
    "221137697",
    "205901093",
    "222183794",
    "128308885",
    "25709839",
    "182516313",
    "214500493",
    "23438275",
    "115936338",
    "82344330",
    "108472257",
    "206862081",
    "48606769",
    "199296734",
    "89961199",
    "221991532",
    "222052831",
    "215579797",
    "195714182",
    "28081245",
    "143857176",
    "95917403",
    "199729236",
    "222180273",
    "21587244",
    "196780152",
    "221093705"
  ],
  "dispatched": [],
  "errors": [],
  "dry_run": false
}
2026-09-08T20:28:59+00:00 finish robie call label watch rc=0
2026-09-08T20:33:01+00:00 start robie call label watch timeout=90s extra=
2026-09-08 20:33:04,793 [INFO] Agency-wide discovery added 50 recent active accounts to Robie watch list.
2026-09-08 20:33:05,526 [INFO] Successfully authenticated with Classic EZLynx API (EZToken issued).
{
  "applicants_scanned": 76,
  "applicant_ids": [
    "102351931",
    "143979332",
    "144897143",
    "145217363",
    "145834411",
    "148235525",
    "150751441",
    "151382204",
    "151445306",
    "157388228",
    "163863318",
    "173838508",
    "186333470",
    "193438339",
    "196126698",
    "196851140",
    "197389903",
    "197891661",
    "197895504",
    "198604342",
    "198908859",
    "199395147",
    "199797602",
    "21587333",
    "21588091",
    "220250093",
    "25156187",
    "25721447",
    "26042781",
    "31439734",
    "35209713",
    "54893172",
    "58768907",
    "58866127",
    "76858853",
    "79002334",
    "83571357",
    "84705043",
    "95254866",
    "99055770",
    "99340932",
    "150748971",
    "45309645",
    "221770121",
    "221774967",
    "81627288",
    "215579797",
    "221503579",
    "221591978",
    "206862081",
    "78580611",
    "21587231",
    "25785779",
    "162459857",
    "200705696",
    "28391689",
    "197121958",
    "99682866",
    "220533198",
    "51402216",
    "221335853",
    "199552057",
    "221491619",
    "215551419",
    "195609449",
    "221137697",
    "205901093",
    "222183794",
    "128308885",
    "25709839",
    "182516313",
    "214500493",
    "23438275",
    "115936338",
    "82344330",
    "108472257"
  ],
  "dispatched": [],
  "errors": [],
  "dry_run": false
}
2026-09-08T20:33:49+00:00 finish robie call label watch rc=0
2026-09-08T20:38:01+00:00 start robie call label watch timeout=90s extra=
2026-09-08 20:38:03,570 [INFO] Agency-wide discovery added 50 recent active accounts to Robie watch list.
2026-09-08 20:38:04,403 [INFO] Successfully authenticated with Classic EZLynx API (EZToken issued).
{
  "applicants_scanned": 77,
  "applicant_ids": [
    "102351931",
    "143979332",
    "144897143",
    "145217363",
    "145834411",
    "148235525",
    "150751441",
    "151382204",
    "151445306",
    "157388228",
    "163863318",
    "173838508",
    "186333470",
    "193438339",
    "196126698",
    "196851140",
    "197389903",
    "197891661",
    "197895504",
    "198604342",
    "198908859",
    "199395147",
    "199797602",
    "21587333",
    "21588091",
    "220250093",
    "25156187",
    "25721447",
    "26042781",
    "31439734",
    "35209713",
    "54893172",
    "58768907",
    "58866127",
    "76858853",
    "79002334",
    "83571357",
    "84705043",
    "95254866",
    "99055770",
    "99340932",
    "72915114",
    "119344430",
    "200124979",
    "92948949",
    "108472257",
    "46065574",
    "221916645",
    "192227958",
    "150748971",
    "45309645",
    "221770121",
    "221774967",
    "81627288",
    "215579797",
    "221503579",
    "221591978",
    "206862081",
    "78580611",
    "21587231",
    "25785779",
    "162459857",
    "200705696",
    "28391689",
    "197121958",
    "99682866",
    "220533198",
    "51402216",
    "221335853",
    "199552057",
    "221491619",
    "215551419",
    "195609449",
    "221137697",
    "205901093",
    "222183794",
    "128308885"
  ],
  "dispatched": [],
  "errors": [],
  "dry_run": false
}
2026-09-08T20:38:51+00:00 finish robie call label watch rc=0
2026-09-08T20:43:02+00:00 start robie call label watch timeout=90s extra=
2026-09-08 20:43:04,202 [INFO] Agency-wide discovery added 50 recent active accounts to Robie watch list.
2026-09-08 20:43:04,927 [INFO] Successfully authenticated with Classic EZLynx API (EZToken issued).
{
  "applicants_scanned": 77,
  "applicant_ids": [
    "102351931",
    "143979332",
    "144897143",
    "145217363",
    "145834411",
    "148235525",
    "150751441",
    "151382204",
    "151445306",
    "157388228",
    "163863318",
    "173838508",
    "186333470",
    "193438339",
    "196126698",
    "196851140",
    "197389903",
    "197891661",
    "197895504",
    "198604342",
    "198908859",
    "199395147",
    "199797602",
    "21587333",
    "21588091",
    "220250093",
    "25156187",
    "25721447",
    "26042781",
    "31439734",
    "35209713",
    "54893172",
    "58768907",
    "58866127",
    "76858853",
    "79002334",
    "83571357",
    "84705043",
    "95254866",
    "99055770",
    "99340932",
    "48606769",
    "21586849",
    "110094608",
    "55540511",
    "215579797",
    "184459329",
    "221916645",
    "204030616",
    "125632420",
    "51884690",
    "51287231",
    "72915114",
    "119344430",
    "200124979",
    "92948949",
    "108472257",
    "46065574",
    "192227958",
    "150748971",
    "45309645",
    "221770121",
    "221774967",
    "81627288",
    "221503579",
    "221591978",
    "206862081",
    "78580611",
    "21587231",
    "25785779",
    "162459857",
    "200705696",
    "28391689",
    "197121958",
    "99682866",
    "220533198",
    "51402216"
  ],
  "dispatched": [],
  "errors": [],
  "dry_run": false
}
2026-09-08T20:43:45+00:00 finish robie call label watch rc=0
2026-09-08T20:48:01+00:00 start robie call label watch timeout=90s extra=
2026-09-08 20:48:06,265 [INFO] Agency-wide discovery added 50 recent active accounts to Robie watch list.
2026-09-08 20:48:07,547 [INFO] Successfully authenticated with Classic EZLynx API (EZToken issued).
{
  "applicants_scanned": 77,
  "applicant_ids": [
    "102351931",
    "143979332",
    "144897143",
    "145217363",
    "145834411",
    "148235525",
    "150751441",
    "151382204",
    "151445306",
    "157388228",
    "163863318",
    "173838508",
    "186333470",
    "193438339",
    "196126698",
    "196851140",
    "197389903",
    "197891661",
    "197895504",
    "198604342",
    "198908859",
    "199395147",
    "199797602",
    "21587333",
    "21588091",
    "220250093",
    "25156187",
    "25721447",
    "26042781",
    "31439734",
    "35209713",
    "54893172",
    "58768907",
    "58866127",
    "76858853",
    "79002334",
    "83571357",
    "84705043",
    "95254866",
    "99055770",
    "99340932",
    "210802779",
    "222161201",
    "170144958",
    "215579797",
    "72915114",
    "110094608",
    "169497053",
    "171483371",
    "22769703",
    "189027146",
    "221504335",
    "31651825",
    "197121958",
    "50247850",
    "97471587",
    "48606769",
    "21586849",
    "55540511",
    "184459329",
    "221916645",
    "204030616",
    "125632420",
    "51884690",
    "51287231",
    "119344430",
    "200124979",
    "92948949",
    "108472257",
    "46065574",
    "192227958",
    "150748971",
    "45309645",
    "221770121",
    "221774967",
    "81627288",
    "221503579"
  ],
  "dispatched": [],
  "errors": [],
  "dry_run": false
}
2026-09-08T20:49:04+00:00 finish robie call label watch rc=0
2026-09-08T20:53:01+00:00 start robie call label watch timeout=90s extra=
2026-09-08 20:53:04,242 [INFO] Agency-wide discovery added 50 recent active accounts to Robie watch list.
2026-09-08 20:53:05,074 [INFO] Successfully authenticated with Classic EZLynx API (EZToken issued).
{
  "applicants_scanned": 79,
  "applicant_ids": [
    "102351931",
    "143979332",
    "144897143",
    "145217363",
    "145834411",
    "148235525",
    "150751441",
    "151382204",
    "151445306",
    "157388228",
    "163863318",
    "173838508",
    "186333470",
    "193438339",
    "196126698",
    "196851140",
    "197389903",
    "197891661",
    "197895504",
    "198604342",
    "198908859",
    "199395147",
    "199797602",
    "21587333",
    "21588091",
    "220250093",
    "25156187",
    "25721447",
    "26042781",
    "31439734",
    "35209713",
    "54893172",
    "58768907",
    "58866127",
    "76858853",
    "79002334",
    "83571357",
    "84705043",
    "95254866",
    "99055770",
    "99340932",
    "218821525",
    "36427615",
    "221491619",
    "215579797",
    "222052831",
    "78580611",
    "21586849",
    "210802779",
    "222161201",
    "170144958",
    "72915114",
    "110094608",
    "169497053",
    "171483371",
    "22769703",
    "189027146",
    "221504335",
    "31651825",
    "197121958",
    "50247850",
    "97471587",
    "48606769",
    "55540511",
    "184459329",
    "221916645",
    "204030616",
    "125632420",
    "51884690",
    "51287231",
    "119344430",
    "200124979",
    "92948949",
    "108472257",
    "46065574",
    "192227958",
    "150748971",
    "45309645",
    "221770121"
  ],
  "dispatched": [],
  "errors": [],
  "dry_run": false
}
2026-09-08T20:53:56+00:00 finish robie call label watch rc=0
2026-09-08T20:58:01+00:00 start robie call label watch timeout=90s extra=
2026-09-08 20:58:03,454 [INFO] Agency-wide discovery added 50 recent active accounts to Robie watch list.
2026-09-08 20:58:04,184 [INFO] Successfully authenticated with Classic EZLynx API (EZToken issued).
{
  "applicants_scanned": 74,
  "applicant_ids": [
    "102351931",
    "143979332",
    "144897143",
    "145217363",
    "145834411",
    "148235525",
    "150751441",
    "151382204",
    "151445306",
    "157388228",
    "163863318",
    "173838508",
    "186333470",
    "193438339",
    "196126698",
    "196851140",
    "197389903",
    "197891661",
    "197895504",
    "198604342",
    "198908859",
    "199395147",
    "199797602",
    "21587333",
    "21588091",
    "220250093",
    "25156187",
    "25721447",
    "26042781",
    "31439734",
    "35209713",
    "54893172",
    "58768907",
    "58866127",
    "76858853",
    "79002334",
    "83571357",
    "84705043",
    "95254866",
    "99055770",
    "99340932",
    "222148935",
    "185995428",
    "25338929",
    "222186969",
    "170144958",
    "218821525",
    "219608909",
    "36427615",
    "221491619",
    "215579797",
    "222052831",
    "78580611",
    "21586849",
    "210802779",
    "222161201",
    "72915114",
    "110094608",
    "169497053",
    "171483371",
    "22769703",
    "189027146",
    "221504335",
    "31651825",
    "197121958",
    "50247850",
    "97471587",
    "48606769",
    "55540511",
    "184459329",
    "221916645",
    "204030616",
    "125632420",
    "51884690"
  ],
  "dispatched": [],
  "errors": [],
  "dry_run": false
}
2026-09-08T20:58:55+00:00 finish robie call label watch rc=0
2026-09-08T21:03:01+00:00 start robie call label watch timeout=90s extra=
2026-09-08 21:03:03,158 [INFO] Agency-wide discovery added 50 recent active accounts to Robie watch list.
2026-09-08 21:03:03,990 [INFO] Successfully authenticated with Classic EZLynx API (EZToken issued).
{
  "applicants_scanned": 72,
  "applicant_ids": [
    "102351931",
    "143979332",
    "144897143",
    "145217363",
    "145834411",
    "148235525",
    "150751441",
    "151382204",
    "151445306",
    "157388228",
    "163863318",
    "173838508",
    "186333470",
    "193438339",
    "196126698",
    "196851140",
    "197389903",
    "197891661",
    "197895504",
    "198604342",
    "198908859",
    "199395147",
    "199797602",
    "21587333",
    "21588091",
    "220250093",
    "25156187",
    "25721447",
    "26042781",
    "31439734",
    "35209713",
    "54893172",
    "58768907",
    "58866127",
    "76858853",
    "79002334",
    "83571357",
    "84705043",
    "95254866",
    "99055770",
    "99340932",
    "21586849",
    "68537753",
    "171483371",
    "219608909",
    "108472257",
    "222148935",
    "221398001",
    "222186969",
    "22360446",
    "185995428",
    "25338929",
    "170144958",
    "218821525",
    "36427615",
    "221491619",
    "215579797",
    "222052831",
    "78580611",
    "210802779",
    "222161201",
    "72915114",
    "110094608",
    "169497053",
    "22769703",
    "189027146",
    "221504335",
    "31651825",
    "197121958",
    "50247850",
    "97471587",
    "48606769"
  ],
  "dispatched": [],
  "errors": [],
  "dry_run": false
}
2026-09-08T21:03:55+00:00 finish robie call label watch rc=0
2026-09-08T21:08:01+00:00 start robie call label watch timeout=90s extra=
2026-09-08 21:08:04,009 [INFO] Agency-wide discovery added 50 recent active accounts to Robie watch list.
2026-09-08 21:08:04,924 [INFO] Successfully authenticated with Classic EZLynx API (EZToken issued).
{
  "applicants_scanned": 71,
  "applicant_ids": [
    "102351931",
    "143979332",
    "144897143",
    "145217363",
    "145834411",
    "148235525",
    "150751441",
    "151382204",
    "151445306",
    "157388228",
    "163863318",
    "173838508",
    "186333470",
    "193438339",
    "196126698",
    "196851140",
    "197389903",
    "197891661",
    "197895504",
    "198604342",
    "198908859",
    "199395147",
    "199797602",
    "21587333",
    "21588091",
    "220250093",
    "25156187",
    "25721447",
    "26042781",
    "31439734",
    "35209713",
    "54893172",
    "58768907",
    "58866127",
    "76858853",
    "79002334",
    "83571357",
    "84705043",
    "95254866",
    "99055770",
    "99340932",
    "222183794",
    "202961940",
    "222187910",
    "21586849",
    "171483371",
    "68537753",
    "21774811",
    "112257762",
    "21587364",
    "219608909",
    "108472257",
    "222148935",
    "221398001",
    "222186969",
    "22360446",
    "185995428",
    "25338929",
    "170144958",
    "218821525",
    "36427615",
    "221491619",
    "215579797",
    "222052831",
    "78580611",
    "210802779",
    "222161201",
    "72915114",
    "110094608",
    "169497053",
    "22769703"
  ],
  "dispatched": [],
  "errors": [],
  "dry_run": false
}
2026-09-08T21:08:52+00:00 finish robie call label watch rc=0
2026-09-08T21:13:02+00:00 start robie call label watch timeout=90s extra=
2026-09-08 21:13:04,091 [INFO] Agency-wide discovery added 50 recent active accounts to Robie watch list.
2026-09-08 21:13:04,850 [INFO] Successfully authenticated with Classic EZLynx API (EZToken issued).
{
  "applicants_scanned": 73,
  "applicant_ids": [
    "102351931",
    "143979332",
    "144897143",
    "145217363",
    "145834411",
    "148235525",
    "150751441",
    "151382204",
    "151445306",
    "157388228",
    "163863318",
    "173838508",
    "186333470",
    "193438339",
    "196126698",
    "196851140",
    "197389903",
    "197891661",
    "197895504",
    "198604342",
    "198908859",
    "199395147",
    "199797602",
    "21587333",
    "21588091",
    "220250093",
    "25156187",
    "25721447",
    "26042781",
    "31439734",
    "35209713",
    "54893172",
    "58768907",
    "58866127",
    "76858853",
    "79002334",
    "83571357",
    "84705043",
    "95254866",
    "99055770",
    "99340932",
    "221222141",
    "28309838",
    "21586797",
    "199729236",
    "222027496",
    "221408746",
    "222183794",
    "202961940",
    "222187910",
    "21586849",
    "171483371",
    "68537753",
    "21774811",
    "112257762",
    "21587364",
    "219608909",
    "108472257",
    "222148935",
    "221398001",
    "222186969",
    "22360446",
    "185995428",
    "25338929",
    "170144958",
    "218821525",
    "36427615",
    "221491619",
    "215579797",
    "222052831",
    "78580611",
    "210802779",
    "222161201"
  ],
  "dispatched": [],
  "errors": [],
  "dry_run": false
}
2026-09-08T21:13:46+00:00 finish robie call label watch rc=0
2026-09-08T21:18:01+00:00 start robie call label watch timeout=90s extra=
2026-09-08 21:18:02,954 [INFO] Agency-wide discovery added 50 recent active accounts to Robie watch list.
2026-09-08 21:18:03,789 [INFO] Successfully authenticated with Classic EZLynx API (EZToken issued).
{
  "applicants_scanned": 73,
  "applicant_ids": [
    "102351931",
    "143979332",
    "144897143",
    "145217363",
    "145834411",
    "148235525",
    "150751441",
    "151382204",
    "151445306",
    "157388228",
    "163863318",
    "173838508",
    "186333470",
    "193438339",
    "196126698",
    "196851140",
    "197389903",
    "197891661",
    "197895504",
    "198604342",
    "198908859",
    "199395147",
    "199797602",
    "21587333",
    "21588091",
    "220250093",
    "25156187",
    "25721447",
    "26042781",
    "31439734",
    "35209713",
    "54893172",
    "58768907",
    "58866127",
    "76858853",
    "79002334",
    "83571357",
    "84705043",
    "95254866",
    "99055770",
    "99340932",
    "222052831",
    "205639984",
    "45309645",
    "221222141",
    "28309838",
    "21586797",
    "199729236",
    "222027496",
    "221408746",
    "222183794",
    "202961940",
    "222187910",
    "21586849",
    "171483371",
    "68537753",
    "21774811",
    "112257762",
    "21587364",
    "219608909",
    "108472257",
    "222148935",
    "221398001",
    "222186969",
    "22360446",
    "185995428",
    "25338929",
    "170144958",
    "218821525",
    "36427615",
    "221491619",
    "215579797",
    "78580611"
  ],
  "dispatched": [],
  "errors": [],
  "dry_run": false
}
2026-09-08T21:18:44+00:00 finish robie call label watch rc=0
2026-09-08T21:23:01+00:00 start robie call label watch timeout=90s extra=
2026-09-08 21:23:03,565 [INFO] Agency-wide discovery added 50 recent active accounts to Robie watch list.
2026-09-08 21:23:04,363 [INFO] Successfully authenticated with Classic EZLynx API (EZToken issued).
2026-09-08 21:23:31,790 [INFO] [ROBIE CLIENT OUTREACH] Applicant: 216941489 (Keven Douglas) | primary Keven at +16196421346 | Policy: N/A
2026-09-08 21:23:31,790 [INFO] Applicant 216941489 has no Assigned Producer full name on sidebar; skipping client_outreach warm transfer.
2026-09-08 21:23:33,032 [INFO] Matched explicitly requested discussion card: 'New Business - New Status' (ID 814285431)
2026-09-08 21:23:33,433 [INFO] Successfully posted note via EZLynx REST Note API for Applicant 216941489: NoteId 1123901761 into 'New Business - New Status'
{
  "applicants_scanned": 76,
  "applicant_ids": [
    "102351931",
    "143979332",
    "144897143",
    "145217363",
    "145834411",
    "148235525",
    "150751441",
    "151382204",
    "151445306",
    "157388228",
    "163863318",
    "173838508",
    "186333470",
    "193438339",
    "196126698",
    "196851140",
    "197389903",
    "197891661",
    "197895504",
    "198604342",
    "198908859",
    "199395147",
    "199797602",
    "21587333",
    "21588091",
    "220250093",
    "25156187",
    "25721447",
    "26042781",
    "31439734",
    "35209713",
    "54893172",
    "58768907",
    "58866127",
    "76858853",
    "79002334",
    "83571357",
    "84705043",
    "95254866",
    "99055770",
    "99340932",
    "222039902",
    "129962260",
    "205639984",
    "43115555",
    "95218264",
    "66950708",
    "222148935",
    "216941489",
    "218707571",
    "221640833",
    "209349767",
    "221362307",
    "110094608",
    "222052831",
    "45309645",
    "221222141",
    "28309838",
    "21586797",
    "199729236",
    "222027496",
    "221408746",
    "222183794",
    "202961940",
    "222187910",
    "21586849",
    "171483371",
    "68537753",
    "21774811",
    "112257762",
    "21587364",
    "219608909",
    "108472257",
    "221398001",
    "222186969",
    "22360446"
  ],
  "dispatched": [
    {
      "applicant_id": "216941489",
      "discussion_title": "New Business - New Status",
      "phone": "+16196421346",
      "phones": [
        "+16196421346"
      ],
      "target": "Keven Douglas",
      "call_id": "a3d6a8be-23d7-4a43-b25d-9575ae3c8361",
      "call_ids": [
        "a3d6a8be-23d7-4a43-b25d-9575ae3c8361"
      ],
      "dials": [
        {
          "role": "primary",
          "phone": "+16196421346",
          "first_name": "Keven",
          "call_id": "a3d6a8be-23d7-4a43-b25d-9575ae3c8361",
          "status": "DISPATCHED"
        }
      ],
      "status": "DISPATCHED",
      "call_type": "client_outreach",
      "outreach_pathway": "unresponsive",
      "producer_name": null,
      "assigned_producer_name": null,
      "assigned_producer_phone": null,
      "requestor_name": "Nelson Maldonado",
      "requestor_phone": null,
      "note_id": "1121962198",
      "note_identity": "814285431:1121962198"
    }
  ],
  "errors": [],
  "dry_run": false
}
2026-09-08T21:23:49+00:00 finish robie call label watch rc=0
2026-09-08T21:28:01+00:00 start robie call label watch timeout=90s extra=
2026-09-08 21:28:03,526 [INFO] Agency-wide discovery added 50 recent active accounts to Robie watch list.
2026-09-08 21:28:04,277 [INFO] Successfully authenticated with Classic EZLynx API (EZToken issued).
{
  "applicants_scanned": 75,
  "applicant_ids": [
    "102351931",
    "143979332",
    "144897143",
    "145217363",
    "145834411",
    "148235525",
    "150751441",
    "151382204",
    "151445306",
    "157388228",
    "163863318",
    "173838508",
    "186333470",
    "193438339",
    "196126698",
    "196851140",
    "197389903",
    "197891661",
    "197895504",
    "198604342",
    "198908859",
    "199395147",
    "199797602",
    "21587333",
    "21588091",
    "220250093",
    "25156187",
    "25721447",
    "26042781",
    "31439734",
    "35209713",
    "54893172",
    "58768907",
    "58866127",
    "76858853",
    "79002334",
    "83571357",
    "84705043",
    "95254866",
    "99055770",
    "99340932",
    "78540038",
    "96496841",
    "221640833",
    "205639984",
    "153093370",
    "43115555",
    "150748470",
    "79358136",
    "216941489",
    "222148935",
    "222189625",
    "27243530",
    "222039902",
    "129962260",
    "95218264",
    "66950708",
    "218707571",
    "209349767",
    "221362307",
    "110094608",
    "222052831",
    "45309645",
    "221222141",
    "28309838",
    "21586797",
    "199729236",
    "222027496",
    "221408746",
    "222183794",
    "202961940",
    "222187910",
    "21586849",
    "171483371",
    "68537753"
  ],
  "dispatched": [],
  "errors": [],
  "dry_run": false
}
2026-09-08T21:28:45+00:00 finish robie call label watch rc=0
2026-09-08T21:33:01+00:00 start robie call label watch timeout=90s extra=
2026-09-08 21:33:03,249 [INFO] Agency-wide discovery added 50 recent active accounts to Robie watch list.
2026-09-08 21:33:04,053 [INFO] Successfully authenticated with Classic EZLynx API (EZToken issued).
{
  "applicants_scanned": 76,
  "applicant_ids": [
    "102351931",
    "143979332",
    "144897143",
    "145217363",
    "145834411",
    "148235525",
    "150751441",
    "151382204",
    "151445306",
    "157388228",
    "163863318",
    "173838508",
    "186333470",
    "193438339",
    "196126698",
    "196851140",
    "197389903",
    "197891661",
    "197895504",
    "198604342",
    "198908859",
    "199395147",
    "199797602",
    "21587333",
    "21588091",
    "220250093",
    "25156187",
    "25721447",
    "26042781",
    "31439734",
    "35209713",
    "54893172",
    "58768907",
    "58866127",
    "76858853",
    "79002334",
    "83571357",
    "84705043",
    "95254866",
    "99055770",
    "99340932",
    "46505847",
    "58171898",
    "58288714",
    "98847746",
    "221744523",
    "167039357",
    "222044726",
    "99506934",
    "139660839",
    "200124979",
    "78540038",
    "96496841",
    "222189625",
    "143747491",
    "85795580",
    "221640833",
    "205639984",
    "153093370",
    "43115555",
    "150748470",
    "79358136",
    "216941489",
    "222148935",
    "27243530",
    "222039902",
    "129962260",
    "95218264",
    "66950708",
    "218707571",
    "209349767",
    "221362307",
    "110094608",
    "222052831",
    "45309645",
    "221222141"
  ],
  "dispatched": [],
  "errors": [],
  "dry_run": false
}
2026-09-08T21:33:47+00:00 finish robie call label watch rc=0
2026-09-08T21:38:01+00:00 start robie call label watch timeout=90s extra=
2026-09-08 21:38:03,732 [INFO] Agency-wide discovery added 50 recent active accounts to Robie watch list.
2026-09-08 21:38:04,494 [INFO] Successfully authenticated with Classic EZLynx API (EZToken issued).
{
  "applicants_scanned": 77,
  "applicant_ids": [
    "102351931",
    "143979332",
    "144897143",
    "145217363",
    "145834411",
    "148235525",
    "150751441",
    "151382204",
    "151445306",
    "157388228",
    "163863318",
    "173838508",
    "186333470",
    "193438339",
    "196126698",
    "196851140",
    "197389903",
    "197891661",
    "197895504",
    "198604342",
    "198908859",
    "199395147",
    "199797602",
    "21587333",
    "21588091",
    "220250093",
    "25156187",
    "25721447",
    "26042781",
    "31439734",
    "35209713",
    "54893172",
    "58768907",
    "58866127",
    "76858853",
    "79002334",
    "83571357",
    "84705043",
    "95254866",
    "99055770",
    "99340932",
    "21586771",
    "48137418",
    "150708727",
    "221434142",
    "96496841",
    "221089047",
    "221193948",
    "21586424",
    "159305092",
    "48901253",
    "221342525",
    "221948358",
    "190112551",
    "96981961",
    "46505847",
    "58171898",
    "58288714",
    "98847746",
    "221744523",
    "167039357",
    "222044726",
    "99506934",
    "139660839",
    "200124979",
    "78540038",
    "222189625",
    "143747491",
    "85795580",
    "221640833",
    "205639984",
    "153093370",
    "43115555",
    "150748470",
    "79358136",
    "216941489",
    "222148935"
  ],
  "dispatched": [],
  "errors": [],
  "dry_run": false
}
2026-09-08T21:38:43+00:00 finish robie call label watch rc=0
2026-09-08T21:43:01+00:00 start robie call label watch timeout=90s extra=
2026-09-08 21:43:03,992 [INFO] Agency-wide discovery added 50 recent active accounts to Robie watch list.
2026-09-08 21:43:04,775 [INFO] Successfully authenticated with Classic EZLynx API (EZToken issued).
{
  "applicants_scanned": 77,
  "applicant_ids": [
    "102351931",
    "143979332",
    "144897143",
    "145217363",
    "145834411",
    "148235525",
    "150751441",
    "151382204",
    "151445306",
    "157388228",
    "163863318",
    "173838508",
    "186333470",
    "193438339",
    "196126698",
    "196851140",
    "197389903",
    "197891661",
    "197895504",
    "198604342",
    "198908859",
    "199395147",
    "199797602",
    "21587333",
    "21588091",
    "220250093",
    "25156187",
    "25721447",
    "26042781",
    "31439734",
    "35209713",
    "54893172",
    "58768907",
    "58866127",
    "76858853",
    "79002334",
    "83571357",
    "84705043",
    "95254866",
    "99055770",
    "99340932",
    "196995650",
    "221954067",
    "221856411",
    "122593411",
    "169497053",
    "87437818",
    "221819844",
    "21587232",
    "96496841",
    "221628960",
    "21586771",
    "48137418",
    "150708727",
    "221434142",
    "221089047",
    "221193948",
    "21586424",
    "159305092",
    "48901253",
    "221342525",
    "221948358",
    "190112551",
    "96981961",
    "46505847",
    "58171898",
    "58288714",
    "98847746",
    "221744523",
    "167039357",
    "222044726",
    "99506934",
    "139660839",
    "200124979",
    "78540038",
    "222189625",
    "143747491"
  ],
  "dispatched": [],
  "errors": [],
  "dry_run": false
}
2026-09-08T21:43:45+00:00 finish robie call label watch rc=0
2026-09-08T21:48:01+00:00 start robie call label watch timeout=90s extra=
2026-09-08 21:48:03,553 [INFO] Agency-wide discovery added 50 recent active accounts to Robie watch list.
2026-09-08 21:48:04,353 [INFO] Successfully authenticated with Classic EZLynx API (EZToken issued).
{
  "applicants_scanned": 78,
  "applicant_ids": [
    "102351931",
    "143979332",
    "144897143",
    "145217363",
    "145834411",
    "148235525",
    "150751441",
    "151382204",
    "151445306",
    "157388228",
    "163863318",
    "173838508",
    "186333470",
    "193438339",
    "196126698",
    "196851140",
    "197389903",
    "197891661",
    "197895504",
    "198604342",
    "198908859",
    "199395147",
    "199797602",
    "21587333",
    "21588091",
    "220250093",
    "25156187",
    "25721447",
    "26042781",
    "31439734",
    "35209713",
    "54893172",
    "58768907",
    "58866127",
    "76858853",
    "79002334",
    "83571357",
    "84705043",
    "95254866",
    "99055770",
    "99340932",
    "21586771",
    "221841421",
    "221964861",
    "88789196",
    "150748470",
    "221966837",
    "189027146",
    "221782312",
    "221957279",
    "221955170",
    "62894078",
    "196995650",
    "221954067",
    "221856411",
    "122593411",
    "169497053",
    "87437818",
    "221819844",
    "21587232",
    "96496841",
    "221628960",
    "48137418",
    "150708727",
    "221434142",
    "221089047",
    "221193948",
    "21586424",
    "159305092",
    "48901253",
    "221342525",
    "221948358",
    "190112551",
    "96981961",
    "46505847",
    "58171898",
    "58288714",
    "98847746"
  ],
  "dispatched": [],
  "errors": [],
  "dry_run": false
}
2026-09-08T21:48:51+00:00 finish robie call label watch rc=0
2026-09-08T21:53:01+00:00 start robie call label watch timeout=90s extra=
2026-09-08 21:53:04,005 [INFO] Agency-wide discovery added 50 recent active accounts to Robie watch list.
2026-09-08 21:53:04,802 [INFO] Successfully authenticated with Classic EZLynx API (EZToken issued).
2026-09-08 21:53:26,499 [INFO] [ROBIE CLIENT OUTREACH] Applicant: 67834534 (Ameriscape Corp) | primary John at +19179074351 | Policy: WWC3553528
2026-09-08 21:53:26,499 [INFO] Applicant 67834534 has no Assigned Producer full name on sidebar; skipping client_outreach warm transfer.
2026-09-08 21:53:27,630 [INFO] Matched partial explicitly requested discussion card: '' (ID 826497843)
2026-09-08 21:53:27,795 [WARNING] REST Note API returned 400: {
  "Message": "The request is invalid.",
  "ModelState": {
    "dto.DiscussionTitle": [
      "The DiscussionTitle field is required."
    ]
  }
}
2026-09-08 21:53:28,122 [INFO] Successfully authenticated with Modern EZLynx OAuth2 Gateway. Scopes: ['DiscussionApi', 'EzLynxApi', 'openid', 'PolicyApi'] (DocumentApi active: False)
2026-09-08 21:53:29,535 [INFO] Navigating to https://app.ezlynx.com/web/account/67834534/activity...
2026-09-08 21:53:33,795 [INFO] Locating discussion matching ''...
2026-09-08 21:53:35,085 [INFO] Entering note text into #txtNote...
2026-09-08 21:53:35,766 [INFO] Clicking Save button...
2026-09-08 21:53:38,707 [INFO] Saved verification screenshot to data/screenshots/note_67834534_1788904408.png
2026-09-08 21:53:38,734 [INFO] Successfully posted note via Playwright CDP for Applicant 67834534.
{
  "applicants_scanned": 80,
  "applicant_ids": [
    "102351931",
    "143979332",
    "144897143",
    "145217363",
    "145834411",
    "148235525",
    "150751441",
    "151382204",
    "151445306",
    "157388228",
    "163863318",
    "173838508",
    "186333470",
    "193438339",
    "196126698",
    "196851140",
    "197389903",
    "197891661",
    "197895504",
    "198604342",
    "198908859",
    "199395147",
    "199797602",
    "21587333",
    "21588091",
    "220250093",
    "25156187",
    "25721447",
    "26042781",
    "31439734",
    "35209713",
    "54893172",
    "58768907",
    "58866127",
    "76858853",
    "79002334",
    "83571357",
    "84705043",
    "95254866",
    "99055770",
    "99340932",
    "119499217",
    "102360909",
    "48641902",
    "221956477",
    "67834534",
    "212969455",
    "221860853",
    "40006511",
    "21587922",
    "139180999",
    "122593411",
    "93528291",
    "68250174",
    "81777876",
    "217876240",
    "221936458",
    "193984693",
    "202362081",
    "78580611",
    "185301705",
    "96496841",
    "221841421",
    "21586771",
    "221963041",
    "162459857",
    "221964861",
    "88789196",
    "150748470",
    "221966837",
    "189027146",
    "221782312",
    "221957279",
    "221955170",
    "62894078",
    "196995650",
    "221954067",
    "221856411",
    "169497053",
    "87437818"
  ],
  "dispatched": [
    {
      "applicant_id": "67834534",
      "discussion_title": "Returned Mail",
      "phone": "+19179074351",
      "phones": [
        "+19179074351"
      ],
      "target": "Ameriscape Corp",
      "call_id": "1afd3f1a-b44d-404f-b489-dc31402caf47",
      "call_ids": [
        "1afd3f1a-b44d-404f-b489-dc31402caf47"
      ],
      "dials": [
        {
          "role": "primary",
          "phone": "+19179074351",
          "first_name": "John",
          "call_id": "1afd3f1a-b44d-404f-b489-dc31402caf47",
          "status": "DISPATCHED"
        }
      ],
      "status": "DISPATCHED",
      "call_type": "client_outreach",
      "outreach_pathway": "returned_mail",
      "producer_name": null,
      "assigned_producer_name": null,
      "assigned_producer_phone": null,
      "requestor_name": "Alfred Selga",
      "requestor_phone": null,
      "note_id": "608816191",
      "note_identity": "480515660:608816191"
    }
  ],
  "errors": [],
  "dry_run": false
}
2026-09-08T21:53:53+00:00 finish robie call label watch rc=0
2026-09-08T21:58:01+00:00 start robie call label watch timeout=90s extra=
2026-09-08 21:58:03,635 [INFO] Agency-wide discovery added 50 recent active accounts to Robie watch list.
2026-09-08 21:58:04,415 [INFO] Successfully authenticated with Classic EZLynx API (EZToken issued).
2026-09-08 21:58:30,270 [INFO] Skipping discussion 'Returned Mail' noteId=608816191: already processed (480515660:608816191).
{
  "applicants_scanned": 79,
  "applicant_ids": [
    "102351931",
    "143979332",
    "144897143",
    "145217363",
    "145834411",
    "148235525",
    "150751441",
    "151382204",
    "151445306",
    "157388228",
    "163863318",
    "173838508",
    "186333470",
    "193438339",
    "196126698",
    "196851140",
    "197389903",
    "197891661",
    "197895504",
    "198604342",
    "198908859",
    "199395147",
    "199797602",
    "21587333",
    "21588091",
    "220250093",
    "25156187",
    "25721447",
    "26042781",
    "31439734",
    "35209713",
    "54893172",
    "58768907",
    "58866127",
    "76858853",
    "79002334",
    "83571357",
    "84705043",
    "95254866",
    "99055770",
    "99340932",
    "21587522",
    "116502138",
    "143565202",
    "27243530",
    "86039142",
    "106692369",
    "221935639",
    "220998715",
    "141941727",
    "205968987",
    "44553401",
    "221888587",
    "212607770",
    "22452135",
    "102360909",
    "67834534",
    "197520542",
    "221936458",
    "119499217",
    "48641902",
    "221956477",
    "212969455",
    "221860853",
    "40006511",
    "21587922",
    "139180999",
    "122593411",
    "93528291",
    "68250174",
    "81777876",
    "217876240",
    "193984693",
    "202362081",
    "78580611",
    "185301705",
    "96496841",
    "221841421",
    "21586771"
  ],
  "dispatched": [],
  "errors": [],
  "dry_run": false
}
2026-09-08T21:58:45+00:00 finish robie call label watch rc=0
2026-09-08T22:03:01+00:00 start robie call label watch timeout=90s extra=
2026-09-08 22:03:04,472 [INFO] Agency-wide discovery added 50 recent active accounts to Robie watch list.
2026-09-08 22:03:05,316 [INFO] Successfully authenticated with Classic EZLynx API (EZToken issued).
2026-09-08 22:03:36,487 [INFO] Skipping discussion 'General Inquiry' noteId=1065167723: already processed (798750643:1065167723).
2026-09-08 22:03:43,795 [INFO] Skipping discussion 'Returned Mail' noteId=608816191: already processed (480515660:608816191).
{
  "applicants_scanned": 77,
  "applicant_ids": [
    "102351931",
    "143979332",
    "144897143",
    "145217363",
    "145834411",
    "148235525",
    "150751441",
    "151382204",
    "151445306",
    "157388228",
    "163863318",
    "173838508",
    "186333470",
    "193438339",
    "196126698",
    "196851140",
    "197389903",
    "197891661",
    "197895504",
    "198604342",
    "198908859",
    "199395147",
    "199797602",
    "21587333",
    "21588091",
    "220250093",
    "25156187",
    "25721447",
    "26042781",
    "31439734",
    "35209713",
    "54893172",
    "58768907",
    "58866127",
    "76858853",
    "79002334",
    "83571357",
    "84705043",
    "95254866",
    "99055770",
    "99340932",
    "221958992",
    "221994800",
    "222161201",
    "25486692",
    "221957477",
    "221430889",
    "213458361",
    "194066748",
    "21588003",
    "21587522",
    "116502138",
    "143565202",
    "27243530",
    "86039142",
    "106692369",
    "221935639",
    "220998715",
    "141941727",
    "205968987",
    "44553401",
    "221888587",
    "212607770",
    "22452135",
    "102360909",
    "67834534",
    "197520542",
    "221936458",
    "119499217",
    "48641902",
    "221956477",
    "212969455",
    "221860853",
    "40006511",
    "21587922",
    "139180999",
    "122593411"
  ],
  "dispatched": [],
  "errors": [],
  "dry_run": false
}
2026-09-08T22:03:50+00:00 finish robie call label watch rc=0
2026-09-08T22:08:01+00:00 start robie call label watch timeout=90s extra=
2026-09-08 22:08:03,814 [INFO] Agency-wide discovery added 50 recent active accounts to Robie watch list.
2026-09-08 22:08:04,639 [INFO] Successfully authenticated with Classic EZLynx API (EZToken issued).
2026-09-08 22:08:35,140 [INFO] Skipping discussion 'General Inquiry' noteId=1065167723: already processed (798750643:1065167723).
2026-09-08 22:08:46,062 [INFO] Skipping discussion 'Returned Mail' noteId=608816191: already processed (480515660:608816191).
{
  "applicants_scanned": 77,
  "applicant_ids": [
    "102351931",
    "143979332",
    "144897143",
    "145217363",
    "145834411",
    "148235525",
    "150751441",
    "151382204",
    "151445306",
    "157388228",
    "163863318",
    "173838508",
    "186333470",
    "193438339",
    "196126698",
    "196851140",
    "197389903",
    "197891661",
    "197895504",
    "198604342",
    "198908859",
    "199395147",
    "199797602",
    "21587333",
    "21588091",
    "220250093",
    "25156187",
    "25721447",
    "26042781",
    "31439734",
    "35209713",
    "54893172",
    "58768907",
    "58866127",
    "76858853",
    "79002334",
    "83571357",
    "84705043",
    "95254866",
    "99055770",
    "99340932",
    "206168679",
    "190835268",
    "92934889",
    "211608437",
    "222187910",
    "216941489",
    "21586738",
    "95453552",
    "21587522",
    "182516313",
    "221948543",
    "138179605",
    "221958992",
    "221994800",
    "222161201",
    "25486692",
    "221957477",
    "221430889",
    "213458361",
    "194066748",
    "21588003",
    "116502138",
    "143565202",
    "27243530",
    "86039142",
    "106692369",
    "221935639",
    "220998715",
    "141941727",
    "205968987",
    "44553401",
    "221888587",
    "212607770",
    "22452135",
    "102360909",
    "67834534"
  ],
  "dispatched": [],
  "errors": [],
  "dry_run": false
}
2026-09-08T22:08:46+00:00 finish robie call label watch rc=0
2026-09-08T22:13:01+00:00 start robie call label watch timeout=90s extra=
2026-09-08 22:13:03,470 [INFO] Agency-wide discovery added 50 recent active accounts to Robie watch list.
2026-09-08 22:13:04,272 [INFO] Successfully authenticated with Classic EZLynx API (EZToken issued).
2026-09-08 22:13:36,740 [INFO] Skipping discussion 'General Inquiry' noteId=1065167723: already processed (798750643:1065167723).
{
  "applicants_scanned": 73,
  "applicant_ids": [
    "102351931",
    "143979332",
    "144897143",
    "145217363",
    "145834411",
    "148235525",
    "150751441",
    "151382204",
    "151445306",
    "157388228",
    "163863318",
    "173838508",
    "186333470",
    "193438339",
    "196126698",
    "196851140",
    "197389903",
    "197891661",
    "197895504",
    "198604342",
    "198908859",
    "199395147",
    "199797602",
    "21587333",
    "21588091",
    "220250093",
    "25156187",
    "25721447",
    "26042781",
    "31439734",
    "35209713",
    "54893172",
    "58768907",
    "58866127",
    "76858853",
    "79002334",
    "83571357",
    "84705043",
    "95254866",
    "99055770",
    "99340932",
    "205968987",
    "206168679",
    "86039142",
    "220998715",
    "201677883",
    "190835268",
    "92934889",
    "211608437",
    "222187910",
    "216941489",
    "21586738",
    "95453552",
    "21587522",
    "182516313",
    "221948543",
    "138179605",
    "221958992",
    "221994800",
    "222161201",
    "25486692",
    "221957477",
    "221430889",
    "213458361",
    "194066748",
    "21588003",
    "116502138",
    "143565202",
    "27243530",
    "106692369",
    "221935639",
    "141941727",
    "44553401"
  ],
  "dispatched": [],
  "errors": [],
  "dry_run": false
}
2026-09-08T22:13:41+00:00 finish robie call label watch rc=0
2026-09-08T22:18:01+00:00 start robie call label watch timeout=90s extra=
2026-09-08 22:18:04,197 [INFO] Agency-wide discovery added 50 recent active accounts to Robie watch list.
2026-09-08 22:18:05,072 [INFO] Successfully authenticated with Classic EZLynx API (EZToken issued).
2026-09-08 22:18:26,942 [INFO] Skipping discussion 'General Inquiry' noteId=1065167723: already processed (798750643:1065167723).
{
  "applicants_scanned": 77,
  "applicant_ids": [
    "102351931",
    "143979332",
    "144897143",
    "145217363",
    "145834411",
    "148235525",
    "150751441",
    "151382204",
    "151445306",
    "157388228",
    "163863318",
    "173838508",
    "186333470",
    "193438339",
    "196126698",
    "196851140",
    "197389903",
    "197891661",
    "197895504",
    "198604342",
    "198908859",
    "199395147",
    "199797602",
    "21587333",
    "21588091",
    "220250093",
    "25156187",
    "25721447",
    "26042781",
    "31439734",
    "35209713",
    "54893172",
    "58768907",
    "58866127",
    "76858853",
    "79002334",
    "83571357",
    "84705043",
    "95254866",
    "99055770",
    "99340932",
    "58765852",
    "194226555",
    "207989836",
    "21588003",
    "75562775",
    "203201814",
    "169083844",
    "221953076",
    "86039142",
    "205968987",
    "206168679",
    "220998715",
    "201677883",
    "190835268",
    "92934889",
    "211608437",
    "222187910",
    "216941489",
    "21586738",
    "95453552",
    "21587522",
    "182516313",
    "221948543",
    "138179605",
    "221958992",
    "221994800",
    "222161201",
    "25486692",
    "221957477",
    "221430889",
    "213458361",
    "194066748",
    "116502138",
    "143565202",
    "27243530",
    "106692369"
  ],
  "dispatched": [],
  "errors": [],
  "dry_run": false
}
2026-09-08T22:18:48+00:00 finish robie call label watch rc=0
2026-09-08T22:23:01+00:00 start robie call label watch timeout=90s extra=
2026-09-08 22:23:03,224 [INFO] Agency-wide discovery added 50 recent active accounts to Robie watch list.
2026-09-08 22:23:03,982 [INFO] Successfully authenticated with Classic EZLynx API (EZToken issued).
2026-09-08 22:23:25,959 [INFO] Skipping discussion 'General Inquiry' noteId=1065167723: already processed (798750643:1065167723).
{
  "applicants_scanned": 78,
  "applicant_ids": [
    "102351931",
    "143979332",
    "144897143",
    "145217363",
    "145834411",
    "148235525",
    "150751441",
    "151382204",
    "151445306",
    "157388228",
    "163863318",
    "173838508",
    "186333470",
    "193438339",
    "196126698",
    "196851140",
    "197389903",
    "197891661",
    "197895504",
    "198604342",
    "198908859",
    "199395147",
    "199797602",
    "21587333",
    "21588091",
    "220250093",
    "25156187",
    "25721447",
    "26042781",
    "31439734",
    "35209713",
    "54893172",
    "58768907",
    "58866127",
    "76858853",
    "79002334",
    "83571357",
    "84705043",
    "95254866",
    "99055770",
    "99340932",
    "96496841",
    "195714182",
    "110941154",
    "65909938",
    "58765852",
    "194226555",
    "207989836",
    "21588003",
    "75562775",
    "203201814",
    "169083844",
    "221953076",
    "86039142",
    "205968987",
    "206168679",
    "220998715",
    "201677883",
    "190835268",
    "92934889",
    "211608437",
    "222187910",
    "216941489",
    "21586738",
    "95453552",
    "21587522",
    "182516313",
    "221948543",
    "138179605",
    "221958992",
    "221994800",
    "222161201",
    "25486692",
    "221957477",
    "221430889",
    "213458361",
    "194066748",
    "116502138"
  ],
  "dispatched": [],
  "errors": [],
  "dry_run": false
}
2026-09-08T22:23:45+00:00 finish robie call label watch rc=0
2026-09-08T22:28:01+00:00 start robie call label watch timeout=90s extra=
2026-09-08 22:28:03,600 [INFO] Agency-wide discovery added 50 recent active accounts to Robie watch list.
2026-09-08 22:28:04,333 [INFO] Successfully authenticated with Classic EZLynx API (EZToken issued).
2026-09-08 22:28:28,085 [INFO] Skipping discussion 'General Inquiry' noteId=1065167723: already processed (798750643:1065167723).
{
  "applicants_scanned": 79,
  "applicant_ids": [
    "102351931",
    "143979332",
    "144897143",
    "145217363",
    "145834411",
    "148235525",
    "150751441",
    "151382204",
    "151445306",
    "157388228",
    "163863318",
    "173838508",
    "186333470",
    "193438339",
    "196126698",
    "196851140",
    "197389903",
    "197891661",
    "197895504",
    "198604342",
    "198908859",
    "199395147",
    "199797602",
    "21587333",
    "21588091",
    "220250093",
    "25156187",
    "25721447",
    "26042781",
    "31439734",
    "35209713",
    "54893172",
    "58768907",
    "58866127",
    "76858853",
    "79002334",
    "83571357",
    "84705043",
    "95254866",
    "99055770",
    "99340932",
    "96496841",
    "187626597",
    "150692839",
    "34779479",
    "110094608",
    "195714182",
    "110941154",
    "65909938",
    "58765852",
    "194226555",
    "207989836",
    "21588003",
    "75562775",
    "203201814",
    "169083844",
    "221953076",
    "86039142",
    "205968987",
    "206168679",
    "220998715",
    "201677883",
    "190835268",
    "92934889",
    "211608437",
    "222187910",
    "216941489",
    "21586738",
    "95453552",
    "21587522",
    "182516313",
    "221948543",
    "138179605",
    "221958992",
    "221994800",
    "222161201",
    "25486692",
    "221957477",
    "221430889"
  ],
  "dispatched": [],
  "errors": [],
  "dry_run": false
}
2026-09-08T22:28:46+00:00 finish robie call label watch rc=0
2026-09-08T22:33:02+00:00 start robie call label watch timeout=90s extra=
2026-09-08 22:33:04,044 [INFO] Agency-wide discovery added 50 recent active accounts to Robie watch list.
2026-09-08 22:33:04,834 [INFO] Successfully authenticated with Classic EZLynx API (EZToken issued).
2026-09-08 22:33:30,421 [INFO] Skipping discussion 'General Inquiry' noteId=1065167723: already processed (798750643:1065167723).
{
  "applicants_scanned": 76,
  "applicant_ids": [
    "102351931",
    "143979332",
    "144897143",
    "145217363",
    "145834411",
    "148235525",
    "150751441",
    "151382204",
    "151445306",
    "157388228",
    "163863318",
    "173838508",
    "186333470",
    "193438339",
    "196126698",
    "196851140",
    "197389903",
    "197891661",
    "197895504",
    "198604342",
    "198908859",
    "199395147",
    "199797602",
    "21587333",
    "21588091",
    "220250093",
    "25156187",
    "25721447",
    "26042781",
    "31439734",
    "35209713",
    "54893172",
    "58768907",
    "58866127",
    "76858853",
    "79002334",
    "83571357",
    "84705043",
    "95254866",
    "99055770",
    "99340932",
    "96496841",
    "222024806",
    "196995650",
    "187626597",
    "150692839",
    "34779479",
    "110094608",
    "195714182",
    "110941154",
    "65909938",
    "58765852",
    "194226555",
    "207989836",
    "21588003",
    "75562775",
    "203201814",
    "169083844",
    "221953076",
    "86039142",
    "205968987",
    "206168679",
    "220998715",
    "201677883",
    "190835268",
    "92934889",
    "211608437",
    "222187910",
    "216941489",
    "21586738",
    "95453552",
    "21587522",
    "182516313",
    "221948543",
    "138179605",
    "221958992"
  ],
  "dispatched": [],
  "errors": [],
  "dry_run": false
}
2026-09-08T22:33:46+00:00 finish robie call label watch rc=0
2026-09-08T22:38:01+00:00 start robie call label watch timeout=90s extra=
2026-09-08 22:38:03,759 [INFO] Agency-wide discovery added 50 recent active accounts to Robie watch list.
2026-09-08 22:38:04,526 [INFO] Successfully authenticated with Classic EZLynx API (EZToken issued).
2026-09-08 22:38:31,246 [INFO] Skipping discussion 'General Inquiry' noteId=1065167723: already processed (798750643:1065167723).
{
  "applicants_scanned": 75,
  "applicant_ids": [
    "102351931",
    "143979332",
    "144897143",
    "145217363",
    "145834411",
    "148235525",
    "150751441",
    "151382204",
    "151445306",
    "157388228",
    "163863318",
    "173838508",
    "186333470",
    "193438339",
    "196126698",
    "196851140",
    "197389903",
    "197891661",
    "197895504",
    "198604342",
    "198908859",
    "199395147",
    "199797602",
    "21587333",
    "21588091",
    "220250093",
    "25156187",
    "25721447",
    "26042781",
    "31439734",
    "35209713",
    "54893172",
    "58768907",
    "58866127",
    "76858853",
    "79002334",
    "83571357",
    "84705043",
    "95254866",
    "99055770",
    "99340932",
    "221060045",
    "110094608",
    "96496841",
    "222024806",
    "196995650",
    "187626597",
    "150692839",
    "34779479",
    "195714182",
    "110941154",
    "65909938",
    "58765852",
    "194226555",
    "207989836",
    "21588003",
    "75562775",
    "203201814",
    "169083844",
    "221953076",
    "86039142",
    "205968987",
    "206168679",
    "220998715",
    "201677883",
    "190835268",
    "92934889",
    "211608437",
    "222187910",
    "216941489",
    "21586738",
    "95453552",
    "21587522",
    "182516313",
    "221948543"
  ],
  "dispatched": [],
  "errors": [],
  "dry_run": false
}
2026-09-08T22:38:43+00:00 finish robie call label watch rc=0
2026-09-08T22:43:01+00:00 start robie call label watch timeout=90s extra=
2026-09-08 22:43:03,291 [INFO] Agency-wide discovery added 50 recent active accounts to Robie watch list.
2026-09-08 22:43:04,122 [INFO] Successfully authenticated with Classic EZLynx API (EZToken issued).
2026-09-08 22:43:35,155 [INFO] Skipping discussion 'General Inquiry' noteId=1065167723: already processed (798750643:1065167723).
{
  "applicants_scanned": 75,
  "applicant_ids": [
    "102351931",
    "143979332",
    "144897143",
    "145217363",
    "145834411",
    "148235525",
    "150751441",
    "151382204",
    "151445306",
    "157388228",
    "163863318",
    "173838508",
    "186333470",
    "193438339",
    "196126698",
    "196851140",
    "197389903",
    "197891661",
    "197895504",
    "198604342",
    "198908859",
    "199395147",
    "199797602",
    "21587333",
    "21588091",
    "220250093",
    "25156187",
    "25721447",
    "26042781",
    "31439734",
    "35209713",
    "54893172",
    "58768907",
    "58866127",
    "76858853",
    "79002334",
    "83571357",
    "84705043",
    "95254866",
    "99055770",
    "99340932",
    "221060045",
    "110094608",
    "96496841",
    "222024806",
    "196995650",
    "187626597",
    "150692839",
    "34779479",
    "195714182",
    "110941154",
    "65909938",
    "58765852",
    "194226555",
    "207989836",
    "21588003",
    "75562775",
    "203201814",
    "169083844",
    "221953076",
    "86039142",
    "205968987",
    "206168679",
    "220998715",
    "201677883",
    "190835268",
    "92934889",
    "211608437",
    "222187910",
    "216941489",
    "21586738",
    "95453552",
    "21587522",
    "182516313",
    "221948543"
  ],
  "dispatched": [],
  "errors": [],
  "dry_run": false
}
2026-09-08T22:43:43+00:00 finish robie call label watch rc=0
2026-09-08T22:48:01+00:00 start robie call label watch timeout=90s extra=
2026-09-08 22:48:03,445 [INFO] Agency-wide discovery added 50 recent active accounts to Robie watch list.
2026-09-08 22:48:04,195 [INFO] Successfully authenticated with Classic EZLynx API (EZToken issued).
2026-09-08 22:48:31,544 [INFO] Skipping discussion 'General Inquiry' noteId=1065167723: already processed (798750643:1065167723).
{
  "applicants_scanned": 76,
  "applicant_ids": [
    "102351931",
    "143979332",
    "144897143",
    "145217363",
    "145834411",
    "148235525",
    "150751441",
    "151382204",
    "151445306",
    "157388228",
    "163863318",
    "173838508",
    "186333470",
    "193438339",
    "196126698",
    "196851140",
    "197389903",
    "197891661",
    "197895504",
    "198604342",
    "198908859",
    "199395147",
    "199797602",
    "21587333",
    "21588091",
    "220250093",
    "25156187",
    "25721447",
    "26042781",
    "31439734",
    "35209713",
    "54893172",
    "58768907",
    "58866127",
    "76858853",
    "79002334",
    "83571357",
    "84705043",
    "95254866",
    "99055770",
    "99340932",
    "173035077",
    "82861889",
    "221060045",
    "110094608",
    "96496841",
    "222024806",
    "196995650",
    "187626597",
    "150692839",
    "34779479",
    "195714182",
    "110941154",
    "65909938",
    "58765852",
    "194226555",
    "207989836",
    "21588003",
    "75562775",
    "203201814",
    "169083844",
    "221953076",
    "86039142",
    "205968987",
    "206168679",
    "220998715",
    "201677883",
    "190835268",
    "92934889",
    "211608437",
    "222187910",
    "216941489",
    "21586738",
    "95453552",
    "21587522",
    "182516313"
  ],
  "dispatched": [],
  "errors": [],
  "dry_run": false
}
2026-09-08T22:48:43+00:00 finish robie call label watch rc=0
2026-09-08T22:53:01+00:00 start robie call label watch timeout=90s extra=
2026-09-08 22:53:03,611 [INFO] Agency-wide discovery added 50 recent active accounts to Robie watch list.
2026-09-08 22:53:04,426 [INFO] Successfully authenticated with Classic EZLynx API (EZToken issued).
2026-09-08 22:53:35,010 [INFO] Skipping discussion 'General Inquiry' noteId=1065167723: already processed (798750643:1065167723).
{
  "applicants_scanned": 76,
  "applicant_ids": [
    "102351931",
    "143979332",
    "144897143",
    "145217363",
    "145834411",
    "148235525",
    "150751441",
    "151382204",
    "151445306",
    "157388228",
    "163863318",
    "173838508",
    "186333470",
    "193438339",
    "196126698",
    "196851140",
    "197389903",
    "197891661",
    "197895504",
    "198604342",
    "198908859",
    "199395147",
    "199797602",
    "21587333",
    "21588091",
    "220250093",
    "25156187",
    "25721447",
    "26042781",
    "31439734",
    "35209713",
    "54893172",
    "58768907",
    "58866127",
    "76858853",
    "79002334",
    "83571357",
    "84705043",
    "95254866",
    "99055770",
    "99340932",
    "175737887",
    "221220308",
    "173035077",
    "82861889",
    "221060045",
    "110094608",
    "96496841",
    "222024806",
    "196995650",
    "187626597",
    "150692839",
    "34779479",
    "195714182",
    "110941154",
    "65909938",
    "58765852",
    "194226555",
    "207989836",
    "21588003",
    "75562775",
    "203201814",
    "169083844",
    "221953076",
    "86039142",
    "205968987",
    "206168679",
    "220998715",
    "201677883",
    "190835268",
    "92934889",
    "211608437",
    "222187910",
    "216941489",
    "21586738",
    "95453552"
  ],
  "dispatched": [],
  "errors": [],
  "dry_run": false
}
2026-09-08T22:53:45+00:00 finish robie call label watch rc=0
2026-09-08T22:58:01+00:00 start robie call label watch timeout=90s extra=
2026-09-08 22:58:03,586 [INFO] Agency-wide discovery added 50 recent active accounts to Robie watch list.
2026-09-08 22:58:04,414 [INFO] Successfully authenticated with Classic EZLynx API (EZToken issued).
2026-09-08 22:58:40,859 [INFO] Skipping discussion 'General Inquiry' noteId=1065167723: already processed (798750643:1065167723).
{
  "applicants_scanned": 74,
  "applicant_ids": [
    "102351931",
    "143979332",
    "144897143",
    "145217363",
    "145834411",
    "148235525",
    "150751441",
    "151382204",
    "151445306",
    "157388228",
    "163863318",
    "173838508",
    "186333470",
    "193438339",
    "196126698",
    "196851140",
    "197389903",
    "197891661",
    "197895504",
    "198604342",
    "198908859",
    "199395147",
    "199797602",
    "21587333",
    "21588091",
    "220250093",
    "25156187",
    "25721447",
    "26042781",
    "31439734",
    "35209713",
    "54893172",
    "58768907",
    "58866127",
    "76858853",
    "79002334",
    "83571357",
    "84705043",
    "95254866",
    "99055770",
    "99340932",
    "89258878",
    "110094608",
    "175448994",
    "175737887",
    "221220308",
    "173035077",
    "82861889",
    "221060045",
    "96496841",
    "222024806",
    "196995650",
    "187626597",
    "150692839",
    "34779479",
    "195714182",
    "110941154",
    "65909938",
    "58765852",
    "194226555",
    "207989836",
    "21588003",
    "75562775",
    "203201814",
    "169083844",
    "221953076",
    "86039142",
    "205968987",
    "206168679",
    "220998715",
    "201677883",
    "190835268",
    "92934889",
    "211608437"
  ],
  "dispatched": [],
  "errors": [],
  "dry_run": false
}
2026-09-08T22:58:46+00:00 finish robie call label watch rc=0
2026-09-08T23:03:02+00:00 start robie call label watch timeout=90s extra=
2026-09-08 23:03:04,711 [INFO] Agency-wide discovery added 50 recent active accounts to Robie watch list.
2026-09-08 23:03:05,488 [INFO] Successfully authenticated with Classic EZLynx API (EZToken issued).
2026-09-08 23:03:39,695 [INFO] Skipping discussion 'General Inquiry' noteId=1065167723: already processed (798750643:1065167723).
{
  "applicants_scanned": 73,
  "applicant_ids": [
    "102351931",
    "143979332",
    "144897143",
    "145217363",
    "145834411",
    "148235525",
    "150751441",
    "151382204",
    "151445306",
    "157388228",
    "163863318",
    "173838508",
    "186333470",
    "193438339",
    "196126698",
    "196851140",
    "197389903",
    "197891661",
    "197895504",
    "198604342",
    "198908859",
    "199395147",
    "199797602",
    "21587333",
    "21588091",
    "220250093",
    "25156187",
    "25721447",
    "26042781",
    "31439734",
    "35209713",
    "54893172",
    "58768907",
    "58866127",
    "76858853",
    "79002334",
    "83571357",
    "84705043",
    "95254866",
    "99055770",
    "99340932",
    "110094608",
    "58288714",
    "85795580",
    "89258878",
    "175448994",
    "175737887",
    "221220308",
    "173035077",
    "82861889",
    "221060045",
    "96496841",
    "222024806",
    "196995650",
    "187626597",
    "150692839",
    "34779479",
    "195714182",
    "110941154",
    "65909938",
    "58765852",
    "194226555",
    "207989836",
    "21588003",
    "75562775",
    "203201814",
    "169083844",
    "221953076",
    "86039142",
    "205968987",
    "206168679",
    "220998715",
    "201677883"
  ],
  "dispatched": [],
  "errors": [],
  "dry_run": false
}
2026-09-08T23:03:46+00:00 finish robie call label watch rc=0
2026-09-08T23:08:01+00:00 start robie call label watch timeout=90s extra=
2026-09-08 23:08:03,340 [INFO] Agency-wide discovery added 50 recent active accounts to Robie watch list.
2026-09-08 23:08:04,170 [INFO] Successfully authenticated with Classic EZLynx API (EZToken issued).
2026-09-08 23:08:28,284 [INFO] Resolved phone +18004564556 for carrier 'Utica First Insurance Company' from directory.
2026-09-08 23:08:28,285 [INFO] [ROBIE CALL DETECTED] Applicant: 26356199 (Buster Brown) | Target: Utica First Insurance Company (+18004564556) | Policy: HOP622388400
2026-09-08 23:08:29,313 [INFO] Matched explicitly requested discussion card: 'Test' (ID 842303545)
2026-09-08 23:08:29,920 [INFO] Successfully posted note via EZLynx REST Note API for Applicant 26356199: NoteId 1123939655 into 'Test'
2026-09-08 23:08:29,934 [INFO] Skipping discussion ' Robie Call': latest activity is already from Robie.
2026-09-08 23:08:29,934 [INFO] Skipping discussion '' noteId=1123713292: already processed (842172217:1123713292).
2026-09-08 23:08:29,936 [INFO] Skipping discussion 'Text Sent - Tuesday, September 8, 2026' noteId=1123691065: already processed (842047443:1123691065).
2026-09-08 23:08:29,938 [INFO] Skipping discussion 'Rest': latest activity is already from Robie.
2026-09-08 23:08:44,507 [INFO] Skipping discussion 'General Inquiry' noteId=1065167723: already processed (798750643:1065167723).
{
  "applicants_scanned": 72,
  "applicant_ids": [
    "102351931",
    "143979332",
    "144897143",
    "145217363",
    "145834411",
    "148235525",
    "150751441",
    "151382204",
    "151445306",
    "157388228",
    "163863318",
    "173838508",
    "186333470",
    "193438339",
    "196126698",
    "196851140",
    "197389903",
    "197891661",
    "197895504",
    "198604342",
    "198908859",
    "199395147",
    "199797602",
    "21587333",
    "21588091",
    "220250093",
    "25156187",
    "25721447",
    "26042781",
    "31439734",
    "35209713",
    "54893172",
    "58768907",
    "58866127",
    "76858853",
    "79002334",
    "83571357",
    "84705043",
    "95254866",
    "99055770",
    "99340932",
    "26356199",
    "205968987",
    "58288714",
    "110094608",
    "85795580",
    "89258878",
    "175448994",
    "175737887",
    "221220308",
    "173035077",
    "82861889",
    "221060045",
    "96496841",
    "222024806",
    "196995650",
    "187626597",
    "150692839",
    "34779479",
    "195714182",
    "110941154",
    "65909938",
    "58765852",
    "194226555",
    "207989836",
    "21588003",
    "75562775",
    "203201814",
    "169083844",
    "221953076",
    "86039142",
    "206168679"
  ],
  "dispatched": [
    {
      "applicant_id": "26356199",
      "discussion_title": "Test",
      "phone": "+18004564556",
      "target": "Utica First Insurance Company",
      "call_id": "ead109a9-62e5-4393-8cc6-9bb1dc6c0770",
      "status": "DISPATCHED",
      "call_type": "carrier",
      "producer_name": null,
      "requestor_name": "Carlo Ferrara",
      "requestor_phone": "+17324622360",
      "note_id": "1123939492",
      "note_identity": "842303545:1123939492"
    }
  ],
  "errors": [],
  "dry_run": false
}
2026-09-08T23:08:47+00:00 finish robie call label watch rc=0
2026-09-08T23:13:01+00:00 start robie call label watch timeout=90s extra=
2026-09-08 23:13:03,767 [INFO] Agency-wide discovery added 50 recent active accounts to Robie watch list.
2026-09-08 23:13:04,507 [INFO] Successfully authenticated with Classic EZLynx API (EZToken issued).
2026-09-08 23:13:24,377 [INFO] Skipping discussion ' Robie Call': latest activity is already from Robie.
2026-09-08 23:13:24,378 [INFO] Skipping discussion '' noteId=1123713292: already processed (842172217:1123713292).
2026-09-08 23:13:24,379 [INFO] Skipping discussion 'Text Sent - Tuesday, September 8, 2026' noteId=1123691065: already processed (842047443:1123691065).
2026-09-08 23:13:24,381 [INFO] Skipping discussion 'Rest': latest activity is already from Robie.
2026-09-08 23:13:35,077 [INFO] Skipping discussion 'General Inquiry' noteId=1065167723: already processed (798750643:1065167723).
{
  "applicants_scanned": 70,
  "applicant_ids": [
    "102351931",
    "143979332",
    "144897143",
    "145217363",
    "145834411",
    "148235525",
    "150751441",
    "151382204",
    "151445306",
    "157388228",
    "163863318",
    "173838508",
    "186333470",
    "193438339",
    "196126698",
    "196851140",
    "197389903",
    "197891661",
    "197895504",
    "198604342",
    "198908859",
    "199395147",
    "199797602",
    "21587333",
    "21588091",
    "220250093",
    "25156187",
    "25721447",
    "26042781",
    "31439734",
    "35209713",
    "54893172",
    "58768907",
    "58866127",
    "76858853",
    "79002334",
    "83571357",
    "84705043",
    "95254866",
    "99055770",
    "99340932",
    "195714182",
    "26356199",
    "205968987",
    "58288714",
    "110094608",
    "85795580",
    "89258878",
    "175448994",
    "175737887",
    "221220308",
    "173035077",
    "82861889",
    "221060045",
    "96496841",
    "222024806",
    "196995650",
    "187626597",
    "150692839",
    "34779479",
    "110941154",
    "65909938",
    "58765852",
    "194226555",
    "207989836",
    "21588003",
    "75562775",
    "203201814",
    "169083844",
    "221953076"
  ],
  "dispatched": [],
  "errors": [],
  "dry_run": false
}
2026-09-08T23:13:40+00:00 finish robie call label watch rc=0
2026-09-08T23:18:01+00:00 start robie call label watch timeout=90s extra=
2026-09-08 23:18:03,447 [INFO] Agency-wide discovery added 50 recent active accounts to Robie watch list.
2026-09-08 23:18:04,204 [INFO] Successfully authenticated with Classic EZLynx API (EZToken issued).
2026-09-08 23:18:24,937 [INFO] Skipping discussion ' Robie Call': latest activity is already from Robie.
2026-09-08 23:18:24,938 [INFO] Skipping discussion '' noteId=1123713292: already processed (842172217:1123713292).
2026-09-08 23:18:24,939 [INFO] Skipping discussion 'Text Sent - Tuesday, September 8, 2026' noteId=1123691065: already processed (842047443:1123691065).
2026-09-08 23:18:24,940 [INFO] Skipping discussion 'Rest': latest activity is already from Robie.
2026-09-08 23:18:41,987 [INFO] Skipping discussion 'General Inquiry' noteId=1065167723: already processed (798750643:1065167723).
{
  "applicants_scanned": 68,
  "applicant_ids": [
    "102351931",
    "143979332",
    "144897143",
    "145217363",
    "145834411",
    "148235525",
    "150751441",
    "151382204",
    "151445306",
    "157388228",
    "163863318",
    "173838508",
    "186333470",
    "193438339",
    "196126698",
    "196851140",
    "197389903",
    "197891661",
    "197895504",
    "198604342",
    "198908859",
    "199395147",
    "199797602",
    "21587333",
    "21588091",
    "220250093",
    "25156187",
    "25721447",
    "26042781",
    "31439734",
    "35209713",
    "54893172",
    "58768907",
    "58866127",
    "76858853",
    "79002334",
    "83571357",
    "84705043",
    "95254866",
    "99055770",
    "99340932",
    "46892067",
    "195714182",
    "221771213",
    "26356199",
    "205968987",
    "58288714",
    "110094608",
    "85795580",
    "89258878",
    "175448994",
    "175737887",
    "221220308",
    "173035077",
    "82861889",
    "221060045",
    "96496841",
    "222024806",
    "196995650",
    "187626597",
    "150692839",
    "34779479",
    "110941154",
    "65909938",
    "58765852",
    "194226555",
    "207989836",
    "21588003"
  ],
  "dispatched": [],
  "errors": [],
  "dry_run": false
}
2026-09-08T23:18:42+00:00 finish robie call label watch rc=0
2026-09-08T23:23:01+00:00 start robie call label watch timeout=90s extra=
2026-09-08 23:23:03,075 [INFO] Agency-wide discovery added 50 recent active accounts to Robie watch list.
2026-09-08 23:23:03,839 [INFO] Successfully authenticated with Classic EZLynx API (EZToken issued).
2026-09-08 23:23:23,002 [INFO] Skipping discussion ' Robie Call': latest activity is already from Robie.
2026-09-08 23:23:23,003 [INFO] Skipping discussion '' noteId=1123713292: already processed (842172217:1123713292).
2026-09-08 23:23:23,004 [INFO] Skipping discussion 'Text Sent - Tuesday, September 8, 2026' noteId=1123691065: already processed (842047443:1123691065).
2026-09-08 23:23:23,006 [INFO] Skipping discussion 'Rest': latest activity is already from Robie.
{
  "applicants_scanned": 65,
  "applicant_ids": [
    "102351931",
    "143979332",
    "144897143",
    "145217363",
    "145834411",
    "148235525",
    "150751441",
    "151382204",
    "151445306",
    "157388228",
    "163863318",
    "173838508",
    "186333470",
    "193438339",
    "196126698",
    "196851140",
    "197389903",
    "197891661",
    "197895504",
    "198604342",
    "198908859",
    "199395147",
    "199797602",
    "21587333",
    "21588091",
    "220250093",
    "25156187",
    "25721447",
    "26042781",
    "31439734",
    "35209713",
    "54893172",
    "58768907",
    "58866127",
    "76858853",
    "79002334",
    "83571357",
    "84705043",
    "95254866",
    "99055770",
    "99340932",
    "26356199",
    "97802424",
    "195714182",
    "46892067",
    "221771213",
    "205968987",
    "58288714",
    "110094608",
    "85795580",
    "89258878",
    "175448994",
    "175737887",
    "221220308",
    "173035077",
    "82861889",
    "221060045",
    "96496841",
    "222024806",
    "196995650",
    "187626597",
    "150692839",
    "34779479",
    "110941154",
    "65909938"
  ],
  "dispatched": [],
  "errors": [],
  "dry_run": false
}
2026-09-08T23:23:41+00:00 finish robie call label watch rc=0
2026-09-08T23:28:01+00:00 start robie call label watch timeout=90s extra=
2026-09-08 23:28:03,356 [INFO] Agency-wide discovery added 50 recent active accounts to Robie watch list.
2026-09-08 23:28:04,135 [INFO] Successfully authenticated with Classic EZLynx API (EZToken issued).
2026-09-08 23:28:23,869 [INFO] Skipping discussion ' Robie Call': latest activity is already from Robie.
2026-09-08 23:28:23,870 [INFO] Skipping discussion '' noteId=1123713292: already processed (842172217:1123713292).
2026-09-08 23:28:23,871 [INFO] Skipping discussion 'Text Sent - Tuesday, September 8, 2026' noteId=1123691065: already processed (842047443:1123691065).
2026-09-08 23:28:23,875 [INFO] Skipping discussion 'Rest': latest activity is already from Robie.
{
  "applicants_scanned": 64,
  "applicant_ids": [
    "102351931",
    "143979332",
    "144897143",
    "145217363",
    "145834411",
    "148235525",
    "150751441",
    "151382204",
    "151445306",
    "157388228",
    "163863318",
    "173838508",
    "186333470",
    "193438339",
    "196126698",
    "196851140",
    "197389903",
    "197891661",
    "197895504",
    "198604342",
    "198908859",
    "199395147",
    "199797602",
    "21587333",
    "21588091",
    "220250093",
    "25156187",
    "25721447",
    "26042781",
    "31439734",
    "35209713",
    "54893172",
    "58768907",
    "58866127",
    "76858853",
    "79002334",
    "83571357",
    "84705043",
    "95254866",
    "99055770",
    "99340932",
    "195714182",
    "26356199",
    "97802424",
    "46892067",
    "221771213",
    "205968987",
    "58288714",
    "110094608",
    "85795580",
    "89258878",
    "175448994",
    "175737887",
    "221220308",
    "173035077",
    "82861889",
    "221060045",
    "96496841",
    "222024806",
    "196995650",
    "187626597",
    "150692839",
    "34779479",
    "110941154"
  ],
  "dispatched": [],
  "errors": [],
  "dry_run": false
}
2026-09-08T23:28:40+00:00 finish robie call label watch rc=0
2026-09-08T23:33:01+00:00 start robie call label watch timeout=90s extra=
2026-09-08 23:33:03,348 [INFO] Agency-wide discovery added 50 recent active accounts to Robie watch list.
2026-09-08 23:33:04,061 [INFO] Successfully authenticated with Classic EZLynx API (EZToken issued).
2026-09-08 23:33:24,301 [INFO] Skipping discussion ' Robie Call': latest activity is already from Robie.
2026-09-08 23:33:24,301 [INFO] Skipping discussion '' noteId=1123713292: already processed (842172217:1123713292).
2026-09-08 23:33:24,302 [INFO] Skipping discussion 'Text Sent - Tuesday, September 8, 2026' noteId=1123691065: already processed (842047443:1123691065).
2026-09-08 23:33:24,304 [INFO] Skipping discussion 'Rest': latest activity is already from Robie.
{
  "applicants_scanned": 64,
  "applicant_ids": [
    "102351931",
    "143979332",
    "144897143",
    "145217363",
    "145834411",
    "148235525",
    "150751441",
    "151382204",
    "151445306",
    "157388228",
    "163863318",
    "173838508",
    "186333470",
    "193438339",
    "196126698",
    "196851140",
    "197389903",
    "197891661",
    "197895504",
    "198604342",
    "198908859",
    "199395147",
    "199797602",
    "21587333",
    "21588091",
    "220250093",
    "25156187",
    "25721447",
    "26042781",
    "31439734",
    "35209713",
    "54893172",
    "58768907",
    "58866127",
    "76858853",
    "79002334",
    "83571357",
    "84705043",
    "95254866",
    "99055770",
    "99340932",
    "218640559",
    "195714182",
    "26356199",
    "97802424",
    "46892067",
    "221771213",
    "205968987",
    "58288714",
    "110094608",
    "85795580",
    "89258878",
    "175448994",
    "175737887",
    "221220308",
    "173035077",
    "82861889",
    "221060045",
    "96496841",
    "222024806",
    "196995650",
    "187626597",
    "150692839",
    "34779479"
  ],
  "dispatched": [],
  "errors": [],
  "dry_run": false
}
2026-09-08T23:33:40+00:00 finish robie call label watch rc=0
2026-09-08T23:38:01+00:00 start robie call label watch timeout=90s extra=
2026-09-08 23:38:03,844 [INFO] Agency-wide discovery added 50 recent active accounts to Robie watch list.
2026-09-08 23:38:04,569 [INFO] Successfully authenticated with Classic EZLynx API (EZToken issued).
2026-09-08 23:38:27,175 [INFO] Skipping discussion ' Robie Call': latest activity is already from Robie.
2026-09-08 23:38:27,176 [INFO] Skipping discussion '' noteId=1123713292: already processed (842172217:1123713292).
2026-09-08 23:38:27,177 [INFO] Skipping discussion 'Text Sent - Tuesday, September 8, 2026' noteId=1123691065: already processed (842047443:1123691065).
2026-09-08 23:38:27,179 [INFO] Skipping discussion 'Rest': latest activity is already from Robie.
{
  "applicants_scanned": 64,
  "applicant_ids": [
    "102351931",
    "143979332",
    "144897143",
    "145217363",
    "145834411",
    "148235525",
    "150751441",
    "151382204",
    "151445306",
    "157388228",
    "163863318",
    "173838508",
    "186333470",
    "193438339",
    "196126698",
    "196851140",
    "197389903",
    "197891661",
    "197895504",
    "198604342",
    "198908859",
    "199395147",
    "199797602",
    "21587333",
    "21588091",
    "220250093",
    "25156187",
    "25721447",
    "26042781",
    "31439734",
    "35209713",
    "54893172",
    "58768907",
    "58866127",
    "76858853",
    "79002334",
    "83571357",
    "84705043",
    "95254866",
    "99055770",
    "99340932",
    "221220308",
    "218640559",
    "195714182",
    "26356199",
    "97802424",
    "46892067",
    "221771213",
    "205968987",
    "58288714",
    "110094608",
    "85795580",
    "89258878",
    "175448994",
    "175737887",
    "173035077",
    "82861889",
    "221060045",
    "96496841",
    "222024806",
    "196995650",
    "187626597",
    "150692839",
    "34779479"
  ],
  "dispatched": [],
  "errors": [],
  "dry_run": false
}
2026-09-08T23:38:39+00:00 finish robie call label watch rc=0
2026-09-08T23:43:01+00:00 start robie call label watch timeout=90s extra=
2026-09-08 23:43:03,759 [INFO] Agency-wide discovery added 50 recent active accounts to Robie watch list.
2026-09-08 23:43:04,518 [INFO] Successfully authenticated with Classic EZLynx API (EZToken issued).
2026-09-08 23:43:24,027 [INFO] Skipping discussion 'Sun Volt Energy LLC _WC AUDIT_': latest activity is already from Robie.
2026-09-08 23:43:24,729 [INFO] Skipping discussion 'Test': latest activity is already from Robie.
2026-09-08 23:43:24,734 [INFO] Skipping discussion ' Robie Call': latest activity is already from Robie.
2026-09-08 23:43:24,735 [INFO] Skipping discussion '' noteId=1123713292: already processed (842172217:1123713292).
2026-09-08 23:43:24,737 [INFO] Skipping discussion 'Text Sent - Tuesday, September 8, 2026' noteId=1123691065: already processed (842047443:1123691065).
2026-09-08 23:43:24,740 [INFO] Skipping discussion 'Rest': latest activity is already from Robie.
{
  "applicants_scanned": 66,
  "applicant_ids": [
    "102351931",
    "143979332",
    "144897143",
    "145217363",
    "145834411",
    "148235525",
    "150751441",
    "151382204",
    "151445306",
    "157388228",
    "163863318",
    "173838508",
    "186333470",
    "193438339",
    "196126698",
    "196851140",
    "197389903",
    "197891661",
    "197895504",
    "198604342",
    "198908859",
    "199395147",
    "199797602",
    "21587333",
    "21588091",
    "220250093",
    "25156187",
    "25721447",
    "26042781",
    "31439734",
    "35209713",
    "54893172",
    "58768907",
    "58866127",
    "76858853",
    "79002334",
    "83571357",
    "84705043",
    "95254866",
    "99055770",
    "99340932",
    "164706131",
    "26356199",
    "221948543",
    "221220308",
    "218640559",
    "195714182",
    "97802424",
    "46892067",
    "221771213",
    "205968987",
    "58288714",
    "110094608",
    "85795580",
    "89258878",
    "175448994",
    "175737887",
    "173035077",
    "82861889",
    "221060045",
    "96496841",
    "222024806",
    "196995650",
    "187626597",
    "150692839",
    "34779479"
  ],
  "dispatched": [],
  "errors": [],
  "dry_run": false
}
2026-09-08T23:43:41+00:00 finish robie call label watch rc=0
2026-09-08T23:48:01+00:00 start robie call label watch timeout=90s extra=
2026-09-08 23:48:04,000 [INFO] Agency-wide discovery added 50 recent active accounts to Robie watch list.
2026-09-08 23:48:04,767 [INFO] Successfully authenticated with Classic EZLynx API (EZToken issued).
2026-09-08 23:48:29,346 [INFO] Skipping discussion 'Email sent by Robie': latest activity is already from Robie.
2026-09-08 23:48:29,348 [INFO] Skipping discussion ' Robie Call': latest activity is already from Robie.
2026-09-08 23:48:29,350 [INFO] Skipping discussion '' noteId=1123713292: already processed (842172217:1123713292).
2026-09-08 23:48:29,351 [INFO] Skipping discussion 'Text Sent - Tuesday, September 8, 2026' noteId=1123691065: already processed (842047443:1123691065).
2026-09-08 23:48:29,353 [INFO] Skipping discussion 'Rest': latest activity is already from Robie.
2026-09-08 23:48:29,788 [INFO] Skipping discussion 'Policy Audit Verification': latest activity is already from Robie.
2026-09-08 23:48:30,248 [INFO] Skipping discussion 'Sun Volt Energy LLC _WC AUDIT_': latest activity is already from Robie.
{
  "applicants_scanned": 65,
  "applicant_ids": [
    "102351931",
    "143979332",
    "144897143",
    "145217363",
    "145834411",
    "148235525",
    "150751441",
    "151382204",
    "151445306",
    "157388228",
    "163863318",
    "173838508",
    "186333470",
    "193438339",
    "196126698",
    "196851140",
    "197389903",
    "197891661",
    "197895504",
    "198604342",
    "198908859",
    "199395147",
    "199797602",
    "21587333",
    "21588091",
    "220250093",
    "25156187",
    "25721447",
    "26042781",
    "31439734",
    "35209713",
    "54893172",
    "58768907",
    "58866127",
    "76858853",
    "79002334",
    "83571357",
    "84705043",
    "95254866",
    "99055770",
    "99340932",
    "26356199",
    "81168616",
    "164706131",
    "221948543",
    "221220308",
    "218640559",
    "195714182",
    "97802424",
    "46892067",
    "221771213",
    "205968987",
    "58288714",
    "110094608",
    "85795580",
    "89258878",
    "175448994",
    "175737887",
    "173035077",
    "82861889",
    "221060045",
    "96496841",
    "222024806",
    "196995650",
    "187626597"
  ],
  "dispatched": [],
  "errors": [],
  "dry_run": false
}
2026-09-08T23:48:42+00:00 finish robie call label watch rc=0
2026-09-08T23:53:01+00:00 start robie call label watch timeout=90s extra=
2026-09-08 23:53:03,547 [INFO] Agency-wide discovery added 50 recent active accounts to Robie watch list.
2026-09-08 23:53:04,390 [INFO] Successfully authenticated with Classic EZLynx API (EZToken issued).
2026-09-08 23:53:26,336 [INFO] [ROBIE CLIENT OUTREACH] Applicant: 30167694 (John Lenart) | primary John at +16093320906 | Policy: HOP623061500
2026-09-08 23:53:26,336 [INFO] Applicant 30167694 has no Assigned Producer full name on sidebar; skipping client_outreach warm transfer.
2026-09-08 23:53:27,413 [INFO] Matched explicitly requested discussion card: 'Billing and Payments' (ID 757057160)
2026-09-08 23:53:27,932 [INFO] Successfully posted note via EZLynx REST Note API for Applicant 30167694: NoteId 1123947369 into 'Billing and Payments'
2026-09-08 23:53:28,391 [INFO] Skipping discussion ' Robie Call': latest activity is already from Robie.
2026-09-08 23:53:28,394 [INFO] Skipping discussion '' noteId=1123713292: already processed (842172217:1123713292).
2026-09-08 23:53:28,395 [INFO] Skipping discussion 'Text Sent - Tuesday, September 8, 2026' noteId=1123691065: already processed (842047443:1123691065).
2026-09-08 23:53:28,398 [INFO] Skipping discussion 'Rest': latest activity is already from Robie.
2026-09-08 23:53:28,890 [INFO] Skipping discussion 'Policy Audit Verification': latest activity is already from Robie.
2026-09-08 23:53:29,356 [INFO] Skipping discussion 'Sun Volt Energy LLC _WC AUDIT_': latest activity is already from Robie.
{
  "applicants_scanned": 67,
  "applicant_ids": [
    "102351931",
    "143979332",
    "144897143",
    "145217363",
    "145834411",
    "148235525",
    "150751441",
    "151382204",
    "151445306",
    "157388228",
    "163863318",
    "173838508",
    "186333470",
    "193438339",
    "196126698",
    "196851140",
    "197389903",
    "197891661",
    "197895504",
    "198604342",
    "198908859",
    "199395147",
    "199797602",
    "21587333",
    "21588091",
    "220250093",
    "25156187",
    "25721447",
    "26042781",
    "31439734",
    "35209713",
    "54893172",
    "58768907",
    "58866127",
    "76858853",
    "79002334",
    "83571357",
    "84705043",
    "95254866",
    "99055770",
    "99340932",
    "221093705",
    "221220308",
    "30167694",
    "26356199",
    "81168616",
    "164706131",
    "221948543",
    "218640559",
    "195714182",
    "97802424",
    "46892067",
    "221771213",
    "205968987",
    "58288714",
    "110094608",
    "85795580",
    "89258878",
    "175448994",
    "175737887",
    "173035077",
    "82861889",
    "221060045",
    "96496841",
    "222024806",
    "196995650",
    "187626597"
  ],
  "dispatched": [
    {
      "applicant_id": "30167694",
      "discussion_title": "Billing and Payments",
      "phone": "+16093320906",
      "phones": [
        "+16093320906"
      ],
      "target": "John Lenart",
      "call_id": "7fa04fb7-dea3-4b3d-8341-692d64717b2c",
      "call_ids": [
        "7fa04fb7-dea3-4b3d-8341-692d64717b2c"
      ],
      "dials": [
        {
          "role": "primary",
          "phone": "+16093320906",
          "first_name": "John",
          "call_id": "7fa04fb7-dea3-4b3d-8341-692d64717b2c",
          "status": "DISPATCHED"
        }
      ],
      "status": "DISPATCHED",
      "call_type": "client_outreach",
      "outreach_pathway": "unresponsive",
      "producer_name": null,
      "assigned_producer_name": null,
      "assigned_producer_phone": null,
      "requestor_name": "Ana Flores",
      "requestor_phone": null,
      "note_id": "1012391528",
      "note_identity": "757057160:1012391528"
    }
  ],
  "errors": [],
  "dry_run": false
}
2026-09-08T23:53:42+00:00 finish robie call label watch rc=0
2026-09-08T23:58:02+00:00 start robie call label watch timeout=90s extra=
2026-09-08 23:58:04,273 [INFO] Agency-wide discovery added 50 recent active accounts to Robie watch list.
2026-09-08 23:58:05,036 [INFO] Successfully authenticated with Classic EZLynx API (EZToken issued).
2026-09-08 23:58:24,423 [INFO] Skipping discussion ' Robie Call': latest activity is already from Robie.
2026-09-08 23:58:24,429 [INFO] Skipping discussion '' noteId=1123713292: already processed (842172217:1123713292).
2026-09-08 23:58:24,431 [INFO] Skipping discussion 'Text Sent - Tuesday, September 8, 2026' noteId=1123691065: already processed (842047443:1123691065).
2026-09-08 23:58:24,435 [INFO] Skipping discussion 'Rest': latest activity is already from Robie.
2026-09-08 23:58:26,612 [INFO] Skipping discussion 'Policy Audit Verification': latest activity is already from Robie.
2026-09-08 23:58:27,143 [INFO] Skipping discussion 'Sun Volt Energy LLC _WC AUDIT_': latest activity is already from Robie.
{
  "applicants_scanned": 68,
  "applicant_ids": [
    "102351931",
    "143979332",
    "144897143",
    "145217363",
    "145834411",
    "148235525",
    "150751441",
    "151382204",
    "151445306",
    "157388228",
    "163863318",
    "173838508",
    "186333470",
    "193438339",
    "196126698",
    "196851140",
    "197389903",
    "197891661",
    "197895504",
    "198604342",
    "198908859",
    "199395147",
    "199797602",
    "21587333",
    "21588091",
    "220250093",
    "25156187",
    "25721447",
    "26042781",
    "31439734",
    "35209713",
    "54893172",
    "58768907",
    "58866127",
    "76858853",
    "79002334",
    "83571357",
    "84705043",
    "95254866",
    "99055770",
    "99340932",
    "26356199",
    "30167694",
    "221953526",
    "221093705",
    "221220308",
    "81168616",
    "164706131",
    "221948543",
    "218640559",
    "195714182",
    "97802424",
    "46892067",
    "221771213",
    "205968987",
    "58288714",
    "110094608",
    "85795580",
    "89258878",
    "175448994",
    "175737887",
    "173035077",
    "82861889",
    "221060045",
    "96496841",
    "222024806",
    "196995650",
    "187626597"
  ],
  "dispatched": [],
  "errors": [],
  "dry_run": false
}
2026-09-08T23:58:46+00:00 finish robie call label watch rc=0
