2026-09-05T17:08:01+00:00 start robie call label watch timeout=90s extra=
2026-09-05 17:08:02,466 [INFO] Retrieved 50 discussions via portal cookie session for applicant 102351931
2026-09-05 17:08:02,998 [INFO] Successfully authenticated with Classic EZLynx API (EZToken issued).
2026-09-05 17:08:03,661 [INFO] Retrieved 50 discussions via portal cookie session for applicant 143979332
2026-09-05 17:08:04,139 [INFO] Retrieved 50 discussions via portal cookie session for applicant 144897143
2026-09-05 17:08:04,647 [INFO] Retrieved 50 discussions via portal cookie session for applicant 145217363
2026-09-05 17:08:05,123 [INFO] Retrieved 50 discussions via portal cookie session for applicant 145834411
2026-09-05 17:08:05,680 [INFO] Retrieved 50 discussions via portal cookie session for applicant 148235525
2026-09-05 17:08:06,248 [INFO] Retrieved 50 discussions via portal cookie session for applicant 150751441
2026-09-05 17:08:06,902 [INFO] Retrieved 50 discussions via portal cookie session for applicant 151382204
2026-09-05 17:08:07,408 [INFO] Retrieved 50 discussions via portal cookie session for applicant 151445306
2026-09-05 17:08:08,022 [INFO] Retrieved 50 discussions via portal cookie session for applicant 157388228
2026-09-05 17:08:08,600 [INFO] Retrieved 50 discussions via portal cookie session for applicant 163863318
2026-09-05 17:08:09,154 [INFO] Retrieved 50 discussions via portal cookie session for applicant 173838508
2026-09-05 17:08:09,695 [INFO] Retrieved 50 discussions via portal cookie session for applicant 186333470
2026-09-05 17:08:10,226 [INFO] Retrieved 50 discussions via portal cookie session for applicant 193438339
2026-09-05 17:08:10,886 [INFO] Retrieved 27 discussions via portal cookie session for applicant 196126698
2026-09-05 17:08:11,374 [INFO] Retrieved 50 discussions via portal cookie session for applicant 196851140
2026-09-05 17:08:11,858 [INFO] Retrieved 50 discussions via portal cookie session for applicant 197389903
2026-09-05 17:08:12,413 [INFO] Retrieved 50 discussions via portal cookie session for applicant 197891661
2026-09-05 17:08:12,975 [INFO] Retrieved 50 discussions via portal cookie session for applicant 197895504
2026-09-05 17:08:13,473 [INFO] Retrieved 50 discussions via portal cookie session for applicant 198604342
2026-09-05 17:08:14,111 [INFO] Retrieved 50 discussions via portal cookie session for applicant 198908859
2026-09-05 17:08:14,639 [INFO] Retrieved 50 discussions via portal cookie session for applicant 199797602
2026-09-05 17:08:15,103 [INFO] Retrieved 50 discussions via portal cookie session for applicant 21587333
2026-09-05 17:08:15,616 [INFO] Retrieved 50 discussions via portal cookie session for applicant 21588091
2026-09-05 17:08:16,075 [INFO] Retrieved 23 discussions via portal cookie session for applicant 220250093
2026-09-05 17:08:16,632 [INFO] Retrieved 50 discussions via portal cookie session for applicant 25156187
2026-09-05 17:08:17,440 [INFO] Retrieved 50 discussions via portal cookie session for applicant 25721447
2026-09-05 17:08:18,123 [INFO] Retrieved 50 discussions via portal cookie session for applicant 26042781
2026-09-05 17:08:18,788 [INFO] Retrieved 50 discussions via portal cookie session for applicant 35209713
2026-09-05 17:08:19,487 [INFO] Retrieved 50 discussions via portal cookie session for applicant 54893172
2026-09-05 17:08:19,931 [INFO] Retrieved 50 discussions via portal cookie session for applicant 58768907
2026-09-05 17:08:20,604 [INFO] Retrieved 50 discussions via portal cookie session for applicant 58866127
2026-09-05 17:08:21,081 [INFO] Retrieved 50 discussions via portal cookie session for applicant 76858853
2026-09-05 17:08:21,675 [INFO] Retrieved 50 discussions via portal cookie session for applicant 79002334
2026-09-05 17:08:22,205 [INFO] Retrieved 50 discussions via portal cookie session for applicant 83571357
2026-09-05 17:08:22,779 [INFO] Retrieved 50 discussions via portal cookie session for applicant 84705043
2026-09-05 17:08:23,288 [INFO] Retrieved 50 discussions via portal cookie session for applicant 95254866
2026-09-05 17:08:23,904 [INFO] Retrieved 50 discussions via portal cookie session for applicant 99055770
2026-09-05 17:08:24,467 [INFO] Retrieved 50 discussions via portal cookie session for applicant 99340932
{
  "applicants_scanned": 39,
  "applicant_ids": [
    "102351931",
    "143979332",
    "144897143",
    "145217363",
    "145834411",
    "148235525",
    "150751441",
    "151382204",
    "151445306",
    "157388228",
    "163863318",
    "173838508",
    "186333470",
    "193438339",
    "196126698",
    "196851140",
    "197389903",
    "197891661",
    "197895504",
    "198604342",
    "198908859",
    "199797602",
    "21587333",
    "21588091",
    "220250093",
    "25156187",
    "25721447",
    "26042781",
    "35209713",
    "54893172",
    "58768907",
    "58866127",
    "76858853",
    "79002334",
    "83571357",
    "84705043",
    "95254866",
    "99055770",
    "99340932"
  ],
  "dispatched": [],
  "errors": [],
  "dry_run": false
}
2026-09-05T17:08:24+00:00 finish robie call label watch rc=0
2026-09-05T17:13:01+00:00 start robie call label watch timeout=90s extra=
2026-09-05 17:13:03,106 [INFO] Retrieved 50 discussions via portal cookie session for applicant 102351931
2026-09-05 17:13:03,647 [INFO] Successfully authenticated with Classic EZLynx API (EZToken issued).
2026-09-05 17:13:04,113 [INFO] Retrieved 50 discussions via portal cookie session for applicant 143979332
2026-09-05 17:13:04,548 [INFO] Retrieved 50 discussions via portal cookie session for applicant 144897143
2026-09-05 17:13:05,004 [INFO] Retrieved 50 discussions via portal cookie session for applicant 145217363
2026-09-05 17:13:05,438 [INFO] Retrieved 50 discussions via portal cookie session for applicant 145834411
2026-09-05 17:13:05,868 [INFO] Retrieved 50 discussions via portal cookie session for applicant 148235525
2026-09-05 17:13:06,317 [INFO] Retrieved 50 discussions via portal cookie session for applicant 150751441
2026-09-05 17:13:06,813 [INFO] Retrieved 50 discussions via portal cookie session for applicant 151382204
2026-09-05 17:13:07,318 [INFO] Retrieved 50 discussions via portal cookie session for applicant 151445306
2026-09-05 17:13:07,748 [INFO] Retrieved 50 discussions via portal cookie session for applicant 157388228
2026-09-05 17:13:08,257 [INFO] Retrieved 50 discussions via portal cookie session for applicant 163863318
2026-09-05 17:13:08,701 [INFO] Retrieved 50 discussions via portal cookie session for applicant 173838508
2026-09-05 17:13:09,208 [INFO] Retrieved 50 discussions via portal cookie session for applicant 186333470
2026-09-05 17:13:09,733 [INFO] Retrieved 50 discussions via portal cookie session for applicant 193438339
2026-09-05 17:13:10,159 [INFO] Retrieved 27 discussions via portal cookie session for applicant 196126698
2026-09-05 17:13:10,555 [INFO] Retrieved 50 discussions via portal cookie session for applicant 196851140
2026-09-05 17:13:10,983 [INFO] Retrieved 50 discussions via portal cookie session for applicant 197389903
2026-09-05 17:13:11,449 [INFO] Retrieved 50 discussions via portal cookie session for applicant 197891661
2026-09-05 17:13:11,907 [INFO] Retrieved 50 discussions via portal cookie session for applicant 197895504
2026-09-05 17:13:12,309 [INFO] Retrieved 50 discussions via portal cookie session for applicant 198604342
2026-09-05 17:13:12,778 [INFO] Retrieved 50 discussions via portal cookie session for applicant 198908859
2026-09-05 17:13:13,212 [INFO] Retrieved 50 discussions via portal cookie session for applicant 199797602
2026-09-05 17:13:13,679 [INFO] Retrieved 50 discussions via portal cookie session for applicant 21587333
2026-09-05 17:13:14,128 [INFO] Retrieved 50 discussions via portal cookie session for applicant 21588091
2026-09-05 17:13:14,548 [INFO] Retrieved 23 discussions via portal cookie session for applicant 220250093
2026-09-05 17:13:14,938 [INFO] Retrieved 50 discussions via portal cookie session for applicant 25156187
2026-09-05 17:13:15,436 [INFO] Retrieved 50 discussions via portal cookie session for applicant 25721447
2026-09-05 17:13:15,924 [INFO] Retrieved 50 discussions via portal cookie session for applicant 26042781
2026-09-05 17:13:16,386 [INFO] Retrieved 50 discussions via portal cookie session for applicant 35209713
2026-09-05 17:13:16,831 [INFO] Retrieved 50 discussions via portal cookie session for applicant 54893172
2026-09-05 17:13:17,306 [INFO] Retrieved 50 discussions via portal cookie session for applicant 58768907
2026-09-05 17:13:17,861 [INFO] Retrieved 50 discussions via portal cookie session for applicant 58866127
2026-09-05 17:13:18,301 [INFO] Retrieved 50 discussions via portal cookie session for applicant 76858853
2026-09-05 17:13:18,720 [INFO] Retrieved 50 discussions via portal cookie session for applicant 79002334
2026-09-05 17:13:19,157 [INFO] Retrieved 50 discussions via portal cookie session for applicant 83571357
2026-09-05 17:13:19,621 [INFO] Retrieved 50 discussions via portal cookie session for applicant 84705043
2026-09-05 17:13:20,014 [INFO] Retrieved 50 discussions via portal cookie session for applicant 95254866
2026-09-05 17:13:20,518 [INFO] Retrieved 50 discussions via portal cookie session for applicant 99055770
2026-09-05 17:13:21,007 [INFO] Retrieved 50 discussions via portal cookie session for applicant 99340932
{
  "applicants_scanned": 39,
  "applicant_ids": [
    "102351931",
    "143979332",
    "144897143",
    "145217363",
    "145834411",
    "148235525",
    "150751441",
    "151382204",
    "151445306",
    "157388228",
    "163863318",
    "173838508",
    "186333470",
    "193438339",
    "196126698",
    "196851140",
    "197389903",
    "197891661",
    "197895504",
    "198604342",
    "198908859",
    "199797602",
    "21587333",
    "21588091",
    "220250093",
    "25156187",
    "25721447",
    "26042781",
    "35209713",
    "54893172",
    "58768907",
    "58866127",
    "76858853",
    "79002334",
    "83571357",
    "84705043",
    "95254866",
    "99055770",
    "99340932"
  ],
  "dispatched": [],
  "errors": [],
  "dry_run": false
}
2026-09-05T17:13:21+00:00 finish robie call label watch rc=0
2026-09-05T17:18:01+00:00 start robie call label watch timeout=90s extra=
2026-09-05 17:18:02,689 [INFO] Retrieved 50 discussions via portal cookie session for applicant 102351931
2026-09-05 17:18:03,203 [INFO] Successfully authenticated with Classic EZLynx API (EZToken issued).
2026-09-05 17:18:03,622 [INFO] Retrieved 50 discussions via portal cookie session for applicant 143979332
2026-09-05 17:18:04,046 [INFO] Retrieved 50 discussions via portal cookie session for applicant 144897143
2026-09-05 17:18:04,469 [INFO] Retrieved 50 discussions via portal cookie session for applicant 145217363
2026-09-05 17:18:04,912 [INFO] Retrieved 50 discussions via portal cookie session for applicant 145834411
2026-09-05 17:18:05,378 [INFO] Retrieved 50 discussions via portal cookie session for applicant 148235525
2026-09-05 17:18:05,797 [INFO] Retrieved 50 discussions via portal cookie session for applicant 150751441
2026-09-05 17:18:06,323 [INFO] Retrieved 50 discussions via portal cookie session for applicant 151382204
2026-09-05 17:18:06,790 [INFO] Retrieved 50 discussions via portal cookie session for applicant 151445306
2026-09-05 17:18:07,259 [INFO] Retrieved 50 discussions via portal cookie session for applicant 157388228
2026-09-05 17:18:07,737 [INFO] Retrieved 50 discussions via portal cookie session for applicant 163863318
2026-09-05 17:18:08,135 [INFO] Retrieved 50 discussions via portal cookie session for applicant 173838508
2026-09-05 17:18:08,555 [INFO] Retrieved 50 discussions via portal cookie session for applicant 186333470
2026-09-05 17:18:08,998 [INFO] Retrieved 50 discussions via portal cookie session for applicant 193438339
2026-09-05 17:18:09,448 [INFO] Retrieved 27 discussions via portal cookie session for applicant 196126698
2026-09-05 17:18:09,835 [INFO] Retrieved 50 discussions via portal cookie session for applicant 196851140
2026-09-05 17:18:10,242 [INFO] Retrieved 50 discussions via portal cookie session for applicant 197389903
2026-09-05 17:18:10,701 [INFO] Retrieved 50 discussions via portal cookie session for applicant 197891661
2026-09-05 17:18:11,189 [INFO] Retrieved 50 discussions via portal cookie session for applicant 197895504
2026-09-05 17:18:11,662 [INFO] Retrieved 50 discussions via portal cookie session for applicant 198604342
2026-09-05 17:18:12,111 [INFO] Retrieved 50 discussions via portal cookie session for applicant 198908859
2026-09-05 17:18:12,598 [INFO] Retrieved 50 discussions via portal cookie session for applicant 199797602
2026-09-05 17:18:13,032 [INFO] Retrieved 50 discussions via portal cookie session for applicant 21587333
2026-09-05 17:18:13,439 [INFO] Retrieved 50 discussions via portal cookie session for applicant 21588091
2026-09-05 17:18:13,828 [INFO] Retrieved 23 discussions via portal cookie session for applicant 220250093
2026-09-05 17:18:14,218 [INFO] Retrieved 50 discussions via portal cookie session for applicant 25156187
2026-09-05 17:18:14,665 [INFO] Retrieved 50 discussions via portal cookie session for applicant 25721447
2026-09-05 17:18:15,174 [INFO] Retrieved 50 discussions via portal cookie session for applicant 26042781
2026-09-05 17:18:15,689 [INFO] Retrieved 50 discussions via portal cookie session for applicant 35209713
2026-09-05 17:18:16,122 [INFO] Retrieved 50 discussions via portal cookie session for applicant 54893172
2026-09-05 17:18:16,556 [INFO] Retrieved 50 discussions via portal cookie session for applicant 58768907
2026-09-05 17:18:17,073 [INFO] Retrieved 50 discussions via portal cookie session for applicant 58866127
2026-09-05 17:18:17,550 [INFO] Retrieved 50 discussions via portal cookie session for applicant 76858853
2026-09-05 17:18:18,032 [INFO] Retrieved 50 discussions via portal cookie session for applicant 79002334
2026-09-05 17:18:18,483 [INFO] Retrieved 50 discussions via portal cookie session for applicant 83571357
2026-09-05 17:18:18,908 [INFO] Retrieved 50 discussions via portal cookie session for applicant 84705043
2026-09-05 17:18:19,342 [INFO] Retrieved 50 discussions via portal cookie session for applicant 95254866
2026-09-05 17:18:19,879 [INFO] Retrieved 50 discussions via portal cookie session for applicant 99055770
2026-09-05 17:18:20,330 [INFO] Retrieved 50 discussions via portal cookie session for applicant 99340932
{
  "applicants_scanned": 39,
  "applicant_ids": [
    "102351931",
    "143979332",
    "144897143",
    "145217363",
    "145834411",
    "148235525",
    "150751441",
    "151382204",
    "151445306",
    "157388228",
    "163863318",
    "173838508",
    "186333470",
    "193438339",
    "196126698",
    "196851140",
    "197389903",
    "197891661",
    "197895504",
    "198604342",
    "198908859",
    "199797602",
    "21587333",
    "21588091",
    "220250093",
    "25156187",
    "25721447",
    "26042781",
    "35209713",
    "54893172",
    "58768907",
    "58866127",
    "76858853",
    "79002334",
    "83571357",
    "84705043",
    "95254866",
    "99055770",
    "99340932"
  ],
  "dispatched": [],
  "errors": [],
  "dry_run": false
}
2026-09-05T17:18:20+00:00 finish robie call label watch rc=0
2026-09-05T17:23:01+00:00 start robie call label watch timeout=90s extra=
2026-09-05 17:23:02,491 [INFO] Retrieved 50 discussions via portal cookie session for applicant 102351931
2026-09-05 17:23:03,043 [INFO] Successfully authenticated with Classic EZLynx API (EZToken issued).
2026-09-05 17:23:03,609 [INFO] Retrieved 50 discussions via portal cookie session for applicant 143979332
2026-09-05 17:23:04,035 [INFO] Retrieved 50 discussions via portal cookie session for applicant 144897143
2026-09-05 17:23:04,428 [INFO] Retrieved 50 discussions via portal cookie session for applicant 145217363
2026-09-05 17:23:04,851 [INFO] Retrieved 50 discussions via portal cookie session for applicant 145834411
2026-09-05 17:23:05,278 [INFO] Retrieved 50 discussions via portal cookie session for applicant 148235525
2026-09-05 17:23:05,774 [INFO] Retrieved 50 discussions via portal cookie session for applicant 150751441
2026-09-05 17:23:06,278 [INFO] Retrieved 50 discussions via portal cookie session for applicant 151382204
2026-09-05 17:23:06,751 [INFO] Retrieved 50 discussions via portal cookie session for applicant 151445306
2026-09-05 17:23:07,214 [INFO] Retrieved 50 discussions via portal cookie session for applicant 157388228
2026-09-05 17:23:07,726 [INFO] Retrieved 50 discussions via portal cookie session for applicant 163863318
2026-09-05 17:23:08,144 [INFO] Retrieved 50 discussions via portal cookie session for applicant 173838508
2026-09-05 17:23:08,587 [INFO] Retrieved 50 discussions via portal cookie session for applicant 186333470
2026-09-05 17:23:08,990 [INFO] Retrieved 50 discussions via portal cookie session for applicant 193438339
2026-09-05 17:23:09,443 [INFO] Retrieved 27 discussions via portal cookie session for applicant 196126698
2026-09-05 17:23:09,879 [INFO] Retrieved 50 discussions via portal cookie session for applicant 196851140
2026-09-05 17:23:10,350 [INFO] Retrieved 50 discussions via portal cookie session for applicant 197389903
2026-09-05 17:23:10,762 [INFO] Retrieved 50 discussions via portal cookie session for applicant 197891661
2026-09-05 17:23:11,194 [INFO] Retrieved 50 discussions via portal cookie session for applicant 197895504
2026-09-05 17:23:11,695 [INFO] Retrieved 50 discussions via portal cookie session for applicant 198604342
2026-09-05 17:23:12,133 [INFO] Retrieved 50 discussions via portal cookie session for applicant 198908859
2026-09-05 17:23:12,599 [INFO] Retrieved 50 discussions via portal cookie session for applicant 199797602
2026-09-05 17:23:13,076 [INFO] Retrieved 50 discussions via portal cookie session for applicant 21587333
2026-09-05 17:23:13,520 [INFO] Retrieved 50 discussions via portal cookie session for applicant 21588091
2026-09-05 17:23:13,971 [INFO] Retrieved 23 discussions via portal cookie session for applicant 220250093
2026-09-05 17:23:14,388 [INFO] Retrieved 50 discussions via portal cookie session for applicant 25156187
2026-09-05 17:23:14,914 [INFO] Retrieved 50 discussions via portal cookie session for applicant 25721447
2026-09-05 17:23:15,423 [INFO] Retrieved 50 discussions via portal cookie session for applicant 26042781
2026-09-05 17:23:15,894 [INFO] Retrieved 50 discussions via portal cookie session for applicant 35209713
2026-09-05 17:23:16,361 [INFO] Retrieved 50 discussions via portal cookie session for applicant 54893172
2026-09-05 17:23:16,810 [INFO] Retrieved 50 discussions via portal cookie session for applicant 58768907
2026-09-05 17:23:17,326 [INFO] Retrieved 50 discussions via portal cookie session for applicant 58866127
2026-09-05 17:23:17,741 [INFO] Retrieved 50 discussions via portal cookie session for applicant 76858853
2026-09-05 17:23:18,348 [INFO] Retrieved 50 discussions via portal cookie session for applicant 79002334
2026-09-05 17:23:18,997 [INFO] Retrieved 50 discussions via portal cookie session for applicant 83571357
2026-09-05 17:23:19,487 [INFO] Retrieved 50 discussions via portal cookie session for applicant 84705043
2026-09-05 17:23:19,957 [INFO] Retrieved 50 discussions via portal cookie session for applicant 95254866
2026-09-05 17:23:20,485 [INFO] Retrieved 50 discussions via portal cookie session for applicant 99055770
2026-09-05 17:23:20,886 [INFO] Retrieved 50 discussions via portal cookie session for applicant 99340932
{
  "applicants_scanned": 39,
  "applicant_ids": [
    "102351931",
    "143979332",
    "144897143",
    "145217363",
    "145834411",
    "148235525",
    "150751441",
    "151382204",
    "151445306",
    "157388228",
    "163863318",
    "173838508",
    "186333470",
    "193438339",
    "196126698",
    "196851140",
    "197389903",
    "197891661",
    "197895504",
    "198604342",
    "198908859",
    "199797602",
    "21587333",
    "21588091",
    "220250093",
    "25156187",
    "25721447",
    "26042781",
    "35209713",
    "54893172",
    "58768907",
    "58866127",
    "76858853",
    "79002334",
    "83571357",
    "84705043",
    "95254866",
    "99055770",
    "99340932"
  ],
  "dispatched": [],
  "errors": [],
  "dry_run": false
}
2026-09-05T17:23:21+00:00 finish robie call label watch rc=0
2026-09-05T17:28:01+00:00 start robie call label watch timeout=90s extra=
2026-09-05 17:28:02,785 [INFO] Retrieved 50 discussions via portal cookie session for applicant 102351931
2026-09-05 17:28:03,313 [INFO] Successfully authenticated with Classic EZLynx API (EZToken issued).
2026-09-05 17:28:03,745 [INFO] Retrieved 50 discussions via portal cookie session for applicant 143979332
2026-09-05 17:28:04,192 [INFO] Retrieved 50 discussions via portal cookie session for applicant 144897143
2026-09-05 17:28:04,589 [INFO] Retrieved 50 discussions via portal cookie session for applicant 145217363
2026-09-05 17:28:04,981 [INFO] Retrieved 50 discussions via portal cookie session for applicant 145834411
2026-09-05 17:28:05,381 [INFO] Retrieved 50 discussions via portal cookie session for applicant 148235525
2026-09-05 17:28:05,843 [INFO] Retrieved 50 discussions via portal cookie session for applicant 150751441
2026-09-05 17:28:06,284 [INFO] Retrieved 50 discussions via portal cookie session for applicant 151382204
2026-09-05 17:28:06,781 [INFO] Retrieved 50 discussions via portal cookie session for applicant 151445306
2026-09-05 17:28:07,222 [INFO] Retrieved 50 discussions via portal cookie session for applicant 157388228
2026-09-05 17:28:07,742 [INFO] Retrieved 50 discussions via portal cookie session for applicant 163863318
2026-09-05 17:28:08,182 [INFO] Retrieved 50 discussions via portal cookie session for applicant 173838508
2026-09-05 17:28:08,655 [INFO] Retrieved 50 discussions via portal cookie session for applicant 186333470
2026-09-05 17:28:09,063 [INFO] Retrieved 50 discussions via portal cookie session for applicant 193438339
2026-09-05 17:28:09,507 [INFO] Retrieved 27 discussions via portal cookie session for applicant 196126698
2026-09-05 17:28:09,911 [INFO] Retrieved 50 discussions via portal cookie session for applicant 196851140
2026-09-05 17:28:10,335 [INFO] Retrieved 50 discussions via portal cookie session for applicant 197389903
2026-09-05 17:28:10,731 [INFO] Retrieved 50 discussions via portal cookie session for applicant 197891661
2026-09-05 17:28:11,188 [INFO] Retrieved 50 discussions via portal cookie session for applicant 197895504
2026-09-05 17:28:11,590 [INFO] Retrieved 50 discussions via portal cookie session for applicant 198604342
2026-09-05 17:28:12,031 [INFO] Retrieved 50 discussions via portal cookie session for applicant 198908859
2026-09-05 17:28:12,474 [INFO] Retrieved 50 discussions via portal cookie session for applicant 199797602
2026-09-05 17:28:12,910 [INFO] Retrieved 50 discussions via portal cookie session for applicant 21587333
2026-09-05 17:28:13,362 [INFO] Retrieved 50 discussions via portal cookie session for applicant 21588091
2026-09-05 17:28:13,765 [INFO] Retrieved 23 discussions via portal cookie session for applicant 220250093
2026-09-05 17:28:14,194 [INFO] Retrieved 50 discussions via portal cookie session for applicant 25156187
2026-09-05 17:28:14,701 [INFO] Retrieved 50 discussions via portal cookie session for applicant 25721447
2026-09-05 17:28:15,227 [INFO] Retrieved 50 discussions via portal cookie session for applicant 26042781
2026-09-05 17:28:15,716 [INFO] Retrieved 50 discussions via portal cookie session for applicant 35209713
2026-09-05 17:28:16,153 [INFO] Retrieved 50 discussions via portal cookie session for applicant 54893172
2026-09-05 17:28:17,150 [INFO] Retrieved 50 discussions via portal cookie session for applicant 58768907
2026-09-05 17:28:17,639 [INFO] Retrieved 50 discussions via portal cookie session for applicant 58866127
2026-09-05 17:28:18,042 [INFO] Retrieved 50 discussions via portal cookie session for applicant 76858853
2026-09-05 17:28:18,468 [INFO] Retrieved 50 discussions via portal cookie session for applicant 79002334
2026-09-05 17:28:18,859 [INFO] Retrieved 50 discussions via portal cookie session for applicant 83571357
2026-09-05 17:28:19,248 [INFO] Retrieved 50 discussions via portal cookie session for applicant 84705043
2026-09-05 17:28:19,697 [INFO] Retrieved 50 discussions via portal cookie session for applicant 95254866
2026-09-05 17:28:20,160 [INFO] Retrieved 50 discussions via portal cookie session for applicant 99055770
2026-09-05 17:28:20,587 [INFO] Retrieved 50 discussions via portal cookie session for applicant 99340932
{
  "applicants_scanned": 39,
  "applicant_ids": [
    "102351931",
    "143979332",
    "144897143",
    "145217363",
    "145834411",
    "148235525",
    "150751441",
    "151382204",
    "151445306",
    "157388228",
    "163863318",
    "173838508",
    "186333470",
    "193438339",
    "196126698",
    "196851140",
    "197389903",
    "197891661",
    "197895504",
    "198604342",
    "198908859",
    "199797602",
    "21587333",
    "21588091",
    "220250093",
    "25156187",
    "25721447",
    "26042781",
    "35209713",
    "54893172",
    "58768907",
    "58866127",
    "76858853",
    "79002334",
    "83571357",
    "84705043",
    "95254866",
    "99055770",
    "99340932"
  ],
  "dispatched": [],
  "errors": [],
  "dry_run": false
}
2026-09-05T17:28:21+00:00 finish robie call label watch rc=0
2026-09-05T17:33:01+00:00 start robie call label watch timeout=90s extra=
2026-09-05 17:33:02,393 [INFO] Retrieved 50 discussions via portal cookie session for applicant 102351931
2026-09-05 17:33:02,924 [INFO] Successfully authenticated with Classic EZLynx API (EZToken issued).
2026-09-05 17:33:03,407 [INFO] Retrieved 50 discussions via portal cookie session for applicant 143979332
2026-09-05 17:33:03,818 [INFO] Retrieved 50 discussions via portal cookie session for applicant 144897143
2026-09-05 17:33:04,282 [INFO] Retrieved 50 discussions via portal cookie session for applicant 145217363
2026-09-05 17:33:04,750 [INFO] Retrieved 50 discussions via portal cookie session for applicant 145834411
2026-09-05 17:33:05,257 [INFO] Retrieved 50 discussions via portal cookie session for applicant 148235525
2026-09-05 17:33:05,742 [INFO] Retrieved 50 discussions via portal cookie session for applicant 150751441
2026-09-05 17:33:06,199 [INFO] Retrieved 50 discussions via portal cookie session for applicant 151382204
2026-09-05 17:33:06,627 [INFO] Retrieved 50 discussions via portal cookie session for applicant 151445306
2026-09-05 17:33:07,045 [INFO] Retrieved 50 discussions via portal cookie session for applicant 157388228
2026-09-05 17:33:07,624 [INFO] Retrieved 50 discussions via portal cookie session for applicant 163863318
2026-09-05 17:33:08,096 [INFO] Retrieved 50 discussions via portal cookie session for applicant 173838508
2026-09-05 17:33:08,530 [INFO] Retrieved 50 discussions via portal cookie session for applicant 186333470
2026-09-05 17:33:08,958 [INFO] Retrieved 50 discussions via portal cookie session for applicant 193438339
2026-09-05 17:33:09,383 [INFO] Retrieved 27 discussions via portal cookie session for applicant 196126698
2026-09-05 17:33:09,772 [INFO] Retrieved 50 discussions via portal cookie session for applicant 196851140
2026-09-05 17:33:10,242 [INFO] Retrieved 50 discussions via portal cookie session for applicant 197389903
2026-09-05 17:33:10,688 [INFO] Retrieved 50 discussions via portal cookie session for applicant 197891661
2026-09-05 17:33:11,176 [INFO] Retrieved 50 discussions via portal cookie session for applicant 197895504
2026-09-05 17:33:11,572 [INFO] Retrieved 50 discussions via portal cookie session for applicant 198604342
2026-09-05 17:33:12,049 [INFO] Retrieved 50 discussions via portal cookie session for applicant 198908859
2026-09-05 17:33:12,508 [INFO] Retrieved 50 discussions via portal cookie session for applicant 199797602
2026-09-05 17:33:12,996 [INFO] Retrieved 50 discussions via portal cookie session for applicant 21587333
2026-09-05 17:33:13,463 [INFO] Retrieved 50 discussions via portal cookie session for applicant 21588091
2026-09-05 17:33:13,960 [INFO] Retrieved 23 discussions via portal cookie session for applicant 220250093
2026-09-05 17:33:14,381 [INFO] Retrieved 50 discussions via portal cookie session for applicant 25156187
2026-09-05 17:33:14,821 [INFO] Retrieved 50 discussions via portal cookie session for applicant 25721447
2026-09-05 17:33:15,345 [INFO] Retrieved 50 discussions via portal cookie session for applicant 26042781
2026-09-05 17:33:15,856 [INFO] Retrieved 50 discussions via portal cookie session for applicant 35209713
2026-09-05 17:33:16,374 [INFO] Retrieved 50 discussions via portal cookie session for applicant 54893172
2026-09-05 17:33:16,825 [INFO] Retrieved 50 discussions via portal cookie session for applicant 58768907
2026-09-05 17:33:17,330 [INFO] Retrieved 50 discussions via portal cookie session for applicant 58866127
2026-09-05 17:33:17,753 [INFO] Retrieved 50 discussions via portal cookie session for applicant 76858853
2026-09-05 17:33:18,214 [INFO] Retrieved 50 discussions via portal cookie session for applicant 79002334
2026-09-05 17:33:18,659 [INFO] Retrieved 50 discussions via portal cookie session for applicant 83571357
2026-09-05 17:33:19,066 [INFO] Retrieved 50 discussions via portal cookie session for applicant 84705043
2026-09-05 17:33:19,480 [INFO] Retrieved 50 discussions via portal cookie session for applicant 95254866
2026-09-05 17:33:19,991 [INFO] Retrieved 50 discussions via portal cookie session for applicant 99055770
2026-09-05 17:33:20,414 [INFO] Retrieved 50 discussions via portal cookie session for applicant 99340932
{
  "applicants_scanned": 39,
  "applicant_ids": [
    "102351931",
    "143979332",
    "144897143",
    "145217363",
    "145834411",
    "148235525",
    "150751441",
    "151382204",
    "151445306",
    "157388228",
    "163863318",
    "173838508",
    "186333470",
    "193438339",
    "196126698",
    "196851140",
    "197389903",
    "197891661",
    "197895504",
    "198604342",
    "198908859",
    "199797602",
    "21587333",
    "21588091",
    "220250093",
    "25156187",
    "25721447",
    "26042781",
    "35209713",
    "54893172",
    "58768907",
    "58866127",
    "76858853",
    "79002334",
    "83571357",
    "84705043",
    "95254866",
    "99055770",
    "99340932"
  ],
  "dispatched": [],
  "errors": [],
  "dry_run": false
}
2026-09-05T17:33:20+00:00 finish robie call label watch rc=0
2026-09-05T17:38:01+00:00 start robie call label watch timeout=90s extra=
2026-09-05 17:38:03,106 [INFO] Retrieved 50 discussions via portal cookie session for applicant 102351931
2026-09-05 17:38:03,641 [INFO] Successfully authenticated with Classic EZLynx API (EZToken issued).
2026-09-05 17:38:04,051 [INFO] Retrieved 50 discussions via portal cookie session for applicant 143979332
2026-09-05 17:38:04,490 [INFO] Retrieved 50 discussions via portal cookie session for applicant 144897143
2026-09-05 17:38:04,888 [INFO] Retrieved 50 discussions via portal cookie session for applicant 145217363
2026-09-05 17:38:05,311 [INFO] Retrieved 50 discussions via portal cookie session for applicant 145834411
2026-09-05 17:38:05,760 [INFO] Retrieved 50 discussions via portal cookie session for applicant 148235525
2026-09-05 17:38:06,292 [INFO] Retrieved 50 discussions via portal cookie session for applicant 150751441
2026-09-05 17:38:06,801 [INFO] Retrieved 50 discussions via portal cookie session for applicant 151382204
2026-09-05 17:38:07,306 [INFO] Retrieved 50 discussions via portal cookie session for applicant 151445306
2026-09-05 17:38:07,766 [INFO] Retrieved 50 discussions via portal cookie session for applicant 157388228
2026-09-05 17:38:08,288 [INFO] Retrieved 50 discussions via portal cookie session for applicant 163863318
2026-09-05 17:38:08,690 [INFO] Retrieved 50 discussions via portal cookie session for applicant 173838508
2026-09-05 17:38:09,095 [INFO] Retrieved 50 discussions via portal cookie session for applicant 186333470
2026-09-05 17:38:09,554 [INFO] Retrieved 50 discussions via portal cookie session for applicant 193438339
2026-09-05 17:38:10,075 [INFO] Retrieved 27 discussions via portal cookie session for applicant 196126698
2026-09-05 17:38:10,514 [INFO] Retrieved 50 discussions via portal cookie session for applicant 196851140
2026-09-05 17:38:10,945 [INFO] Retrieved 50 discussions via portal cookie session for applicant 197389903
2026-09-05 17:38:11,358 [INFO] Retrieved 50 discussions via portal cookie session for applicant 197891661
2026-09-05 17:38:11,837 [INFO] Retrieved 50 discussions via portal cookie session for applicant 197895504
2026-09-05 17:38:12,322 [INFO] Retrieved 50 discussions via portal cookie session for applicant 198604342
2026-09-05 17:38:12,839 [INFO] Retrieved 50 discussions via portal cookie session for applicant 198908859
2026-09-05 17:38:13,373 [INFO] Retrieved 50 discussions via portal cookie session for applicant 199797602
2026-09-05 17:38:13,816 [INFO] Retrieved 50 discussions via portal cookie session for applicant 21587333
2026-09-05 17:38:14,280 [INFO] Retrieved 50 discussions via portal cookie session for applicant 21588091
2026-09-05 17:38:14,723 [INFO] Retrieved 23 discussions via portal cookie session for applicant 220250093
2026-09-05 17:38:15,137 [INFO] Retrieved 50 discussions via portal cookie session for applicant 25156187
2026-09-05 17:38:15,587 [INFO] Retrieved 50 discussions via portal cookie session for applicant 25721447
2026-09-05 17:38:16,097 [INFO] Retrieved 50 discussions via portal cookie session for applicant 26042781
2026-09-05 17:38:16,599 [INFO] Retrieved 50 discussions via portal cookie session for applicant 35209713
2026-09-05 17:38:17,026 [INFO] Retrieved 50 discussions via portal cookie session for applicant 54893172
2026-09-05 17:38:17,455 [INFO] Retrieved 50 discussions via portal cookie session for applicant 58768907
2026-09-05 17:38:18,011 [INFO] Retrieved 50 discussions via portal cookie session for applicant 58866127
2026-09-05 17:38:18,425 [INFO] Retrieved 50 discussions via portal cookie session for applicant 76858853
2026-09-05 17:38:18,883 [INFO] Retrieved 50 discussions via portal cookie session for applicant 79002334
2026-09-05 17:38:19,348 [INFO] Retrieved 50 discussions via portal cookie session for applicant 83571357
2026-09-05 17:38:19,784 [INFO] Retrieved 50 discussions via portal cookie session for applicant 84705043
2026-09-05 17:38:20,276 [INFO] Retrieved 50 discussions via portal cookie session for applicant 95254866
2026-09-05 17:38:20,782 [INFO] Retrieved 50 discussions via portal cookie session for applicant 99055770
2026-09-05 17:38:21,219 [INFO] Retrieved 50 discussions via portal cookie session for applicant 99340932
{
  "applicants_scanned": 39,
  "applicant_ids": [
    "102351931",
    "143979332",
    "144897143",
    "145217363",
    "145834411",
    "148235525",
    "150751441",
    "151382204",
    "151445306",
    "157388228",
    "163863318",
    "173838508",
    "186333470",
    "193438339",
    "196126698",
    "196851140",
    "197389903",
    "197891661",
    "197895504",
    "198604342",
    "198908859",
    "199797602",
    "21587333",
    "21588091",
    "220250093",
    "25156187",
    "25721447",
    "26042781",
    "35209713",
    "54893172",
    "58768907",
    "58866127",
    "76858853",
    "79002334",
    "83571357",
    "84705043",
    "95254866",
    "99055770",
    "99340932"
  ],
  "dispatched": [],
  "errors": [],
  "dry_run": false
}
2026-09-05T17:38:21+00:00 finish robie call label watch rc=0
2026-09-05T17:43:01+00:00 start robie call label watch timeout=90s extra=
2026-09-05 17:43:02,967 [INFO] Retrieved 50 discussions via portal cookie session for applicant 102351931
2026-09-05 17:43:03,478 [INFO] Successfully authenticated with Classic EZLynx API (EZToken issued).
2026-09-05 17:43:03,891 [INFO] Retrieved 50 discussions via portal cookie session for applicant 143979332
2026-09-05 17:43:04,309 [INFO] Retrieved 50 discussions via portal cookie session for applicant 144897143
2026-09-05 17:43:04,739 [INFO] Retrieved 50 discussions via portal cookie session for applicant 145217363
2026-09-05 17:43:05,185 [INFO] Retrieved 50 discussions via portal cookie session for applicant 145834411
2026-09-05 17:43:05,591 [INFO] Retrieved 50 discussions via portal cookie session for applicant 148235525
2026-09-05 17:43:06,080 [INFO] Retrieved 50 discussions via portal cookie session for applicant 150751441
2026-09-05 17:43:06,564 [INFO] Retrieved 50 discussions via portal cookie session for applicant 151382204
2026-09-05 17:43:07,064 [INFO] Retrieved 50 discussions via portal cookie session for applicant 151445306
2026-09-05 17:43:07,482 [INFO] Retrieved 50 discussions via portal cookie session for applicant 157388228
2026-09-05 17:43:08,018 [INFO] Retrieved 50 discussions via portal cookie session for applicant 163863318
2026-09-05 17:43:08,438 [INFO] Retrieved 50 discussions via portal cookie session for applicant 173838508
2026-09-05 17:43:08,930 [INFO] Retrieved 50 discussions via portal cookie session for applicant 186333470
2026-09-05 17:43:09,357 [INFO] Retrieved 50 discussions via portal cookie session for applicant 193438339
2026-09-05 17:43:09,772 [INFO] Retrieved 27 discussions via portal cookie session for applicant 196126698
2026-09-05 17:43:10,187 [INFO] Retrieved 50 discussions via portal cookie session for applicant 196851140
2026-09-05 17:43:10,627 [INFO] Retrieved 50 discussions via portal cookie session for applicant 197389903
2026-09-05 17:43:11,020 [INFO] Retrieved 50 discussions via portal cookie session for applicant 197891661
2026-09-05 17:43:11,458 [INFO] Retrieved 50 discussions via portal cookie session for applicant 197895504
2026-09-05 17:43:11,906 [INFO] Retrieved 50 discussions via portal cookie session for applicant 198604342
2026-09-05 17:43:12,383 [INFO] Retrieved 50 discussions via portal cookie session for applicant 198908859
2026-09-05 17:43:12,888 [INFO] Retrieved 50 discussions via portal cookie session for applicant 199797602
2026-09-05 17:43:13,422 [INFO] Retrieved 50 discussions via portal cookie session for applicant 21587333
2026-09-05 17:43:13,893 [INFO] Retrieved 50 discussions via portal cookie session for applicant 21588091
2026-09-05 17:43:14,286 [INFO] Retrieved 23 discussions via portal cookie session for applicant 220250093
2026-09-05 17:43:14,692 [INFO] Retrieved 50 discussions via portal cookie session for applicant 25156187
2026-09-05 17:43:15,166 [INFO] Retrieved 50 discussions via portal cookie session for applicant 25721447
2026-09-05 17:43:15,692 [INFO] Retrieved 50 discussions via portal cookie session for applicant 26042781
2026-09-05 17:43:16,148 [INFO] Retrieved 50 discussions via portal cookie session for applicant 35209713
2026-09-05 17:43:16,612 [INFO] Retrieved 50 discussions via portal cookie session for applicant 54893172
2026-09-05 17:43:17,055 [INFO] Retrieved 50 discussions via portal cookie session for applicant 58768907
2026-09-05 17:43:17,617 [INFO] Retrieved 50 discussions via portal cookie session for applicant 58866127
2026-09-05 17:43:18,090 [INFO] Retrieved 50 discussions via portal cookie session for applicant 76858853
2026-09-05 17:43:18,539 [INFO] Retrieved 50 discussions via portal cookie session for applicant 79002334
2026-09-05 17:43:18,987 [INFO] Retrieved 50 discussions via portal cookie session for applicant 83571357
2026-09-05 17:43:19,410 [INFO] Retrieved 50 discussions via portal cookie session for applicant 84705043
2026-09-05 17:43:19,840 [INFO] Retrieved 50 discussions via portal cookie session for applicant 95254866
2026-09-05 17:43:20,415 [INFO] Retrieved 50 discussions via portal cookie session for applicant 99055770
2026-09-05 17:43:20,884 [INFO] Retrieved 50 discussions via portal cookie session for applicant 99340932
{
  "applicants_scanned": 39,
  "applicant_ids": [
    "102351931",
    "143979332",
    "144897143",
    "145217363",
    "145834411",
    "148235525",
    "150751441",
    "151382204",
    "151445306",
    "157388228",
    "163863318",
    "173838508",
    "186333470",
    "193438339",
    "196126698",
    "196851140",
    "197389903",
    "197891661",
    "197895504",
    "198604342",
    "198908859",
    "199797602",
    "21587333",
    "21588091",
    "220250093",
    "25156187",
    "25721447",
    "26042781",
    "35209713",
    "54893172",
    "58768907",
    "58866127",
    "76858853",
    "79002334",
    "83571357",
    "84705043",
    "95254866",
    "99055770",
    "99340932"
  ],
  "dispatched": [],
  "errors": [],
  "dry_run": false
}
2026-09-05T17:43:21+00:00 finish robie call label watch rc=0
2026-09-05T17:48:01+00:00 start robie call label watch timeout=90s extra=
2026-09-05 17:48:02,647 [INFO] Retrieved 50 discussions via portal cookie session for applicant 102351931
2026-09-05 17:48:03,186 [INFO] Successfully authenticated with Classic EZLynx API (EZToken issued).
2026-09-05 17:48:03,628 [INFO] Retrieved 50 discussions via portal cookie session for applicant 143979332
2026-09-05 17:48:04,084 [INFO] Retrieved 50 discussions via portal cookie session for applicant 144897143
2026-09-05 17:48:04,594 [INFO] Retrieved 50 discussions via portal cookie session for applicant 145217363
2026-09-05 17:48:05,058 [INFO] Retrieved 50 discussions via portal cookie session for applicant 145834411
2026-09-05 17:48:05,487 [INFO] Retrieved 50 discussions via portal cookie session for applicant 148235525
2026-09-05 17:48:05,951 [INFO] Retrieved 50 discussions via portal cookie session for applicant 150751441
2026-09-05 17:48:06,410 [INFO] Retrieved 50 discussions via portal cookie session for applicant 151382204
2026-09-05 17:48:06,926 [INFO] Retrieved 50 discussions via portal cookie session for applicant 151445306
2026-09-05 17:48:07,360 [INFO] Retrieved 50 discussions via portal cookie session for applicant 157388228
2026-09-05 17:48:07,853 [INFO] Retrieved 50 discussions via portal cookie session for applicant 163863318
2026-09-05 17:48:08,254 [INFO] Retrieved 50 discussions via portal cookie session for applicant 173838508
2026-09-05 17:48:08,683 [INFO] Retrieved 50 discussions via portal cookie session for applicant 186333470
2026-09-05 17:48:09,112 [INFO] Retrieved 50 discussions via portal cookie session for applicant 193438339
2026-09-05 17:48:09,584 [INFO] Retrieved 27 discussions via portal cookie session for applicant 196126698
2026-09-05 17:48:10,005 [INFO] Retrieved 50 discussions via portal cookie session for applicant 196851140
2026-09-05 17:48:10,411 [INFO] Retrieved 50 discussions via portal cookie session for applicant 197389903
2026-09-05 17:48:10,857 [INFO] Retrieved 50 discussions via portal cookie session for applicant 197891661
2026-09-05 17:48:11,317 [INFO] Retrieved 50 discussions via portal cookie session for applicant 197895504
2026-09-05 17:48:11,718 [INFO] Retrieved 50 discussions via portal cookie session for applicant 198604342
2026-09-05 17:48:12,237 [INFO] Retrieved 50 discussions via portal cookie session for applicant 198908859
2026-09-05 17:48:12,695 [INFO] Retrieved 50 discussions via portal cookie session for applicant 199797602
2026-09-05 17:48:13,187 [INFO] Retrieved 50 discussions via portal cookie session for applicant 21587333
2026-09-05 17:48:13,662 [INFO] Retrieved 50 discussions via portal cookie session for applicant 21588091
2026-09-05 17:48:14,080 [INFO] Retrieved 23 discussions via portal cookie session for applicant 220250093
2026-09-05 17:48:14,557 [INFO] Retrieved 50 discussions via portal cookie session for applicant 25156187
2026-09-05 17:48:15,084 [INFO] Retrieved 50 discussions via portal cookie session for applicant 25721447
2026-09-05 17:48:15,559 [INFO] Retrieved 50 discussions via portal cookie session for applicant 26042781
2026-09-05 17:48:16,042 [INFO] Retrieved 50 discussions via portal cookie session for applicant 35209713
2026-09-05 17:48:16,482 [INFO] Retrieved 50 discussions via portal cookie session for applicant 54893172
2026-09-05 17:48:16,917 [INFO] Retrieved 50 discussions via portal cookie session for applicant 58768907
2026-09-05 17:48:17,505 [INFO] Retrieved 50 discussions via portal cookie session for applicant 58866127
2026-09-05 17:48:17,978 [INFO] Retrieved 50 discussions via portal cookie session for applicant 76858853
2026-09-05 17:48:18,477 [INFO] Retrieved 50 discussions via portal cookie session for applicant 79002334
2026-09-05 17:48:18,904 [INFO] Retrieved 50 discussions via portal cookie session for applicant 83571357
2026-09-05 17:48:19,303 [INFO] Retrieved 50 discussions via portal cookie session for applicant 84705043
2026-09-05 17:48:19,742 [INFO] Retrieved 50 discussions via portal cookie session for applicant 95254866
2026-09-05 17:48:20,216 [INFO] Retrieved 50 discussions via portal cookie session for applicant 99055770
2026-09-05 17:48:20,603 [INFO] Retrieved 50 discussions via portal cookie session for applicant 99340932
{
  "applicants_scanned": 39,
  "applicant_ids": [
    "102351931",
    "143979332",
    "144897143",
    "145217363",
    "145834411",
    "148235525",
    "150751441",
    "151382204",
    "151445306",
    "157388228",
    "163863318",
    "173838508",
    "186333470",
    "193438339",
    "196126698",
    "196851140",
    "197389903",
    "197891661",
    "197895504",
    "198604342",
    "198908859",
    "199797602",
    "21587333",
    "21588091",
    "220250093",
    "25156187",
    "25721447",
    "26042781",
    "35209713",
    "54893172",
    "58768907",
    "58866127",
    "76858853",
    "79002334",
    "83571357",
    "84705043",
    "95254866",
    "99055770",
    "99340932"
  ],
  "dispatched": [],
  "errors": [],
  "dry_run": false
}
2026-09-05T17:48:21+00:00 finish robie call label watch rc=0
2026-09-05T17:53:01+00:00 start robie call label watch timeout=90s extra=
2026-09-05 17:53:02,215 [INFO] Retrieved 50 discussions via portal cookie session for applicant 102351931
2026-09-05 17:53:02,736 [INFO] Successfully authenticated with Classic EZLynx API (EZToken issued).
2026-09-05 17:53:03,139 [INFO] Retrieved 50 discussions via portal cookie session for applicant 143979332
2026-09-05 17:53:03,596 [INFO] Retrieved 50 discussions via portal cookie session for applicant 144897143
2026-09-05 17:53:04,042 [INFO] Retrieved 50 discussions via portal cookie session for applicant 145217363
2026-09-05 17:53:04,445 [INFO] Retrieved 50 discussions via portal cookie session for applicant 145834411
2026-09-05 17:53:04,890 [INFO] Retrieved 50 discussions via portal cookie session for applicant 148235525
2026-09-05 17:53:05,382 [INFO] Retrieved 50 discussions via portal cookie session for applicant 150751441
2026-09-05 17:53:05,888 [INFO] Retrieved 50 discussions via portal cookie session for applicant 151382204
2026-09-05 17:53:06,377 [INFO] Retrieved 50 discussions via portal cookie session for applicant 151445306
2026-09-05 17:53:06,843 [INFO] Retrieved 50 discussions via portal cookie session for applicant 157388228
2026-09-05 17:53:07,365 [INFO] Retrieved 50 discussions via portal cookie session for applicant 163863318
2026-09-05 17:53:07,832 [INFO] Retrieved 50 discussions via portal cookie session for applicant 173838508
2026-09-05 17:53:08,284 [INFO] Retrieved 50 discussions via portal cookie session for applicant 186333470
2026-09-05 17:53:08,704 [INFO] Retrieved 50 discussions via portal cookie session for applicant 193438339
2026-09-05 17:53:09,124 [INFO] Retrieved 27 discussions via portal cookie session for applicant 196126698
2026-09-05 17:53:09,542 [INFO] Retrieved 50 discussions via portal cookie session for applicant 196851140
2026-09-05 17:53:09,960 [INFO] Retrieved 50 discussions via portal cookie session for applicant 197389903
2026-09-05 17:53:10,383 [INFO] Retrieved 50 discussions via portal cookie session for applicant 197891661
2026-09-05 17:53:10,813 [INFO] Retrieved 50 discussions via portal cookie session for applicant 197895504
2026-09-05 17:53:11,229 [INFO] Retrieved 50 discussions via portal cookie session for applicant 198604342
2026-09-05 17:53:11,680 [INFO] Retrieved 50 discussions via portal cookie session for applicant 198908859
2026-09-05 17:53:12,121 [INFO] Retrieved 50 discussions via portal cookie session for applicant 199797602
2026-09-05 17:53:12,588 [INFO] Retrieved 50 discussions via portal cookie session for applicant 21587333
2026-09-05 17:53:13,012 [INFO] Retrieved 50 discussions via portal cookie session for applicant 21588091
2026-09-05 17:53:13,395 [INFO] Retrieved 23 discussions via portal cookie session for applicant 220250093
2026-09-05 17:53:13,828 [INFO] Retrieved 50 discussions via portal cookie session for applicant 25156187
2026-09-05 17:53:14,314 [INFO] Retrieved 50 discussions via portal cookie session for applicant 25721447
2026-09-05 17:53:14,825 [INFO] Retrieved 50 discussions via portal cookie session for applicant 26042781
2026-09-05 17:53:15,266 [INFO] Retrieved 50 discussions via portal cookie session for applicant 35209713
2026-09-05 17:53:15,665 [INFO] Retrieved 50 discussions via portal cookie session for applicant 54893172
2026-09-05 17:53:16,073 [INFO] Retrieved 50 discussions via portal cookie session for applicant 58768907
2026-09-05 17:53:16,546 [INFO] Retrieved 50 discussions via portal cookie session for applicant 58866127
2026-09-05 17:53:17,003 [INFO] Retrieved 50 discussions via portal cookie session for applicant 76858853
2026-09-05 17:53:17,424 [INFO] Retrieved 50 discussions via portal cookie session for applicant 79002334
2026-09-05 17:53:17,825 [INFO] Retrieved 50 discussions via portal cookie session for applicant 83571357
2026-09-05 17:53:18,238 [INFO] Retrieved 50 discussions via portal cookie session for applicant 84705043
2026-09-05 17:53:18,682 [INFO] Retrieved 50 discussions via portal cookie session for applicant 95254866
2026-09-05 17:53:19,171 [INFO] Retrieved 50 discussions via portal cookie session for applicant 99055770
2026-09-05 17:53:19,559 [INFO] Retrieved 50 discussions via portal cookie session for applicant 99340932
{
  "applicants_scanned": 39,
  "applicant_ids": [
    "102351931",
    "143979332",
    "144897143",
    "145217363",
    "145834411",
    "148235525",
    "150751441",
    "151382204",
    "151445306",
    "157388228",
    "163863318",
    "173838508",
    "186333470",
    "193438339",
    "196126698",
    "196851140",
    "197389903",
    "197891661",
    "197895504",
    "198604342",
    "198908859",
    "199797602",
    "21587333",
    "21588091",
    "220250093",
    "25156187",
    "25721447",
    "26042781",
    "35209713",
    "54893172",
    "58768907",
    "58866127",
    "76858853",
    "79002334",
    "83571357",
    "84705043",
    "95254866",
    "99055770",
    "99340932"
  ],
  "dispatched": [],
  "errors": [],
  "dry_run": false
}
2026-09-05T17:53:20+00:00 finish robie call label watch rc=0
2026-09-05T17:58:01+00:00 start robie call label watch timeout=90s extra=
2026-09-05 17:58:02,350 [INFO] Retrieved 50 discussions via portal cookie session for applicant 102351931
2026-09-05 17:58:02,856 [INFO] Successfully authenticated with Classic EZLynx API (EZToken issued).
2026-09-05 17:58:03,324 [INFO] Retrieved 50 discussions via portal cookie session for applicant 143979332
2026-09-05 17:58:03,734 [INFO] Retrieved 50 discussions via portal cookie session for applicant 144897143
2026-09-05 17:58:04,131 [INFO] Retrieved 50 discussions via portal cookie session for applicant 145217363
2026-09-05 17:58:04,544 [INFO] Retrieved 50 discussions via portal cookie session for applicant 145834411
2026-09-05 17:58:05,010 [INFO] Retrieved 50 discussions via portal cookie session for applicant 148235525
2026-09-05 17:58:05,486 [INFO] Retrieved 50 discussions via portal cookie session for applicant 150751441
2026-09-05 17:58:05,943 [INFO] Retrieved 50 discussions via portal cookie session for applicant 151382204
2026-09-05 17:58:06,376 [INFO] Retrieved 50 discussions via portal cookie session for applicant 151445306
2026-09-05 17:58:06,837 [INFO] Retrieved 50 discussions via portal cookie session for applicant 157388228
2026-09-05 17:58:07,350 [INFO] Retrieved 50 discussions via portal cookie session for applicant 163863318
2026-09-05 17:58:07,765 [INFO] Retrieved 50 discussions via portal cookie session for applicant 173838508
2026-09-05 17:58:08,139 [INFO] Retrieved 50 discussions via portal cookie session for applicant 186333470
2026-09-05 17:58:08,528 [INFO] Retrieved 50 discussions via portal cookie session for applicant 193438339
2026-09-05 17:58:08,924 [INFO] Retrieved 27 discussions via portal cookie session for applicant 196126698
2026-09-05 17:58:09,313 [INFO] Retrieved 50 discussions via portal cookie session for applicant 196851140
2026-09-05 17:58:09,750 [INFO] Retrieved 50 discussions via portal cookie session for applicant 197389903
2026-09-05 17:58:10,242 [INFO] Retrieved 50 discussions via portal cookie session for applicant 197891661
2026-09-05 17:58:10,747 [INFO] Retrieved 50 discussions via portal cookie session for applicant 197895504
2026-09-05 17:58:11,155 [INFO] Retrieved 50 discussions via portal cookie session for applicant 198604342
2026-09-05 17:58:11,774 [INFO] Retrieved 50 discussions via portal cookie session for applicant 198908859
2026-09-05 17:58:12,391 [INFO] Retrieved 50 discussions via portal cookie session for applicant 199797602
2026-09-05 17:58:13,011 [INFO] Retrieved 50 discussions via portal cookie session for applicant 21587333
2026-09-05 17:58:13,840 [INFO] Retrieved 50 discussions via portal cookie session for applicant 21588091
2026-09-05 17:58:14,361 [INFO] Retrieved 23 discussions via portal cookie session for applicant 220250093
2026-09-05 17:58:14,858 [INFO] Retrieved 50 discussions via portal cookie session for applicant 25156187
2026-09-05 17:58:15,617 [INFO] Retrieved 50 discussions via portal cookie session for applicant 25721447
2026-09-05 17:58:16,184 [INFO] Retrieved 50 discussions via portal cookie session for applicant 26042781
2026-09-05 17:58:16,761 [INFO] Retrieved 50 discussions via portal cookie session for applicant 35209713
2026-09-05 17:58:17,377 [INFO] Retrieved 50 discussions via portal cookie session for applicant 54893172
2026-09-05 17:58:17,948 [INFO] Retrieved 50 discussions via portal cookie session for applicant 58768907
2026-09-05 17:58:18,551 [INFO] Retrieved 50 discussions via portal cookie session for applicant 58866127
2026-09-05 17:58:19,129 [INFO] Retrieved 50 discussions via portal cookie session for applicant 76858853
2026-09-05 17:58:19,535 [INFO] Retrieved 50 discussions via portal cookie session for applicant 79002334
2026-09-05 17:58:20,009 [INFO] Retrieved 50 discussions via portal cookie session for applicant 83571357
2026-09-05 17:58:20,621 [INFO] Retrieved 50 discussions via portal cookie session for applicant 84705043
2026-09-05 17:58:21,066 [INFO] Retrieved 50 discussions via portal cookie session for applicant 95254866
2026-09-05 17:58:21,653 [INFO] Retrieved 50 discussions via portal cookie session for applicant 99055770
2026-09-05 17:58:22,113 [INFO] Retrieved 50 discussions via portal cookie session for applicant 99340932
{
  "applicants_scanned": 39,
  "applicant_ids": [
    "102351931",
    "143979332",
    "144897143",
    "145217363",
    "145834411",
    "148235525",
    "150751441",
    "151382204",
    "151445306",
    "157388228",
    "163863318",
    "173838508",
    "186333470",
    "193438339",
    "196126698",
    "196851140",
    "197389903",
    "197891661",
    "197895504",
    "198604342",
    "198908859",
    "199797602",
    "21587333",
    "21588091",
    "220250093",
    "25156187",
    "25721447",
    "26042781",
    "35209713",
    "54893172",
    "58768907",
    "58866127",
    "76858853",
    "79002334",
    "83571357",
    "84705043",
    "95254866",
    "99055770",
    "99340932"
  ],
  "dispatched": [],
  "errors": [],
  "dry_run": false
}
2026-09-05T17:58:22+00:00 finish robie call label watch rc=0
2026-09-05T18:03:01+00:00 start robie call label watch timeout=90s extra=
2026-09-05 18:03:02,858 [INFO] Retrieved 50 discussions via portal cookie session for applicant 102351931
2026-09-05 18:03:03,368 [INFO] Successfully authenticated with Classic EZLynx API (EZToken issued).
2026-09-05 18:03:03,794 [INFO] Retrieved 50 discussions via portal cookie session for applicant 143979332
2026-09-05 18:03:04,238 [INFO] Retrieved 50 discussions via portal cookie session for applicant 144897143
2026-09-05 18:03:04,667 [INFO] Retrieved 50 discussions via portal cookie session for applicant 145217363
2026-09-05 18:03:05,044 [INFO] Retrieved 50 discussions via portal cookie session for applicant 145834411
2026-09-05 18:03:05,417 [INFO] Retrieved 50 discussions via portal cookie session for applicant 148235525
2026-09-05 18:03:05,832 [INFO] Retrieved 50 discussions via portal cookie session for applicant 150751441
2026-09-05 18:03:06,290 [INFO] Retrieved 50 discussions via portal cookie session for applicant 151382204
2026-09-05 18:03:06,757 [INFO] Retrieved 50 discussions via portal cookie session for applicant 151445306
2026-09-05 18:03:07,166 [INFO] Retrieved 50 discussions via portal cookie session for applicant 157388228
2026-09-05 18:03:07,703 [INFO] Retrieved 50 discussions via portal cookie session for applicant 163863318
2026-09-05 18:03:08,079 [INFO] Retrieved 50 discussions via portal cookie session for applicant 173838508
2026-09-05 18:03:08,469 [INFO] Retrieved 50 discussions via portal cookie session for applicant 186333470
2026-09-05 18:03:08,872 [INFO] Retrieved 50 discussions via portal cookie session for applicant 193438339
2026-09-05 18:03:09,272 [INFO] Retrieved 27 discussions via portal cookie session for applicant 196126698
2026-09-05 18:03:09,677 [INFO] Retrieved 50 discussions via portal cookie session for applicant 196851140
2026-09-05 18:03:10,052 [INFO] Retrieved 50 discussions via portal cookie session for applicant 197389903
2026-09-05 18:03:10,461 [INFO] Retrieved 50 discussions via portal cookie session for applicant 197891661
2026-09-05 18:03:10,885 [INFO] Retrieved 50 discussions via portal cookie session for applicant 197895504
2026-09-05 18:03:11,354 [INFO] Retrieved 50 discussions via portal cookie session for applicant 198604342
2026-09-05 18:03:11,781 [INFO] Retrieved 50 discussions via portal cookie session for applicant 198908859
2026-09-05 18:03:12,191 [INFO] Retrieved 50 discussions via portal cookie session for applicant 199797602
2026-09-05 18:03:12,603 [INFO] Retrieved 50 discussions via portal cookie session for applicant 21587333
2026-09-05 18:03:13,064 [INFO] Retrieved 50 discussions via portal cookie session for applicant 21588091
2026-09-05 18:03:13,440 [INFO] Retrieved 23 discussions via portal cookie session for applicant 220250093
2026-09-05 18:03:13,846 [INFO] Retrieved 50 discussions via portal cookie session for applicant 25156187
2026-09-05 18:03:14,284 [INFO] Retrieved 50 discussions via portal cookie session for applicant 25721447
2026-09-05 18:03:14,731 [INFO] Retrieved 50 discussions via portal cookie session for applicant 26042781
2026-09-05 18:03:15,215 [INFO] Retrieved 50 discussions via portal cookie session for applicant 35209713
2026-09-05 18:03:15,608 [INFO] Retrieved 50 discussions via portal cookie session for applicant 54893172
2026-09-05 18:03:16,012 [INFO] Retrieved 50 discussions via portal cookie session for applicant 58768907
2026-09-05 18:03:16,507 [INFO] Retrieved 50 discussions via portal cookie session for applicant 58866127
2026-09-05 18:03:16,893 [INFO] Retrieved 50 discussions via portal cookie session for applicant 76858853
2026-09-05 18:03:17,350 [INFO] Retrieved 50 discussions via portal cookie session for applicant 79002334
2026-09-05 18:03:17,725 [INFO] Retrieved 50 discussions via portal cookie session for applicant 83571357
2026-09-05 18:03:18,132 [INFO] Retrieved 50 discussions via portal cookie session for applicant 84705043
2026-09-05 18:03:18,550 [INFO] Retrieved 50 discussions via portal cookie session for applicant 95254866
2026-09-05 18:03:19,040 [INFO] Retrieved 50 discussions via portal cookie session for applicant 99055770
2026-09-05 18:03:19,468 [INFO] Retrieved 50 discussions via portal cookie session for applicant 99340932
{
  "applicants_scanned": 39,
  "applicant_ids": [
    "102351931",
    "143979332",
    "144897143",
    "145217363",
    "145834411",
    "148235525",
    "150751441",
    "151382204",
    "151445306",
    "157388228",
    "163863318",
    "173838508",
    "186333470",
    "193438339",
    "196126698",
    "196851140",
    "197389903",
    "197891661",
    "197895504",
    "198604342",
    "198908859",
    "199797602",
    "21587333",
    "21588091",
    "220250093",
    "25156187",
    "25721447",
    "26042781",
    "35209713",
    "54893172",
    "58768907",
    "58866127",
    "76858853",
    "79002334",
    "83571357",
    "84705043",
    "95254866",
    "99055770",
    "99340932"
  ],
  "dispatched": [],
  "errors": [],
  "dry_run": false
}
2026-09-05T18:03:19+00:00 finish robie call label watch rc=0
2026-09-05T18:08:01+00:00 start robie call label watch timeout=90s extra=
2026-09-05 18:08:03,179 [INFO] Retrieved 50 discussions via portal cookie session for applicant 102351931
2026-09-05 18:08:03,731 [INFO] Successfully authenticated with Classic EZLynx API (EZToken issued).
2026-09-05 18:08:04,145 [INFO] Retrieved 50 discussions via portal cookie session for applicant 143979332
2026-09-05 18:08:04,545 [INFO] Retrieved 50 discussions via portal cookie session for applicant 144897143
2026-09-05 18:08:04,990 [INFO] Retrieved 50 discussions via portal cookie session for applicant 145217363
2026-09-05 18:08:05,454 [INFO] Retrieved 50 discussions via portal cookie session for applicant 145834411
2026-09-05 18:08:05,871 [INFO] Retrieved 50 discussions via portal cookie session for applicant 148235525
2026-09-05 18:08:06,303 [INFO] Retrieved 50 discussions via portal cookie session for applicant 150751441
2026-09-05 18:08:06,762 [INFO] Retrieved 50 discussions via portal cookie session for applicant 151382204
2026-09-05 18:08:07,193 [INFO] Retrieved 50 discussions via portal cookie session for applicant 151445306
2026-09-05 18:08:07,667 [INFO] Retrieved 50 discussions via portal cookie session for applicant 157388228
2026-09-05 18:08:08,183 [INFO] Retrieved 50 discussions via portal cookie session for applicant 163863318
2026-09-05 18:08:08,633 [INFO] Retrieved 50 discussions via portal cookie session for applicant 173838508
2026-09-05 18:08:09,015 [INFO] Retrieved 50 discussions via portal cookie session for applicant 186333470
2026-09-05 18:08:09,488 [INFO] Retrieved 50 discussions via portal cookie session for applicant 193438339
2026-09-05 18:08:09,916 [INFO] Retrieved 27 discussions via portal cookie session for applicant 196126698
2026-09-05 18:08:10,301 [INFO] Retrieved 50 discussions via portal cookie session for applicant 196851140
2026-09-05 18:08:10,744 [INFO] Retrieved 50 discussions via portal cookie session for applicant 197389903
2026-09-05 18:08:11,150 [INFO] Retrieved 50 discussions via portal cookie session for applicant 197891661
2026-09-05 18:08:11,580 [INFO] Retrieved 50 discussions via portal cookie session for applicant 197895504
2026-09-05 18:08:11,976 [INFO] Retrieved 50 discussions via portal cookie session for applicant 198604342
2026-09-05 18:08:12,455 [INFO] Retrieved 50 discussions via portal cookie session for applicant 198908859
2026-09-05 18:08:12,927 [INFO] Retrieved 50 discussions via portal cookie session for applicant 199797602
2026-09-05 18:08:13,403 [INFO] Retrieved 50 discussions via portal cookie session for applicant 21587333
2026-09-05 18:08:13,888 [INFO] Retrieved 50 discussions via portal cookie session for applicant 21588091
2026-09-05 18:08:14,315 [INFO] Retrieved 23 discussions via portal cookie session for applicant 220250093
2026-09-05 18:08:14,719 [INFO] Retrieved 50 discussions via portal cookie session for applicant 25156187
2026-09-05 18:08:15,170 [INFO] Retrieved 50 discussions via portal cookie session for applicant 25721447
2026-09-05 18:08:15,664 [INFO] Retrieved 50 discussions via portal cookie session for applicant 26042781
2026-09-05 18:08:16,143 [INFO] Retrieved 50 discussions via portal cookie session for applicant 35209713
2026-09-05 18:08:16,628 [INFO] Retrieved 50 discussions via portal cookie session for applicant 54893172
2026-09-05 18:08:17,055 [INFO] Retrieved 50 discussions via portal cookie session for applicant 58768907
2026-09-05 18:08:17,547 [INFO] Retrieved 50 discussions via portal cookie session for applicant 58866127
2026-09-05 18:08:17,954 [INFO] Retrieved 50 discussions via portal cookie session for applicant 76858853
2026-09-05 18:08:18,410 [INFO] Retrieved 50 discussions via portal cookie session for applicant 79002334
2026-09-05 18:08:18,829 [INFO] Retrieved 50 discussions via portal cookie session for applicant 83571357
2026-09-05 18:08:19,223 [INFO] Retrieved 50 discussions via portal cookie session for applicant 84705043
2026-09-05 18:08:19,680 [INFO] Retrieved 50 discussions via portal cookie session for applicant 95254866
2026-09-05 18:08:20,140 [INFO] Retrieved 50 discussions via portal cookie session for applicant 99055770
2026-09-05 18:08:20,565 [INFO] Retrieved 50 discussions via portal cookie session for applicant 99340932
{
  "applicants_scanned": 39,
  "applicant_ids": [
    "102351931",
    "143979332",
    "144897143",
    "145217363",
    "145834411",
    "148235525",
    "150751441",
    "151382204",
    "151445306",
    "157388228",
    "163863318",
    "173838508",
    "186333470",
    "193438339",
    "196126698",
    "196851140",
    "197389903",
    "197891661",
    "197895504",
    "198604342",
    "198908859",
    "199797602",
    "21587333",
    "21588091",
    "220250093",
    "25156187",
    "25721447",
    "26042781",
    "35209713",
    "54893172",
    "58768907",
    "58866127",
    "76858853",
    "79002334",
    "83571357",
    "84705043",
    "95254866",
    "99055770",
    "99340932"
  ],
  "dispatched": [],
  "errors": [],
  "dry_run": false
}
2026-09-05T18:08:20+00:00 finish robie call label watch rc=0
2026-09-05T18:13:02+00:00 start robie call label watch timeout=90s extra=
2026-09-05 18:13:03,685 [INFO] Retrieved 50 discussions via portal session for applicant 102351931
2026-09-05 18:13:04,231 [INFO] Successfully authenticated with Classic EZLynx API (EZToken issued).
2026-09-05 18:13:04,568 [INFO] Retrieved 1 Sales Center opportunities via portal for applicant 102351931
2026-09-05 18:13:04,807 [INFO] Retrieved 50 discussions via portal session for applicant 143979332
2026-09-05 18:13:05,552 [INFO] Retrieved 50 discussions via portal session for applicant 144897143
2026-09-05 18:13:05,910 [INFO] Retrieved 1 Sales Center opportunities via portal for applicant 144897143
2026-09-05 18:13:06,167 [INFO] Retrieved 50 discussions via portal session for applicant 145217363
2026-09-05 18:13:06,493 [INFO] Retrieved 1 Sales Center opportunities via portal for applicant 145217363
2026-09-05 18:13:06,766 [INFO] Retrieved 50 discussions via portal session for applicant 145834411
2026-09-05 18:13:07,135 [INFO] Retrieved 1 Sales Center opportunities via portal for applicant 145834411
2026-09-05 18:13:07,355 [INFO] Retrieved 50 discussions via portal session for applicant 148235525
2026-09-05 18:13:07,697 [INFO] Retrieved 2 Sales Center opportunities via portal for applicant 148235525
2026-09-05 18:13:07,969 [INFO] Retrieved 50 discussions via portal session for applicant 150751441
2026-09-05 18:13:08,319 [INFO] Retrieved 1 Sales Center opportunities via portal for applicant 150751441
2026-09-05 18:13:08,637 [INFO] Retrieved 50 discussions via portal session for applicant 151382204
2026-09-05 18:13:08,989 [INFO] Retrieved 1 Sales Center opportunities via portal for applicant 151382204
2026-09-05 18:13:09,290 [INFO] Retrieved 50 discussions via portal session for applicant 151445306
2026-09-05 18:13:09,619 [INFO] Retrieved 2 Sales Center opportunities via portal for applicant 151445306
2026-09-05 18:13:09,845 [INFO] Retrieved 50 discussions via portal session for applicant 157388228
2026-09-05 18:13:10,198 [INFO] Retrieved 1 Sales Center opportunities via portal for applicant 157388228
2026-09-05 18:13:10,494 [INFO] Retrieved 50 discussions via portal session for applicant 163863318
2026-09-05 18:13:10,816 [INFO] Retrieved 1 Sales Center opportunities via portal for applicant 163863318
2026-09-05 18:13:11,036 [INFO] Retrieved 50 discussions via portal session for applicant 173838508
2026-09-05 18:13:11,424 [INFO] Retrieved 1 Sales Center opportunities via portal for applicant 173838508
2026-09-05 18:13:11,649 [INFO] Retrieved 50 discussions via portal session for applicant 186333470
2026-09-05 18:13:12,015 [INFO] Retrieved 2 Sales Center opportunities via portal for applicant 186333470
2026-09-05 18:13:12,298 [INFO] Retrieved 50 discussions via portal session for applicant 193438339
2026-09-05 18:13:12,621 [INFO] Retrieved 1 Sales Center opportunities via portal for applicant 193438339
2026-09-05 18:13:12,847 [INFO] Retrieved 27 discussions via portal session for applicant 196126698
2026-09-05 18:13:13,201 [INFO] Retrieved 1 Sales Center opportunities via portal for applicant 196126698
2026-09-05 18:13:13,415 [INFO] Retrieved 50 discussions via portal session for applicant 196851140
2026-09-05 18:13:13,762 [INFO] Retrieved 1 Sales Center opportunities via portal for applicant 196851140
2026-09-05 18:13:13,993 [INFO] Retrieved 50 discussions via portal session for applicant 197389903
2026-09-05 18:13:14,325 [INFO] Retrieved 1 Sales Center opportunities via portal for applicant 197389903
2026-09-05 18:13:14,550 [INFO] Retrieved 50 discussions via portal session for applicant 197891661
2026-09-05 18:13:14,859 [INFO] Retrieved 1 Sales Center opportunities via portal for applicant 197891661
2026-09-05 18:13:15,157 [INFO] Retrieved 50 discussions via portal session for applicant 197895504
2026-09-05 18:13:15,505 [INFO] Retrieved 1 Sales Center opportunities via portal for applicant 197895504
2026-09-05 18:13:15,792 [INFO] Retrieved 50 discussions via portal session for applicant 198604342
2026-09-05 18:13:16,137 [INFO] Retrieved 2 Sales Center opportunities via portal for applicant 198604342
2026-09-05 18:13:16,387 [INFO] Retrieved 50 discussions via portal session for applicant 198908859
2026-09-05 18:13:16,722 [INFO] Retrieved 1 Sales Center opportunities via portal for applicant 198908859
2026-09-05 18:13:16,984 [INFO] Retrieved 50 discussions via portal session for applicant 199797602
2026-09-05 18:13:17,368 [INFO] Retrieved 1 Sales Center opportunities via portal for applicant 199797602
2026-09-05 18:13:17,701 [INFO] Retrieved 50 discussions via portal session for applicant 21587333
2026-09-05 18:13:18,026 [INFO] Retrieved 2 Sales Center opportunities via portal for applicant 21587333
2026-09-05 18:13:18,276 [INFO] Retrieved 50 discussions via portal session for applicant 21588091
2026-09-05 18:13:19,475 [INFO] Retrieved 1 Sales Center opportunities via portal for applicant 21588091
2026-09-05 18:13:19,746 [INFO] Retrieved 23 discussions via portal session for applicant 220250093
2026-09-05 18:13:20,110 [INFO] Retrieved 1 Sales Center opportunities via portal for applicant 220250093
2026-09-05 18:13:20,342 [INFO] Retrieved 50 discussions via portal session for applicant 25156187
2026-09-05 18:13:20,735 [INFO] Retrieved 1 Sales Center opportunities via portal for applicant 25156187
2026-09-05 18:13:21,094 [INFO] Retrieved 50 discussions via portal session for applicant 25721447
2026-09-05 18:13:21,433 [INFO] Retrieved 4 Sales Center opportunities via portal for applicant 25721447
2026-09-05 18:13:21,717 [INFO] Retrieved 50 discussions via portal session for applicant 26042781
2026-09-05 18:13:22,091 [INFO] Retrieved 2 Sales Center opportunities via portal for applicant 26042781
2026-09-05 18:13:22,431 [INFO] Retrieved 50 discussions via portal session for applicant 35209713
2026-09-05 18:13:22,786 [INFO] Retrieved 1 Sales Center opportunities via portal for applicant 35209713
2026-09-05 18:13:23,058 [INFO] Retrieved 50 discussions via portal session for applicant 54893172
2026-09-05 18:13:23,432 [INFO] Retrieved 7 Sales Center opportunities via portal for applicant 54893172
2026-09-05 18:13:23,704 [INFO] Retrieved 50 discussions via portal session for applicant 58768907
2026-09-05 18:13:24,104 [INFO] Retrieved 1 Sales Center opportunities via portal for applicant 58768907
2026-09-05 18:13:24,607 [INFO] Retrieved 50 discussions via portal session for applicant 58866127
2026-09-05 18:13:25,149 [INFO] Retrieved 1 Sales Center opportunities via portal for applicant 58866127
2026-09-05 18:13:25,459 [INFO] Retrieved 50 discussions via portal session for applicant 76858853
2026-09-05 18:13:25,816 [INFO] Retrieved 2 Sales Center opportunities via portal for applicant 76858853
2026-09-05 18:13:26,041 [INFO] Retrieved 50 discussions via portal session for applicant 79002334
2026-09-05 18:13:26,407 [INFO] Retrieved 1 Sales Center opportunities via portal for applicant 79002334
2026-09-05 18:13:26,706 [INFO] Retrieved 50 discussions via portal session for applicant 83571357
2026-09-05 18:13:27,523 [INFO] Retrieved 50 discussions via portal session for applicant 84705043
2026-09-05 18:13:27,851 [INFO] Retrieved 1 Sales Center opportunities via portal for applicant 84705043
2026-09-05 18:13:28,103 [INFO] Retrieved 50 discussions via portal session for applicant 95254866
2026-09-05 18:13:33,069 [INFO] Retrieved 50 discussions via portal session for applicant 99055770
2026-09-05 18:13:33,399 [INFO] Retrieved 1 Sales Center opportunities via portal for applicant 99055770
2026-09-05 18:13:33,606 [INFO] Retrieved 50 discussions via portal session for applicant 99340932
2026-09-05 18:13:38,013 [INFO] Retrieved 1 Sales Center opportunities via portal for applicant 99340932
{
  "applicants_scanned": 39,
  "applicant_ids": [
    "102351931",
    "143979332",
    "144897143",
    "145217363",
    "145834411",
    "148235525",
    "150751441",
    "151382204",
    "151445306",
    "157388228",
    "163863318",
    "173838508",
    "186333470",
    "193438339",
    "196126698",
    "196851140",
    "197389903",
    "197891661",
    "197895504",
    "198604342",
    "198908859",
    "199797602",
    "21587333",
    "21588091",
    "220250093",
    "25156187",
    "25721447",
    "26042781",
    "35209713",
    "54893172",
    "58768907",
    "58866127",
    "76858853",
    "79002334",
    "83571357",
    "84705043",
    "95254866",
    "99055770",
    "99340932"
  ],
  "dispatched": [],
  "errors": [],
  "dry_run": false
}
2026-09-05T18:13:38+00:00 finish robie call label watch rc=0
2026-09-05T18:18:01+00:00 start robie call label watch timeout=90s extra=
2026-09-05 18:18:02,524 [INFO] Retrieved 50 discussions via portal session for applicant 102351931
2026-09-05 18:18:03,065 [INFO] Successfully authenticated with Classic EZLynx API (EZToken issued).
2026-09-05 18:18:03,436 [INFO] Retrieved 1 Sales Center opportunities via portal for applicant 102351931
2026-09-05 18:18:03,672 [INFO] Retrieved 50 discussions via portal session for applicant 143979332
2026-09-05 18:18:04,438 [INFO] Retrieved 50 discussions via portal session for applicant 144897143
2026-09-05 18:18:04,788 [INFO] Retrieved 1 Sales Center opportunities via portal for applicant 144897143
2026-09-05 18:18:05,067 [INFO] Retrieved 50 discussions via portal session for applicant 145217363
2026-09-05 18:18:05,422 [INFO] Retrieved 1 Sales Center opportunities via portal for applicant 145217363
2026-09-05 18:18:05,683 [INFO] Retrieved 50 discussions via portal session for applicant 145834411
2026-09-05 18:18:06,044 [INFO] Retrieved 1 Sales Center opportunities via portal for applicant 145834411
2026-09-05 18:18:06,299 [INFO] Retrieved 50 discussions via portal session for applicant 148235525
2026-09-05 18:18:06,633 [INFO] Retrieved 2 Sales Center opportunities via portal for applicant 148235525
2026-09-05 18:18:06,911 [INFO] Retrieved 50 discussions via portal session for applicant 150751441
2026-09-05 18:18:07,243 [INFO] Retrieved 1 Sales Center opportunities via portal for applicant 150751441
2026-09-05 18:18:07,557 [INFO] Retrieved 50 discussions via portal session for applicant 151382204
2026-09-05 18:18:07,889 [INFO] Retrieved 1 Sales Center opportunities via portal for applicant 151382204
2026-09-05 18:18:08,228 [INFO] Retrieved 50 discussions via portal session for applicant 151445306
2026-09-05 18:18:08,577 [INFO] Retrieved 2 Sales Center opportunities via portal for applicant 151445306
2026-09-05 18:18:08,841 [INFO] Retrieved 50 discussions via portal session for applicant 157388228
2026-09-05 18:18:09,170 [INFO] Retrieved 1 Sales Center opportunities via portal for applicant 157388228
2026-09-05 18:18:09,459 [INFO] Retrieved 50 discussions via portal session for applicant 163863318
2026-09-05 18:18:09,783 [INFO] Retrieved 1 Sales Center opportunities via portal for applicant 163863318
2026-09-05 18:18:09,997 [INFO] Retrieved 50 discussions via portal session for applicant 173838508
2026-09-05 18:18:10,367 [INFO] Retrieved 1 Sales Center opportunities via portal for applicant 173838508
2026-09-05 18:18:10,597 [INFO] Retrieved 50 discussions via portal session for applicant 186333470
2026-09-05 18:18:10,924 [INFO] Retrieved 2 Sales Center opportunities via portal for applicant 186333470
2026-09-05 18:18:11,153 [INFO] Retrieved 50 discussions via portal session for applicant 193438339
2026-09-05 18:18:11,495 [INFO] Retrieved 1 Sales Center opportunities via portal for applicant 193438339
2026-09-05 18:18:11,763 [INFO] Retrieved 27 discussions via portal session for applicant 196126698
2026-09-05 18:18:12,108 [INFO] Retrieved 1 Sales Center opportunities via portal for applicant 196126698
2026-09-05 18:18:12,346 [INFO] Retrieved 50 discussions via portal session for applicant 196851140
2026-09-05 18:18:12,679 [INFO] Retrieved 1 Sales Center opportunities via portal for applicant 196851140
2026-09-05 18:18:12,898 [INFO] Retrieved 50 discussions via portal session for applicant 197389903
2026-09-05 18:18:13,225 [INFO] Retrieved 1 Sales Center opportunities via portal for applicant 197389903
2026-09-05 18:18:13,501 [INFO] Retrieved 50 discussions via portal session for applicant 197891661
2026-09-05 18:18:13,854 [INFO] Retrieved 1 Sales Center opportunities via portal for applicant 197891661
2026-09-05 18:18:14,097 [INFO] Retrieved 50 discussions via portal session for applicant 197895504
2026-09-05 18:18:14,437 [INFO] Retrieved 1 Sales Center opportunities via portal for applicant 197895504
2026-09-05 18:18:14,657 [INFO] Retrieved 50 discussions via portal session for applicant 198604342
2026-09-05 18:18:15,036 [INFO] Retrieved 2 Sales Center opportunities via portal for applicant 198604342
2026-09-05 18:18:15,357 [INFO] Retrieved 50 discussions via portal session for applicant 198908859
2026-09-05 18:18:15,762 [INFO] Retrieved 1 Sales Center opportunities via portal for applicant 198908859
2026-09-05 18:18:16,054 [INFO] Retrieved 50 discussions via portal session for applicant 199797602
2026-09-05 18:18:16,396 [INFO] Retrieved 1 Sales Center opportunities via portal for applicant 199797602
2026-09-05 18:18:16,657 [INFO] Retrieved 50 discussions via portal session for applicant 21587333
2026-09-05 18:18:16,986 [INFO] Retrieved 2 Sales Center opportunities via portal for applicant 21587333
2026-09-05 18:18:17,255 [INFO] Retrieved 50 discussions via portal session for applicant 21588091
2026-09-05 18:18:17,589 [INFO] Retrieved 1 Sales Center opportunities via portal for applicant 21588091
2026-09-05 18:18:17,825 [INFO] Retrieved 23 discussions via portal session for applicant 220250093
2026-09-05 18:18:18,165 [INFO] Retrieved 1 Sales Center opportunities via portal for applicant 220250093
2026-09-05 18:18:18,409 [INFO] Retrieved 50 discussions via portal session for applicant 25156187
2026-09-05 18:18:18,775 [INFO] Retrieved 1 Sales Center opportunities via portal for applicant 25156187
2026-09-05 18:18:19,094 [INFO] Retrieved 50 discussions via portal session for applicant 25721447
2026-09-05 18:18:19,429 [INFO] Retrieved 4 Sales Center opportunities via portal for applicant 25721447
2026-09-05 18:18:19,743 [INFO] Retrieved 50 discussions via portal session for applicant 26042781
2026-09-05 18:18:20,109 [INFO] Retrieved 2 Sales Center opportunities via portal for applicant 26042781
2026-09-05 18:18:20,393 [INFO] Retrieved 50 discussions via portal session for applicant 35209713
2026-09-05 18:18:20,729 [INFO] Retrieved 1 Sales Center opportunities via portal for applicant 35209713
2026-09-05 18:18:20,964 [INFO] Retrieved 50 discussions via portal session for applicant 54893172
2026-09-05 18:18:21,321 [INFO] Retrieved 7 Sales Center opportunities via portal for applicant 54893172
2026-09-05 18:18:21,545 [INFO] Retrieved 50 discussions via portal session for applicant 58768907
2026-09-05 18:18:21,894 [INFO] Retrieved 1 Sales Center opportunities via portal for applicant 58768907
2026-09-05 18:18:22,179 [INFO] Retrieved 50 discussions via portal session for applicant 58866127
2026-09-05 18:18:22,531 [INFO] Retrieved 1 Sales Center opportunities via portal for applicant 58866127
2026-09-05 18:18:22,759 [INFO] Retrieved 50 discussions via portal session for applicant 76858853
2026-09-05 18:18:23,084 [INFO] Retrieved 2 Sales Center opportunities via portal for applicant 76858853
2026-09-05 18:18:23,357 [INFO] Retrieved 50 discussions via portal session for applicant 79002334
2026-09-05 18:18:23,687 [INFO] Retrieved 1 Sales Center opportunities via portal for applicant 79002334
2026-09-05 18:18:23,925 [INFO] Retrieved 50 discussions via portal session for applicant 83571357
2026-09-05 18:18:24,654 [INFO] Retrieved 50 discussions via portal session for applicant 84705043
2026-09-05 18:18:24,999 [INFO] Retrieved 1 Sales Center opportunities via portal for applicant 84705043
2026-09-05 18:18:25,261 [INFO] Retrieved 50 discussions via portal session for applicant 95254866
2026-09-05 18:18:26,072 [INFO] Retrieved 50 discussions via portal session for applicant 99055770
2026-09-05 18:18:26,432 [INFO] Retrieved 1 Sales Center opportunities via portal for applicant 99055770
2026-09-05 18:18:26,700 [INFO] Retrieved 50 discussions via portal session for applicant 99340932
2026-09-05 18:18:27,075 [INFO] Retrieved 1 Sales Center opportunities via portal for applicant 99340932
{
  "applicants_scanned": 39,
  "applicant_ids": [
    "102351931",
    "143979332",
    "144897143",
    "145217363",
    "145834411",
    "148235525",
    "150751441",
    "151382204",
    "151445306",
    "157388228",
    "163863318",
    "173838508",
    "186333470",
    "193438339",
    "196126698",
    "196851140",
    "197389903",
    "197891661",
    "197895504",
    "198604342",
    "198908859",
    "199797602",
    "21587333",
    "21588091",
    "220250093",
    "25156187",
    "25721447",
    "26042781",
    "35209713",
    "54893172",
    "58768907",
    "58866127",
    "76858853",
    "79002334",
    "83571357",
    "84705043",
    "95254866",
    "99055770",
    "99340932"
  ],
  "dispatched": [],
  "errors": [],
  "dry_run": false
}
2026-09-05T18:18:27+00:00 finish robie call label watch rc=0
2026-09-05T18:23:01+00:00 start robie call label watch timeout=90s extra=
2026-09-05 18:23:02,766 [INFO] Retrieved 50 discussions via portal session for applicant 102351931
2026-09-05 18:23:03,310 [INFO] Successfully authenticated with Classic EZLynx API (EZToken issued).
2026-09-05 18:23:03,627 [INFO] Retrieved 1 Sales Center opportunities via portal for applicant 102351931
2026-09-05 18:23:03,875 [INFO] Retrieved 50 discussions via portal session for applicant 143979332
2026-09-05 18:23:04,600 [INFO] Retrieved 50 discussions via portal session for applicant 144897143
2026-09-05 18:23:04,927 [INFO] Retrieved 1 Sales Center opportunities via portal for applicant 144897143
2026-09-05 18:23:05,152 [INFO] Retrieved 50 discussions via portal session for applicant 145217363
2026-09-05 18:23:05,503 [INFO] Retrieved 1 Sales Center opportunities via portal for applicant 145217363
2026-09-05 18:23:05,741 [INFO] Retrieved 50 discussions via portal session for applicant 145834411
2026-09-05 18:23:06,070 [INFO] Retrieved 1 Sales Center opportunities via portal for applicant 145834411
2026-09-05 18:23:06,307 [INFO] Retrieved 50 discussions via portal session for applicant 148235525
2026-09-05 18:23:06,629 [INFO] Retrieved 2 Sales Center opportunities via portal for applicant 148235525
2026-09-05 18:23:06,906 [INFO] Retrieved 50 discussions via portal session for applicant 150751441
2026-09-05 18:23:07,256 [INFO] Retrieved 1 Sales Center opportunities via portal for applicant 150751441
2026-09-05 18:23:07,548 [INFO] Retrieved 50 discussions via portal session for applicant 151382204
2026-09-05 18:23:07,873 [INFO] Retrieved 1 Sales Center opportunities via portal for applicant 151382204
2026-09-05 18:23:08,152 [INFO] Retrieved 50 discussions via portal session for applicant 151445306
2026-09-05 18:23:08,475 [INFO] Retrieved 2 Sales Center opportunities via portal for applicant 151445306
2026-09-05 18:23:08,729 [INFO] Retrieved 50 discussions via portal session for applicant 157388228
2026-09-05 18:23:09,062 [INFO] Retrieved 1 Sales Center opportunities via portal for applicant 157388228
2026-09-05 18:23:09,366 [INFO] Retrieved 50 discussions via portal session for applicant 163863318
2026-09-05 18:23:09,691 [INFO] Retrieved 1 Sales Center opportunities via portal for applicant 163863318
2026-09-05 18:23:09,927 [INFO] Retrieved 50 discussions via portal session for applicant 173838508
2026-09-05 18:23:10,260 [INFO] Retrieved 1 Sales Center opportunities via portal for applicant 173838508
2026-09-05 18:23:10,501 [INFO] Retrieved 50 discussions via portal session for applicant 186333470
2026-09-05 18:23:10,866 [INFO] Retrieved 2 Sales Center opportunities via portal for applicant 186333470
2026-09-05 18:23:11,112 [INFO] Retrieved 50 discussions via portal session for applicant 193438339
2026-09-05 18:23:11,429 [INFO] Retrieved 1 Sales Center opportunities via portal for applicant 193438339
2026-09-05 18:23:11,692 [INFO] Retrieved 27 discussions via portal session for applicant 196126698
2026-09-05 18:23:12,015 [INFO] Retrieved 1 Sales Center opportunities via portal for applicant 196126698
2026-09-05 18:23:12,228 [INFO] Retrieved 50 discussions via portal session for applicant 196851140
2026-09-05 18:23:12,570 [INFO] Retrieved 1 Sales Center opportunities via portal for applicant 196851140
2026-09-05 18:23:12,801 [INFO] Retrieved 50 discussions via portal session for applicant 197389903
2026-09-05 18:23:13,102 [INFO] Retrieved 1 Sales Center opportunities via portal for applicant 197389903
2026-09-05 18:23:13,612 [INFO] Retrieved 50 discussions via portal session for applicant 197891661
2026-09-05 18:23:13,928 [INFO] Retrieved 1 Sales Center opportunities via portal for applicant 197891661
2026-09-05 18:23:14,217 [INFO] Retrieved 50 discussions via portal session for applicant 197895504
2026-09-05 18:23:14,533 [INFO] Retrieved 1 Sales Center opportunities via portal for applicant 197895504
2026-09-05 18:23:14,813 [INFO] Retrieved 50 discussions via portal session for applicant 198604342
2026-09-05 18:23:15,162 [INFO] Retrieved 2 Sales Center opportunities via portal for applicant 198604342
2026-09-05 18:23:15,452 [INFO] Retrieved 50 discussions via portal session for applicant 198908859
2026-09-05 18:23:15,780 [INFO] Retrieved 1 Sales Center opportunities via portal for applicant 198908859
2026-09-05 18:23:16,035 [INFO] Retrieved 50 discussions via portal session for applicant 199797602
2026-09-05 18:23:16,364 [INFO] Retrieved 1 Sales Center opportunities via portal for applicant 199797602
2026-09-05 18:23:16,652 [INFO] Retrieved 50 discussions via portal session for applicant 21587333
2026-09-05 18:23:16,982 [INFO] Retrieved 2 Sales Center opportunities via portal for applicant 21587333
2026-09-05 18:23:17,244 [INFO] Retrieved 50 discussions via portal session for applicant 21588091
2026-09-05 18:23:17,550 [INFO] Retrieved 1 Sales Center opportunities via portal for applicant 21588091
2026-09-05 18:23:17,793 [INFO] Retrieved 23 discussions via portal session for applicant 220250093
2026-09-05 18:23:18,109 [INFO] Retrieved 1 Sales Center opportunities via portal for applicant 220250093
2026-09-05 18:23:18,354 [INFO] Retrieved 50 discussions via portal session for applicant 25156187
2026-09-05 18:23:18,684 [INFO] Retrieved 1 Sales Center opportunities via portal for applicant 25156187
2026-09-05 18:23:18,992 [INFO] Retrieved 50 discussions via portal session for applicant 25721447
2026-09-05 18:23:19,304 [INFO] Retrieved 4 Sales Center opportunities via portal for applicant 25721447
2026-09-05 18:23:19,599 [INFO] Retrieved 50 discussions via portal session for applicant 26042781
2026-09-05 18:23:19,995 [INFO] Retrieved 2 Sales Center opportunities via portal for applicant 26042781
2026-09-05 18:23:20,302 [INFO] Retrieved 50 discussions via portal session for applicant 35209713
2026-09-05 18:23:20,627 [INFO] Retrieved 1 Sales Center opportunities via portal for applicant 35209713
2026-09-05 18:23:20,898 [INFO] Retrieved 50 discussions via portal session for applicant 54893172
2026-09-05 18:23:21,232 [INFO] Retrieved 7 Sales Center opportunities via portal for applicant 54893172
2026-09-05 18:23:21,466 [INFO] Retrieved 50 discussions via portal session for applicant 58768907
2026-09-05 18:23:21,815 [INFO] Retrieved 1 Sales Center opportunities via portal for applicant 58768907
2026-09-05 18:23:22,145 [INFO] Retrieved 50 discussions via portal session for applicant 58866127
2026-09-05 18:23:22,488 [INFO] Retrieved 1 Sales Center opportunities via portal for applicant 58866127
2026-09-05 18:23:22,704 [INFO] Retrieved 50 discussions via portal session for applicant 76858853
2026-09-05 18:23:23,042 [INFO] Retrieved 2 Sales Center opportunities via portal for applicant 76858853
2026-09-05 18:23:23,555 [INFO] Retrieved 50 discussions via portal session for applicant 79002334
2026-09-05 18:23:23,878 [INFO] Retrieved 1 Sales Center opportunities via portal for applicant 79002334
2026-09-05 18:23:24,085 [INFO] Retrieved 50 discussions via portal session for applicant 83571357
2026-09-05 18:23:24,819 [INFO] Retrieved 50 discussions via portal session for applicant 84705043
2026-09-05 18:23:25,132 [INFO] Retrieved 1 Sales Center opportunities via portal for applicant 84705043
2026-09-05 18:23:25,372 [INFO] Retrieved 50 discussions via portal session for applicant 95254866
2026-09-05 18:23:26,169 [INFO] Retrieved 50 discussions via portal session for applicant 99055770
2026-09-05 18:23:26,509 [INFO] Retrieved 1 Sales Center opportunities via portal for applicant 99055770
2026-09-05 18:23:26,727 [INFO] Retrieved 50 discussions via portal session for applicant 99340932
2026-09-05 18:23:27,046 [INFO] Retrieved 1 Sales Center opportunities via portal for applicant 99340932
{
  "applicants_scanned": 39,
  "applicant_ids": [
    "102351931",
    "143979332",
    "144897143",
    "145217363",
    "145834411",
    "148235525",
    "150751441",
    "151382204",
    "151445306",
    "157388228",
    "163863318",
    "173838508",
    "186333470",
    "193438339",
    "196126698",
    "196851140",
    "197389903",
    "197891661",
    "197895504",
    "198604342",
    "198908859",
    "199797602",
    "21587333",
    "21588091",
    "220250093",
    "25156187",
    "25721447",
    "26042781",
    "35209713",
    "54893172",
    "58768907",
    "58866127",
    "76858853",
    "79002334",
    "83571357",
    "84705043",
    "95254866",
    "99055770",
    "99340932"
  ],
  "dispatched": [],
  "errors": [],
  "dry_run": false
}
2026-09-05T18:23:27+00:00 finish robie call label watch rc=0
2026-09-05T18:28:01+00:00 start robie call label watch timeout=90s extra=
2026-09-05 18:28:02,531 [INFO] Retrieved 50 discussions via portal session for applicant 102351931
2026-09-05 18:28:03,062 [INFO] Successfully authenticated with Classic EZLynx API (EZToken issued).
2026-09-05 18:28:03,448 [INFO] Retrieved 1 Sales Center opportunities via portal for applicant 102351931
2026-09-05 18:28:03,721 [INFO] Retrieved 50 discussions via portal session for applicant 143979332
2026-09-05 18:28:04,497 [INFO] Retrieved 50 discussions via portal session for applicant 144897143
2026-09-05 18:28:04,857 [INFO] Retrieved 1 Sales Center opportunities via portal for applicant 144897143
2026-09-05 18:28:05,096 [INFO] Retrieved 50 discussions via portal session for applicant 145217363
2026-09-05 18:28:05,446 [INFO] Retrieved 1 Sales Center opportunities via portal for applicant 145217363
2026-09-05 18:28:05,739 [INFO] Retrieved 50 discussions via portal session for applicant 145834411
2026-09-05 18:28:06,081 [INFO] Retrieved 1 Sales Center opportunities via portal for applicant 145834411
2026-09-05 18:28:06,302 [INFO] Retrieved 50 discussions via portal session for applicant 148235525
2026-09-05 18:28:06,638 [INFO] Retrieved 2 Sales Center opportunities via portal for applicant 148235525
2026-09-05 18:28:07,026 [INFO] Retrieved 50 discussions via portal session for applicant 150751441
2026-09-05 18:28:07,410 [INFO] Retrieved 1 Sales Center opportunities via portal for applicant 150751441
2026-09-05 18:28:07,727 [INFO] Retrieved 50 discussions via portal session for applicant 151382204
2026-09-05 18:28:08,067 [INFO] Retrieved 1 Sales Center opportunities via portal for applicant 151382204
2026-09-05 18:28:08,327 [INFO] Retrieved 50 discussions via portal session for applicant 151445306
2026-09-05 18:28:08,658 [INFO] Retrieved 2 Sales Center opportunities via portal for applicant 151445306
2026-09-05 18:28:08,901 [INFO] Retrieved 50 discussions via portal session for applicant 157388228
2026-09-05 18:28:09,238 [INFO] Retrieved 1 Sales Center opportunities via portal for applicant 157388228
2026-09-05 18:28:09,549 [INFO] Retrieved 50 discussions via portal session for applicant 163863318
2026-09-05 18:28:09,905 [INFO] Retrieved 1 Sales Center opportunities via portal for applicant 163863318
2026-09-05 18:28:10,195 [INFO] Retrieved 50 discussions via portal session for applicant 173838508
2026-09-05 18:28:10,545 [INFO] Retrieved 1 Sales Center opportunities via portal for applicant 173838508
2026-09-05 18:28:10,841 [INFO] Retrieved 50 discussions via portal session for applicant 186333470
2026-09-05 18:28:11,178 [INFO] Retrieved 2 Sales Center opportunities via portal for applicant 186333470
2026-09-05 18:28:11,456 [INFO] Retrieved 50 discussions via portal session for applicant 193438339
2026-09-05 18:28:11,773 [INFO] Retrieved 1 Sales Center opportunities via portal for applicant 193438339
2026-09-05 18:28:12,019 [INFO] Retrieved 27 discussions via portal session for applicant 196126698
2026-09-05 18:28:12,338 [INFO] Retrieved 1 Sales Center opportunities via portal for applicant 196126698
2026-09-05 18:28:12,575 [INFO] Retrieved 50 discussions via portal session for applicant 196851140
2026-09-05 18:28:12,922 [INFO] Retrieved 1 Sales Center opportunities via portal for applicant 196851140
2026-09-05 18:28:13,188 [INFO] Retrieved 50 discussions via portal session for applicant 197389903
2026-09-05 18:28:13,508 [INFO] Retrieved 1 Sales Center opportunities via portal for applicant 197389903
2026-09-05 18:28:13,751 [INFO] Retrieved 50 discussions via portal session for applicant 197891661
2026-09-05 18:28:14,098 [INFO] Retrieved 1 Sales Center opportunities via portal for applicant 197891661
2026-09-05 18:28:14,358 [INFO] Retrieved 50 discussions via portal session for applicant 197895504
2026-09-05 18:28:14,679 [INFO] Retrieved 1 Sales Center opportunities via portal for applicant 197895504
2026-09-05 18:28:14,905 [INFO] Retrieved 50 discussions via portal session for applicant 198604342
2026-09-05 18:28:15,268 [INFO] Retrieved 2 Sales Center opportunities via portal for applicant 198604342
2026-09-05 18:28:15,537 [INFO] Retrieved 50 discussions via portal session for applicant 198908859
2026-09-05 18:28:15,871 [INFO] Retrieved 1 Sales Center opportunities via portal for applicant 198908859
2026-09-05 18:28:16,177 [INFO] Retrieved 50 discussions via portal session for applicant 199797602
2026-09-05 18:28:16,563 [INFO] Retrieved 1 Sales Center opportunities via portal for applicant 199797602
2026-09-05 18:28:16,820 [INFO] Retrieved 50 discussions via portal session for applicant 21587333
2026-09-05 18:28:17,152 [INFO] Retrieved 2 Sales Center opportunities via portal for applicant 21587333
2026-09-05 18:28:17,430 [INFO] Retrieved 50 discussions via portal session for applicant 21588091
2026-09-05 18:28:17,765 [INFO] Retrieved 1 Sales Center opportunities via portal for applicant 21588091
2026-09-05 18:28:17,996 [INFO] Retrieved 23 discussions via portal session for applicant 220250093
2026-09-05 18:28:18,355 [INFO] Retrieved 1 Sales Center opportunities via portal for applicant 220250093
2026-09-05 18:28:18,580 [INFO] Retrieved 50 discussions via portal session for applicant 25156187
2026-09-05 18:28:18,955 [INFO] Retrieved 1 Sales Center opportunities via portal for applicant 25156187
2026-09-05 18:28:19,242 [INFO] Retrieved 50 discussions via portal session for applicant 25721447
2026-09-05 18:28:19,559 [INFO] Retrieved 4 Sales Center opportunities via portal for applicant 25721447
2026-09-05 18:28:19,864 [INFO] Retrieved 50 discussions via portal session for applicant 26042781
2026-09-05 18:28:20,249 [INFO] Retrieved 2 Sales Center opportunities via portal for applicant 26042781
2026-09-05 18:28:20,529 [INFO] Retrieved 50 discussions via portal session for applicant 35209713
2026-09-05 18:28:20,891 [INFO] Retrieved 1 Sales Center opportunities via portal for applicant 35209713
2026-09-05 18:28:21,114 [INFO] Retrieved 50 discussions via portal session for applicant 54893172
2026-09-05 18:28:21,473 [INFO] Retrieved 7 Sales Center opportunities via portal for applicant 54893172
2026-09-05 18:28:21,735 [INFO] Retrieved 50 discussions via portal session for applicant 58768907
2026-09-05 18:28:22,103 [INFO] Retrieved 1 Sales Center opportunities via portal for applicant 58768907
2026-09-05 18:28:22,383 [INFO] Retrieved 50 discussions via portal session for applicant 58866127
2026-09-05 18:28:22,728 [INFO] Retrieved 1 Sales Center opportunities via portal for applicant 58866127
2026-09-05 18:28:22,996 [INFO] Retrieved 50 discussions via portal session for applicant 76858853
2026-09-05 18:28:23,358 [INFO] Retrieved 2 Sales Center opportunities via portal for applicant 76858853
2026-09-05 18:28:23,597 [INFO] Retrieved 50 discussions via portal session for applicant 79002334
2026-09-05 18:28:23,939 [INFO] Retrieved 1 Sales Center opportunities via portal for applicant 79002334
2026-09-05 18:28:24,161 [INFO] Retrieved 50 discussions via portal session for applicant 83571357
2026-09-05 18:28:24,911 [INFO] Retrieved 50 discussions via portal session for applicant 84705043
2026-09-05 18:28:25,284 [INFO] Retrieved 1 Sales Center opportunities via portal for applicant 84705043
2026-09-05 18:28:25,556 [INFO] Retrieved 50 discussions via portal session for applicant 95254866
2026-09-05 18:28:26,374 [INFO] Retrieved 50 discussions via portal session for applicant 99055770
2026-09-05 18:28:26,727 [INFO] Retrieved 1 Sales Center opportunities via portal for applicant 99055770
2026-09-05 18:28:26,978 [INFO] Retrieved 50 discussions via portal session for applicant 99340932
2026-09-05 18:28:27,306 [INFO] Retrieved 1 Sales Center opportunities via portal for applicant 99340932
{
  "applicants_scanned": 39,
  "applicant_ids": [
    "102351931",
    "143979332",
    "144897143",
    "145217363",
    "145834411",
    "148235525",
    "150751441",
    "151382204",
    "151445306",
    "157388228",
    "163863318",
    "173838508",
    "186333470",
    "193438339",
    "196126698",
    "196851140",
    "197389903",
    "197891661",
    "197895504",
    "198604342",
    "198908859",
    "199797602",
    "21587333",
    "21588091",
    "220250093",
    "25156187",
    "25721447",
    "26042781",
    "35209713",
    "54893172",
    "58768907",
    "58866127",
    "76858853",
    "79002334",
    "83571357",
    "84705043",
    "95254866",
    "99055770",
    "99340932"
  ],
  "dispatched": [],
  "errors": [],
  "dry_run": false
}
2026-09-05T18:28:27+00:00 finish robie call label watch rc=0
2026-09-05T18:33:01+00:00 start robie call label watch timeout=90s extra=
2026-09-05 18:33:02,700 [INFO] Retrieved 50 discussions via portal session for applicant 102351931
2026-09-05 18:33:03,271 [INFO] Successfully authenticated with Classic EZLynx API (EZToken issued).
2026-09-05 18:33:03,604 [INFO] Retrieved 1 Sales Center opportunities via portal for applicant 102351931
2026-09-05 18:33:03,834 [INFO] Retrieved 50 discussions via portal session for applicant 143979332
2026-09-05 18:33:04,601 [INFO] Retrieved 50 discussions via portal session for applicant 144897143
2026-09-05 18:33:04,928 [INFO] Retrieved 1 Sales Center opportunities via portal for applicant 144897143
2026-09-05 18:33:05,161 [INFO] Retrieved 50 discussions via portal session for applicant 145217363
2026-09-05 18:33:05,522 [INFO] Retrieved 1 Sales Center opportunities via portal for applicant 145217363
2026-09-05 18:33:05,734 [INFO] Retrieved 50 discussions via portal session for applicant 145834411
2026-09-05 18:33:06,041 [INFO] Retrieved 1 Sales Center opportunities via portal for applicant 145834411
2026-09-05 18:33:06,283 [INFO] Retrieved 50 discussions via portal session for applicant 148235525
2026-09-05 18:33:06,618 [INFO] Retrieved 2 Sales Center opportunities via portal for applicant 148235525
2026-09-05 18:33:06,870 [INFO] Retrieved 50 discussions via portal session for applicant 150751441
2026-09-05 18:33:07,200 [INFO] Retrieved 1 Sales Center opportunities via portal for applicant 150751441
2026-09-05 18:33:07,503 [INFO] Retrieved 50 discussions via portal session for applicant 151382204
2026-09-05 18:33:07,837 [INFO] Retrieved 1 Sales Center opportunities via portal for applicant 151382204
2026-09-05 18:33:08,122 [INFO] Retrieved 50 discussions via portal session for applicant 151445306
2026-09-05 18:33:08,467 [INFO] Retrieved 2 Sales Center opportunities via portal for applicant 151445306
2026-09-05 18:33:08,719 [INFO] Retrieved 50 discussions via portal session for applicant 157388228
2026-09-05 18:33:09,049 [INFO] Retrieved 1 Sales Center opportunities via portal for applicant 157388228
2026-09-05 18:33:09,322 [INFO] Retrieved 50 discussions via portal session for applicant 163863318
2026-09-05 18:33:09,639 [INFO] Retrieved 1 Sales Center opportunities via portal for applicant 163863318
2026-09-05 18:33:09,867 [INFO] Retrieved 50 discussions via portal session for applicant 173838508
2026-09-05 18:33:10,204 [INFO] Retrieved 1 Sales Center opportunities via portal for applicant 173838508
2026-09-05 18:33:10,469 [INFO] Retrieved 50 discussions via portal session for applicant 186333470
2026-09-05 18:33:10,793 [INFO] Retrieved 2 Sales Center opportunities via portal for applicant 186333470
2026-09-05 18:33:11,047 [INFO] Retrieved 50 discussions via portal session for applicant 193438339
2026-09-05 18:33:11,415 [INFO] Retrieved 1 Sales Center opportunities via portal for applicant 193438339
2026-09-05 18:33:11,643 [INFO] Retrieved 27 discussions via portal session for applicant 196126698
2026-09-05 18:33:11,976 [INFO] Retrieved 1 Sales Center opportunities via portal for applicant 196126698
2026-09-05 18:33:12,226 [INFO] Retrieved 50 discussions via portal session for applicant 196851140
2026-09-05 18:33:12,544 [INFO] Retrieved 1 Sales Center opportunities via portal for applicant 196851140
2026-09-05 18:33:12,755 [INFO] Retrieved 50 discussions via portal session for applicant 197389903
2026-09-05 18:33:13,094 [INFO] Retrieved 1 Sales Center opportunities via portal for applicant 197389903
2026-09-05 18:33:13,308 [INFO] Retrieved 50 discussions via portal session for applicant 197891661
2026-09-05 18:33:13,670 [INFO] Retrieved 1 Sales Center opportunities via portal for applicant 197891661
2026-09-05 18:33:13,953 [INFO] Retrieved 50 discussions via portal session for applicant 197895504
2026-09-05 18:33:14,276 [INFO] Retrieved 1 Sales Center opportunities via portal for applicant 197895504
2026-09-05 18:33:14,525 [INFO] Retrieved 50 discussions via portal session for applicant 198604342
2026-09-05 18:33:14,868 [INFO] Retrieved 2 Sales Center opportunities via portal for applicant 198604342
2026-09-05 18:33:15,150 [INFO] Retrieved 50 discussions via portal session for applicant 198908859
2026-09-05 18:33:15,496 [INFO] Retrieved 1 Sales Center opportunities via portal for applicant 198908859
2026-09-05 18:33:15,743 [INFO] Retrieved 50 discussions via portal session for applicant 199797602
2026-09-05 18:33:16,067 [INFO] Retrieved 1 Sales Center opportunities via portal for applicant 199797602
2026-09-05 18:33:16,373 [INFO] Retrieved 50 discussions via portal session for applicant 21587333
2026-09-05 18:33:16,694 [INFO] Retrieved 2 Sales Center opportunities via portal for applicant 21587333
2026-09-05 18:33:16,951 [INFO] Retrieved 50 discussions via portal session for applicant 21588091
2026-09-05 18:33:17,279 [INFO] Retrieved 1 Sales Center opportunities via portal for applicant 21588091
2026-09-05 18:33:17,514 [INFO] Retrieved 23 discussions via portal session for applicant 220250093
2026-09-05 18:33:17,852 [INFO] Retrieved 1 Sales Center opportunities via portal for applicant 220250093
2026-09-05 18:33:18,071 [INFO] Retrieved 50 discussions via portal session for applicant 25156187
2026-09-05 18:33:18,392 [INFO] Retrieved 1 Sales Center opportunities via portal for applicant 25156187
2026-09-05 18:33:18,673 [INFO] Retrieved 50 discussions via portal session for applicant 25721447
2026-09-05 18:33:19,001 [INFO] Retrieved 4 Sales Center opportunities via portal for applicant 25721447
2026-09-05 18:33:19,261 [INFO] Retrieved 50 discussions via portal session for applicant 26042781
2026-09-05 18:33:19,597 [INFO] Retrieved 2 Sales Center opportunities via portal for applicant 26042781
2026-09-05 18:33:19,919 [INFO] Retrieved 50 discussions via portal session for applicant 35209713
2026-09-05 18:33:20,258 [INFO] Retrieved 1 Sales Center opportunities via portal for applicant 35209713
2026-09-05 18:33:20,530 [INFO] Retrieved 50 discussions via portal session for applicant 54893172
2026-09-05 18:33:20,885 [INFO] Retrieved 7 Sales Center opportunities via portal for applicant 54893172
2026-09-05 18:33:21,141 [INFO] Retrieved 50 discussions via portal session for applicant 58768907
2026-09-05 18:33:21,461 [INFO] Retrieved 1 Sales Center opportunities via portal for applicant 58768907
2026-09-05 18:33:21,743 [INFO] Retrieved 50 discussions via portal session for applicant 58866127
2026-09-05 18:33:22,061 [INFO] Retrieved 1 Sales Center opportunities via portal for applicant 58866127
2026-09-05 18:33:22,276 [INFO] Retrieved 50 discussions via portal session for applicant 76858853
2026-09-05 18:33:22,598 [INFO] Retrieved 2 Sales Center opportunities via portal for applicant 76858853
2026-09-05 18:33:22,831 [INFO] Retrieved 50 discussions via portal session for applicant 79002334
2026-09-05 18:33:23,158 [INFO] Retrieved 1 Sales Center opportunities via portal for applicant 79002334
2026-09-05 18:33:23,393 [INFO] Retrieved 50 discussions via portal session for applicant 83571357
2026-09-05 18:33:24,162 [INFO] Retrieved 50 discussions via portal session for applicant 84705043
2026-09-05 18:33:24,507 [INFO] Retrieved 1 Sales Center opportunities via portal for applicant 84705043
2026-09-05 18:33:32,759 [INFO] Retrieved 50 discussions via portal session for applicant 95254866
2026-09-05 18:33:37,695 [INFO] Retrieved 50 discussions via portal session for applicant 99055770
2026-09-05 18:33:38,062 [INFO] Retrieved 1 Sales Center opportunities via portal for applicant 99055770
2026-09-05 18:33:38,310 [INFO] Retrieved 50 discussions via portal session for applicant 99340932
2026-09-05 18:33:38,666 [INFO] Retrieved 1 Sales Center opportunities via portal for applicant 99340932
{
  "applicants_scanned": 39,
  "applicant_ids": [
    "102351931",
    "143979332",
    "144897143",
    "145217363",
    "145834411",
    "148235525",
    "150751441",
    "151382204",
    "151445306",
    "157388228",
    "163863318",
    "173838508",
    "186333470",
    "193438339",
    "196126698",
    "196851140",
    "197389903",
    "197891661",
    "197895504",
    "198604342",
    "198908859",
    "199797602",
    "21587333",
    "21588091",
    "220250093",
    "25156187",
    "25721447",
    "26042781",
    "35209713",
    "54893172",
    "58768907",
    "58866127",
    "76858853",
    "79002334",
    "83571357",
    "84705043",
    "95254866",
    "99055770",
    "99340932"
  ],
  "dispatched": [],
  "errors": [],
  "dry_run": false
}
2026-09-05T18:33:38+00:00 finish robie call label watch rc=0
2026-09-05T18:38:02+00:00 start robie call label watch timeout=90s extra=
2026-09-05 18:38:03,421 [INFO] Retrieved 50 discussions via portal session for applicant 102351931
2026-09-05 18:38:03,942 [INFO] Successfully authenticated with Classic EZLynx API (EZToken issued).
2026-09-05 18:38:04,282 [INFO] Retrieved 1 Sales Center opportunities via portal for applicant 102351931
2026-09-05 18:38:04,512 [INFO] Retrieved 50 discussions via portal session for applicant 143979332
2026-09-05 18:38:05,224 [INFO] Retrieved 50 discussions via portal session for applicant 144897143
2026-09-05 18:38:05,584 [INFO] Retrieved 1 Sales Center opportunities via portal for applicant 144897143
2026-09-05 18:38:05,805 [INFO] Retrieved 50 discussions via portal session for applicant 145217363
2026-09-05 18:38:06,149 [INFO] Retrieved 1 Sales Center opportunities via portal for applicant 145217363
2026-09-05 18:38:06,376 [INFO] Retrieved 50 discussions via portal session for applicant 145834411
2026-09-05 18:38:06,687 [INFO] Retrieved 1 Sales Center opportunities via portal for applicant 145834411
2026-09-05 18:38:06,949 [INFO] Retrieved 50 discussions via portal session for applicant 148235525
2026-09-05 18:38:07,265 [INFO] Retrieved 2 Sales Center opportunities via portal for applicant 148235525
2026-09-05 18:38:07,522 [INFO] Retrieved 50 discussions via portal session for applicant 150751441
2026-09-05 18:38:07,851 [INFO] Retrieved 1 Sales Center opportunities via portal for applicant 150751441
2026-09-05 18:38:08,185 [INFO] Retrieved 50 discussions via portal session for applicant 151382204
2026-09-05 18:38:08,506 [INFO] Retrieved 1 Sales Center opportunities via portal for applicant 151382204
2026-09-05 18:38:08,768 [INFO] Retrieved 50 discussions via portal session for applicant 151445306
2026-09-05 18:38:09,101 [INFO] Retrieved 2 Sales Center opportunities via portal for applicant 151445306
2026-09-05 18:38:09,341 [INFO] Retrieved 50 discussions via portal session for applicant 157388228
2026-09-05 18:38:09,662 [INFO] Retrieved 1 Sales Center opportunities via portal for applicant 157388228
2026-09-05 18:38:09,958 [INFO] Retrieved 50 discussions via portal session for applicant 163863318
2026-09-05 18:38:10,267 [INFO] Retrieved 1 Sales Center opportunities via portal for applicant 163863318
2026-09-05 18:38:10,549 [INFO] Retrieved 50 discussions via portal session for applicant 173838508
2026-09-05 18:38:10,859 [INFO] Retrieved 1 Sales Center opportunities via portal for applicant 173838508
2026-09-05 18:38:11,076 [INFO] Retrieved 50 discussions via portal session for applicant 186333470
2026-09-05 18:38:11,413 [INFO] Retrieved 2 Sales Center opportunities via portal for applicant 186333470
2026-09-05 18:38:11,661 [INFO] Retrieved 50 discussions via portal session for applicant 193438339
2026-09-05 18:38:11,980 [INFO] Retrieved 1 Sales Center opportunities via portal for applicant 193438339
2026-09-05 18:38:12,212 [INFO] Retrieved 27 discussions via portal session for applicant 196126698
2026-09-05 18:38:12,555 [INFO] Retrieved 1 Sales Center opportunities via portal for applicant 196126698
2026-09-05 18:38:12,777 [INFO] Retrieved 50 discussions via portal session for applicant 196851140
2026-09-05 18:38:13,098 [INFO] Retrieved 1 Sales Center opportunities via portal for applicant 196851140
2026-09-05 18:38:13,322 [INFO] Retrieved 50 discussions via portal session for applicant 197389903
2026-09-05 18:38:13,630 [INFO] Retrieved 1 Sales Center opportunities via portal for applicant 197389903
2026-09-05 18:38:13,850 [INFO] Retrieved 50 discussions via portal session for applicant 197891661
2026-09-05 18:38:14,167 [INFO] Retrieved 1 Sales Center opportunities via portal for applicant 197891661
2026-09-05 18:38:14,403 [INFO] Retrieved 50 discussions via portal session for applicant 197895504
2026-09-05 18:38:14,717 [INFO] Retrieved 1 Sales Center opportunities via portal for applicant 197895504
2026-09-05 18:38:15,029 [INFO] Retrieved 50 discussions via portal session for applicant 198604342
2026-09-05 18:38:15,349 [INFO] Retrieved 2 Sales Center opportunities via portal for applicant 198604342
2026-09-05 18:38:15,659 [INFO] Retrieved 50 discussions via portal session for applicant 198908859
2026-09-05 18:38:16,015 [INFO] Retrieved 1 Sales Center opportunities via portal for applicant 198908859
2026-09-05 18:38:16,286 [INFO] Retrieved 50 discussions via portal session for applicant 199797602
2026-09-05 18:38:16,599 [INFO] Retrieved 1 Sales Center opportunities via portal for applicant 199797602
2026-09-05 18:38:16,903 [INFO] Retrieved 50 discussions via portal session for applicant 21587333
2026-09-05 18:38:17,286 [INFO] Retrieved 2 Sales Center opportunities via portal for applicant 21587333
2026-09-05 18:38:17,521 [INFO] Retrieved 50 discussions via portal session for applicant 21588091
2026-09-05 18:38:17,843 [INFO] Retrieved 1 Sales Center opportunities via portal for applicant 21588091
2026-09-05 18:38:18,062 [INFO] Retrieved 23 discussions via portal session for applicant 220250093
2026-09-05 18:38:18,393 [INFO] Retrieved 1 Sales Center opportunities via portal for applicant 220250093
2026-09-05 18:38:18,648 [INFO] Retrieved 50 discussions via portal session for applicant 25156187
2026-09-05 18:38:18,980 [INFO] Retrieved 1 Sales Center opportunities via portal for applicant 25156187
2026-09-05 18:38:19,258 [INFO] Retrieved 50 discussions via portal session for applicant 25721447
2026-09-05 18:38:19,568 [INFO] Retrieved 4 Sales Center opportunities via portal for applicant 25721447
2026-09-05 18:38:19,878 [INFO] Retrieved 50 discussions via portal session for applicant 26042781
2026-09-05 18:38:20,202 [INFO] Retrieved 2 Sales Center opportunities via portal for applicant 26042781
2026-09-05 18:38:20,496 [INFO] Retrieved 50 discussions via portal session for applicant 35209713
2026-09-05 18:38:20,807 [INFO] Retrieved 1 Sales Center opportunities via portal for applicant 35209713
2026-09-05 18:38:21,036 [INFO] Retrieved 50 discussions via portal session for applicant 54893172
2026-09-05 18:38:21,391 [INFO] Retrieved 7 Sales Center opportunities via portal for applicant 54893172
2026-09-05 18:38:21,667 [INFO] Retrieved 50 discussions via portal session for applicant 58768907
2026-09-05 18:38:21,989 [INFO] Retrieved 1 Sales Center opportunities via portal for applicant 58768907
2026-09-05 18:38:22,323 [INFO] Retrieved 50 discussions via portal session for applicant 58866127
2026-09-05 18:38:22,659 [INFO] Retrieved 1 Sales Center opportunities via portal for applicant 58866127
2026-09-05 18:38:22,921 [INFO] Retrieved 50 discussions via portal session for applicant 76858853
2026-09-05 18:38:23,237 [INFO] Retrieved 2 Sales Center opportunities via portal for applicant 76858853
2026-09-05 18:38:23,478 [INFO] Retrieved 50 discussions via portal session for applicant 79002334
2026-09-05 18:38:23,802 [INFO] Retrieved 1 Sales Center opportunities via portal for applicant 79002334
2026-09-05 18:38:24,047 [INFO] Retrieved 50 discussions via portal session for applicant 83571357
2026-09-05 18:38:24,788 [INFO] Retrieved 50 discussions via portal session for applicant 84705043
2026-09-05 18:38:25,132 [INFO] Retrieved 1 Sales Center opportunities via portal for applicant 84705043
2026-09-05 18:38:25,410 [INFO] Retrieved 50 discussions via portal session for applicant 95254866
2026-09-05 18:38:37,525 [INFO] Retrieved 50 discussions via portal session for applicant 99055770
2026-09-05 18:38:37,859 [INFO] Retrieved 1 Sales Center opportunities via portal for applicant 99055770
2026-09-05 18:38:38,139 [INFO] Retrieved 50 discussions via portal session for applicant 99340932
2026-09-05 18:38:38,479 [INFO] Retrieved 1 Sales Center opportunities via portal for applicant 99340932
{
  "applicants_scanned": 39,
  "applicant_ids": [
    "102351931",
    "143979332",
    "144897143",
    "145217363",
    "145834411",
    "148235525",
    "150751441",
    "151382204",
    "151445306",
    "157388228",
    "163863318",
    "173838508",
    "186333470",
    "193438339",
    "196126698",
    "196851140",
    "197389903",
    "197891661",
    "197895504",
    "198604342",
    "198908859",
    "199797602",
    "21587333",
    "21588091",
    "220250093",
    "25156187",
    "25721447",
    "26042781",
    "35209713",
    "54893172",
    "58768907",
    "58866127",
    "76858853",
    "79002334",
    "83571357",
    "84705043",
    "95254866",
    "99055770",
    "99340932"
  ],
  "dispatched": [],
  "errors": [],
  "dry_run": false
}
2026-09-05T18:38:38+00:00 finish robie call label watch rc=0
2026-09-05T18:43:01+00:00 start robie call label watch timeout=90s extra=
2026-09-05 18:43:03,103 [INFO] Retrieved 50 discussions via portal session for applicant 102351931
2026-09-05 18:43:03,641 [INFO] Successfully authenticated with Classic EZLynx API (EZToken issued).
2026-09-05 18:43:04,008 [INFO] Retrieved 1 Sales Center opportunities via portal for applicant 102351931
2026-09-05 18:43:04,236 [INFO] Retrieved 50 discussions via portal session for applicant 143979332
2026-09-05 18:43:05,001 [INFO] Retrieved 50 discussions via portal session for applicant 144897143
2026-09-05 18:43:05,374 [INFO] Retrieved 1 Sales Center opportunities via portal for applicant 144897143
2026-09-05 18:43:05,635 [INFO] Retrieved 50 discussions via portal session for applicant 145217363
2026-09-05 18:43:06,104 [INFO] Retrieved 1 Sales Center opportunities via portal for applicant 145217363
2026-09-05 18:43:06,328 [INFO] Retrieved 50 discussions via portal session for applicant 145834411
2026-09-05 18:43:06,706 [INFO] Retrieved 1 Sales Center opportunities via portal for applicant 145834411
2026-09-05 18:43:06,929 [INFO] Retrieved 50 discussions via portal session for applicant 148235525
2026-09-05 18:43:07,285 [INFO] Retrieved 2 Sales Center opportunities via portal for applicant 148235525
2026-09-05 18:43:07,529 [INFO] Retrieved 50 discussions via portal session for applicant 150751441
2026-09-05 18:43:07,889 [INFO] Retrieved 1 Sales Center opportunities via portal for applicant 150751441
2026-09-05 18:43:08,183 [INFO] Retrieved 50 discussions via portal session for applicant 151382204
2026-09-05 18:43:08,573 [INFO] Retrieved 1 Sales Center opportunities via portal for applicant 151382204
2026-09-05 18:43:08,858 [INFO] Retrieved 50 discussions via portal session for applicant 151445306
2026-09-05 18:43:09,198 [INFO] Retrieved 2 Sales Center opportunities via portal for applicant 151445306
2026-09-05 18:43:09,497 [INFO] Retrieved 50 discussions via portal session for applicant 157388228
2026-09-05 18:43:09,855 [INFO] Retrieved 1 Sales Center opportunities via portal for applicant 157388228
2026-09-05 18:43:10,196 [INFO] Retrieved 50 discussions via portal session for applicant 163863318
2026-09-05 18:43:10,565 [INFO] Retrieved 1 Sales Center opportunities via portal for applicant 163863318
2026-09-05 18:43:10,808 [INFO] Retrieved 50 discussions via portal session for applicant 173838508
2026-09-05 18:43:11,176 [INFO] Retrieved 1 Sales Center opportunities via portal for applicant 173838508
2026-09-05 18:43:11,424 [INFO] Retrieved 50 discussions via portal session for applicant 186333470
2026-09-05 18:43:11,813 [INFO] Retrieved 2 Sales Center opportunities via portal for applicant 186333470
2026-09-05 18:43:12,091 [INFO] Retrieved 50 discussions via portal session for applicant 193438339
2026-09-05 18:43:12,434 [INFO] Retrieved 1 Sales Center opportunities via portal for applicant 193438339
2026-09-05 18:43:12,857 [INFO] Retrieved 27 discussions via portal session for applicant 196126698
2026-09-05 18:43:13,244 [INFO] Retrieved 1 Sales Center opportunities via portal for applicant 196126698
2026-09-05 18:43:13,500 [INFO] Retrieved 50 discussions via portal session for applicant 196851140
2026-09-05 18:43:13,862 [INFO] Retrieved 1 Sales Center opportunities via portal for applicant 196851140
2026-09-05 18:43:14,101 [INFO] Retrieved 50 discussions via portal session for applicant 197389903
2026-09-05 18:43:14,459 [INFO] Retrieved 1 Sales Center opportunities via portal for applicant 197389903
2026-09-05 18:43:14,681 [INFO] Retrieved 50 discussions via portal session for applicant 197891661
2026-09-05 18:43:15,021 [INFO] Retrieved 1 Sales Center opportunities via portal for applicant 197891661
2026-09-05 18:43:15,271 [INFO] Retrieved 50 discussions via portal session for applicant 197895504
2026-09-05 18:43:15,593 [INFO] Retrieved 1 Sales Center opportunities via portal for applicant 197895504
2026-09-05 18:43:15,860 [INFO] Retrieved 50 discussions via portal session for applicant 198604342
2026-09-05 18:43:16,182 [INFO] Retrieved 2 Sales Center opportunities via portal for applicant 198604342
2026-09-05 18:43:16,431 [INFO] Retrieved 50 discussions via portal session for applicant 198908859
2026-09-05 18:43:16,927 [INFO] Retrieved 1 Sales Center opportunities via portal for applicant 198908859
2026-09-05 18:43:17,228 [INFO] Retrieved 50 discussions via portal session for applicant 199797602
2026-09-05 18:43:17,567 [INFO] Retrieved 1 Sales Center opportunities via portal for applicant 199797602
2026-09-05 18:43:17,824 [INFO] Retrieved 50 discussions via portal session for applicant 21587333
2026-09-05 18:43:18,142 [INFO] Retrieved 2 Sales Center opportunities via portal for applicant 21587333
2026-09-05 18:43:18,440 [INFO] Retrieved 50 discussions via portal session for applicant 21588091
2026-09-05 18:43:18,763 [INFO] Retrieved 1 Sales Center opportunities via portal for applicant 21588091
2026-09-05 18:43:18,971 [INFO] Retrieved 23 discussions via portal session for applicant 220250093
2026-09-05 18:43:19,308 [INFO] Retrieved 1 Sales Center opportunities via portal for applicant 220250093
2026-09-05 18:43:19,543 [INFO] Retrieved 50 discussions via portal session for applicant 25156187
2026-09-05 18:43:19,884 [INFO] Retrieved 1 Sales Center opportunities via portal for applicant 25156187
2026-09-05 18:43:20,148 [INFO] Retrieved 50 discussions via portal session for applicant 25721447
2026-09-05 18:43:20,472 [INFO] Retrieved 4 Sales Center opportunities via portal for applicant 25721447
2026-09-05 18:43:20,767 [INFO] Retrieved 50 discussions via portal session for applicant 26042781
2026-09-05 18:43:21,086 [INFO] Retrieved 2 Sales Center opportunities via portal for applicant 26042781
2026-09-05 18:43:21,374 [INFO] Retrieved 50 discussions via portal session for applicant 35209713
2026-09-05 18:43:21,867 [INFO] Retrieved 1 Sales Center opportunities via portal for applicant 35209713
2026-09-05 18:43:22,088 [INFO] Retrieved 50 discussions via portal session for applicant 54893172
2026-09-05 18:43:22,413 [INFO] Retrieved 7 Sales Center opportunities via portal for applicant 54893172
2026-09-05 18:43:22,655 [INFO] Retrieved 50 discussions via portal session for applicant 58768907
2026-09-05 18:43:23,010 [INFO] Retrieved 1 Sales Center opportunities via portal for applicant 58768907
2026-09-05 18:43:23,300 [INFO] Retrieved 50 discussions via portal session for applicant 58866127
2026-09-05 18:43:23,639 [INFO] Retrieved 1 Sales Center opportunities via portal for applicant 58866127
2026-09-05 18:43:23,865 [INFO] Retrieved 50 discussions via portal session for applicant 76858853
2026-09-05 18:43:24,203 [INFO] Retrieved 2 Sales Center opportunities via portal for applicant 76858853
2026-09-05 18:43:24,479 [INFO] Retrieved 50 discussions via portal session for applicant 79002334
2026-09-05 18:43:24,809 [INFO] Retrieved 1 Sales Center opportunities via portal for applicant 79002334
2026-09-05 18:43:25,086 [INFO] Retrieved 50 discussions via portal session for applicant 83571357
2026-09-05 18:43:25,800 [INFO] Retrieved 50 discussions via portal session for applicant 84705043
2026-09-05 18:43:26,145 [INFO] Retrieved 1 Sales Center opportunities via portal for applicant 84705043
2026-09-05 18:43:26,389 [INFO] Retrieved 50 discussions via portal session for applicant 95254866
2026-09-05 18:43:27,137 [INFO] Retrieved 50 discussions via portal session for applicant 99055770
2026-09-05 18:43:27,451 [INFO] Retrieved 1 Sales Center opportunities via portal for applicant 99055770
2026-09-05 18:43:27,701 [INFO] Retrieved 50 discussions via portal session for applicant 99340932
2026-09-05 18:43:28,035 [INFO] Retrieved 1 Sales Center opportunities via portal for applicant 99340932
{
  "applicants_scanned": 39,
  "applicant_ids": [
    "102351931",
    "143979332",
    "144897143",
    "145217363",
    "145834411",
    "148235525",
    "150751441",
    "151382204",
    "151445306",
    "157388228",
    "163863318",
    "173838508",
    "186333470",
    "193438339",
    "196126698",
    "196851140",
    "197389903",
    "197891661",
    "197895504",
    "198604342",
    "198908859",
    "199797602",
    "21587333",
    "21588091",
    "220250093",
    "25156187",
    "25721447",
    "26042781",
    "35209713",
    "54893172",
    "58768907",
    "58866127",
    "76858853",
    "79002334",
    "83571357",
    "84705043",
    "95254866",
    "99055770",
    "99340932"
  ],
  "dispatched": [],
  "errors": [],
  "dry_run": false
}
2026-09-05T18:43:28+00:00 finish robie call label watch rc=0
2026-09-05T18:48:01+00:00 start robie call label watch timeout=90s extra=
2026-09-05 18:48:02,589 [INFO] Retrieved 50 discussions via portal session for applicant 102351931
2026-09-05 18:48:03,122 [INFO] Successfully authenticated with Classic EZLynx API (EZToken issued).
2026-09-05 18:48:03,454 [INFO] Retrieved 1 Sales Center opportunities via portal for applicant 102351931
2026-09-05 18:48:03,724 [INFO] Retrieved 50 discussions via portal session for applicant 143979332
2026-09-05 18:48:04,465 [INFO] Retrieved 50 discussions via portal session for applicant 144897143
2026-09-05 18:48:04,810 [INFO] Retrieved 1 Sales Center opportunities via portal for applicant 144897143
2026-09-05 18:48:05,075 [INFO] Retrieved 50 discussions via portal session for applicant 145217363
2026-09-05 18:48:05,418 [INFO] Retrieved 1 Sales Center opportunities via portal for applicant 145217363
2026-09-05 18:48:05,654 [INFO] Retrieved 50 discussions via portal session for applicant 145834411
2026-09-05 18:48:05,991 [INFO] Retrieved 1 Sales Center opportunities via portal for applicant 145834411
2026-09-05 18:48:06,208 [INFO] Retrieved 50 discussions via portal session for applicant 148235525
2026-09-05 18:48:06,540 [INFO] Retrieved 2 Sales Center opportunities via portal for applicant 148235525
2026-09-05 18:48:06,816 [INFO] Retrieved 50 discussions via portal session for applicant 150751441
2026-09-05 18:48:07,136 [INFO] Retrieved 1 Sales Center opportunities via portal for applicant 150751441
2026-09-05 18:48:07,461 [INFO] Retrieved 50 discussions via portal session for applicant 151382204
2026-09-05 18:48:07,786 [INFO] Retrieved 1 Sales Center opportunities via portal for applicant 151382204
2026-09-05 18:48:08,094 [INFO] Retrieved 50 discussions via portal session for applicant 151445306
2026-09-05 18:48:08,418 [INFO] Retrieved 2 Sales Center opportunities via portal for applicant 151445306
2026-09-05 18:48:08,660 [INFO] Retrieved 50 discussions via portal session for applicant 157388228
2026-09-05 18:48:09,019 [INFO] Retrieved 1 Sales Center opportunities via portal for applicant 157388228
2026-09-05 18:48:09,300 [INFO] Retrieved 50 discussions via portal session for applicant 163863318
2026-09-05 18:48:09,655 [INFO] Retrieved 1 Sales Center opportunities via portal for applicant 163863318
2026-09-05 18:48:09,909 [INFO] Retrieved 50 discussions via portal session for applicant 173838508
2026-09-05 18:48:10,257 [INFO] Retrieved 1 Sales Center opportunities via portal for applicant 173838508
2026-09-05 18:48:10,506 [INFO] Retrieved 50 discussions via portal session for applicant 186333470
2026-09-05 18:48:10,818 [INFO] Retrieved 2 Sales Center opportunities via portal for applicant 186333470
2026-09-05 18:48:11,057 [INFO] Retrieved 50 discussions via portal session for applicant 193438339
2026-09-05 18:48:11,386 [INFO] Retrieved 1 Sales Center opportunities via portal for applicant 193438339
2026-09-05 18:48:11,664 [INFO] Retrieved 27 discussions via portal session for applicant 196126698
2026-09-05 18:48:12,008 [INFO] Retrieved 1 Sales Center opportunities via portal for applicant 196126698
2026-09-05 18:48:12,229 [INFO] Retrieved 50 discussions via portal session for applicant 196851140
2026-09-05 18:48:12,567 [INFO] Retrieved 1 Sales Center opportunities via portal for applicant 196851140
2026-09-05 18:48:12,817 [INFO] Retrieved 50 discussions via portal session for applicant 197389903
2026-09-05 18:48:13,140 [INFO] Retrieved 1 Sales Center opportunities via portal for applicant 197389903
2026-09-05 18:48:13,403 [INFO] Retrieved 50 discussions via portal session for applicant 197891661
2026-09-05 18:48:13,738 [INFO] Retrieved 1 Sales Center opportunities via portal for applicant 197891661
2026-09-05 18:48:13,983 [INFO] Retrieved 50 discussions via portal session for applicant 197895504
2026-09-05 18:48:14,311 [INFO] Retrieved 1 Sales Center opportunities via portal for applicant 197895504
2026-09-05 18:48:14,532 [INFO] Retrieved 50 discussions via portal session for applicant 198604342
2026-09-05 18:48:14,846 [INFO] Retrieved 2 Sales Center opportunities via portal for applicant 198604342
2026-09-05 18:48:15,136 [INFO] Retrieved 50 discussions via portal session for applicant 198908859
2026-09-05 18:48:15,459 [INFO] Retrieved 1 Sales Center opportunities via portal for applicant 198908859
2026-09-05 18:48:15,751 [INFO] Retrieved 50 discussions via portal session for applicant 199797602
2026-09-05 18:48:16,065 [INFO] Retrieved 1 Sales Center opportunities via portal for applicant 199797602
2026-09-05 18:48:16,330 [INFO] Retrieved 50 discussions via portal session for applicant 21587333
2026-09-05 18:48:16,652 [INFO] Retrieved 2 Sales Center opportunities via portal for applicant 21587333
2026-09-05 18:48:16,894 [INFO] Retrieved 50 discussions via portal session for applicant 21588091
2026-09-05 18:48:17,233 [INFO] Retrieved 1 Sales Center opportunities via portal for applicant 21588091
2026-09-05 18:48:17,475 [INFO] Retrieved 23 discussions via portal session for applicant 220250093
2026-09-05 18:48:17,834 [INFO] Retrieved 1 Sales Center opportunities via portal for applicant 220250093
2026-09-05 18:48:18,057 [INFO] Retrieved 50 discussions via portal session for applicant 25156187
2026-09-05 18:48:18,371 [INFO] Retrieved 1 Sales Center opportunities via portal for applicant 25156187
2026-09-05 18:48:18,634 [INFO] Retrieved 50 discussions via portal session for applicant 25721447
2026-09-05 18:48:18,961 [INFO] Retrieved 4 Sales Center opportunities via portal for applicant 25721447
2026-09-05 18:48:19,228 [INFO] Retrieved 50 discussions via portal session for applicant 26042781
2026-09-05 18:48:19,553 [INFO] Retrieved 2 Sales Center opportunities via portal for applicant 26042781
2026-09-05 18:48:19,861 [INFO] Retrieved 50 discussions via portal session for applicant 35209713
2026-09-05 18:48:20,192 [INFO] Retrieved 1 Sales Center opportunities via portal for applicant 35209713
2026-09-05 18:48:20,402 [INFO] Retrieved 50 discussions via portal session for applicant 54893172
2026-09-05 18:48:20,757 [INFO] Retrieved 7 Sales Center opportunities via portal for applicant 54893172
2026-09-05 18:48:21,035 [INFO] Retrieved 50 discussions via portal session for applicant 58768907
2026-09-05 18:48:21,351 [INFO] Retrieved 1 Sales Center opportunities via portal for applicant 58768907
2026-09-05 18:48:21,666 [INFO] Retrieved 50 discussions via portal session for applicant 58866127
2026-09-05 18:48:21,995 [INFO] Retrieved 1 Sales Center opportunities via portal for applicant 58866127
2026-09-05 18:48:22,244 [INFO] Retrieved 50 discussions via portal session for applicant 76858853
2026-09-05 18:48:22,567 [INFO] Retrieved 2 Sales Center opportunities via portal for applicant 76858853
2026-09-05 18:48:22,804 [INFO] Retrieved 50 discussions via portal session for applicant 79002334
2026-09-05 18:48:23,123 [INFO] Retrieved 1 Sales Center opportunities via portal for applicant 79002334
2026-09-05 18:48:23,347 [INFO] Retrieved 50 discussions via portal session for applicant 83571357
2026-09-05 18:48:24,052 [INFO] Retrieved 50 discussions via portal session for applicant 84705043
2026-09-05 18:48:24,370 [INFO] Retrieved 1 Sales Center opportunities via portal for applicant 84705043
2026-09-05 18:48:24,637 [INFO] Retrieved 50 discussions via portal session for applicant 95254866
2026-09-05 18:48:25,467 [INFO] Retrieved 50 discussions via portal session for applicant 99055770
2026-09-05 18:48:25,774 [INFO] Retrieved 1 Sales Center opportunities via portal for applicant 99055770
2026-09-05 18:48:26,028 [INFO] Retrieved 50 discussions via portal session for applicant 99340932
2026-09-05 18:48:26,359 [INFO] Retrieved 1 Sales Center opportunities via portal for applicant 99340932
{
  "applicants_scanned": 39,
  "applicant_ids": [
    "102351931",
    "143979332",
    "144897143",
    "145217363",
    "145834411",
    "148235525",
    "150751441",
    "151382204",
    "151445306",
    "157388228",
    "163863318",
    "173838508",
    "186333470",
    "193438339",
    "196126698",
    "196851140",
    "197389903",
    "197891661",
    "197895504",
    "198604342",
    "198908859",
    "199797602",
    "21587333",
    "21588091",
    "220250093",
    "25156187",
    "25721447",
    "26042781",
    "35209713",
    "54893172",
    "58768907",
    "58866127",
    "76858853",
    "79002334",
    "83571357",
    "84705043",
    "95254866",
    "99055770",
    "99340932"
  ],
  "dispatched": [],
  "errors": [],
  "dry_run": false
}
2026-09-05T18:48:26+00:00 finish robie call label watch rc=0
2026-09-05T18:53:01+00:00 start robie call label watch timeout=90s extra=
2026-09-05 18:53:02,911 [INFO] Retrieved 50 discussions via portal session for applicant 102351931
2026-09-05 18:53:03,444 [INFO] Successfully authenticated with Classic EZLynx API (EZToken issued).
2026-09-05 18:53:03,762 [INFO] Retrieved 1 Sales Center opportunities via portal for applicant 102351931
2026-09-05 18:53:04,015 [INFO] Retrieved 50 discussions via portal session for applicant 143979332
2026-09-05 18:53:04,788 [INFO] Retrieved 50 discussions via portal session for applicant 144897143
2026-09-05 18:53:05,106 [INFO] Retrieved 1 Sales Center opportunities via portal for applicant 144897143
2026-09-05 18:53:05,360 [INFO] Retrieved 50 discussions via portal session for applicant 145217363
2026-09-05 18:53:05,691 [INFO] Retrieved 1 Sales Center opportunities via portal for applicant 145217363
2026-09-05 18:53:05,942 [INFO] Retrieved 50 discussions via portal session for applicant 145834411
2026-09-05 18:53:06,256 [INFO] Retrieved 1 Sales Center opportunities via portal for applicant 145834411
2026-09-05 18:53:06,471 [INFO] Retrieved 50 discussions via portal session for applicant 148235525
2026-09-05 18:53:06,835 [INFO] Retrieved 2 Sales Center opportunities via portal for applicant 148235525
2026-09-05 18:53:07,089 [INFO] Retrieved 50 discussions via portal session for applicant 150751441
2026-09-05 18:53:07,405 [INFO] Retrieved 1 Sales Center opportunities via portal for applicant 150751441
2026-09-05 18:53:07,689 [INFO] Retrieved 50 discussions via portal session for applicant 151382204
2026-09-05 18:53:08,007 [INFO] Retrieved 1 Sales Center opportunities via portal for applicant 151382204
2026-09-05 18:53:08,349 [INFO] Retrieved 50 discussions via portal session for applicant 151445306
2026-09-05 18:53:08,705 [INFO] Retrieved 2 Sales Center opportunities via portal for applicant 151445306
2026-09-05 18:53:08,939 [INFO] Retrieved 50 discussions via portal session for applicant 157388228
2026-09-05 18:53:09,284 [INFO] Retrieved 1 Sales Center opportunities via portal for applicant 157388228
2026-09-05 18:53:09,576 [INFO] Retrieved 50 discussions via portal session for applicant 163863318
2026-09-05 18:53:09,902 [INFO] Retrieved 1 Sales Center opportunities via portal for applicant 163863318
2026-09-05 18:53:10,145 [INFO] Retrieved 50 discussions via portal session for applicant 173838508
2026-09-05 18:53:10,480 [INFO] Retrieved 1 Sales Center opportunities via portal for applicant 173838508
2026-09-05 18:53:10,756 [INFO] Retrieved 50 discussions via portal session for applicant 186333470
2026-09-05 18:53:11,083 [INFO] Retrieved 2 Sales Center opportunities via portal for applicant 186333470
2026-09-05 18:53:11,314 [INFO] Retrieved 50 discussions via portal session for applicant 193438339
2026-09-05 18:53:11,659 [INFO] Retrieved 1 Sales Center opportunities via portal for applicant 193438339
2026-09-05 18:53:11,943 [INFO] Retrieved 27 discussions via portal session for applicant 196126698
2026-09-05 18:53:12,265 [INFO] Retrieved 1 Sales Center opportunities via portal for applicant 196126698
2026-09-05 18:53:12,518 [INFO] Retrieved 50 discussions via portal session for applicant 196851140
2026-09-05 18:53:12,880 [INFO] Retrieved 1 Sales Center opportunities via portal for applicant 196851140
2026-09-05 18:53:13,118 [INFO] Retrieved 50 discussions via portal session for applicant 197389903
2026-09-05 18:53:13,442 [INFO] Retrieved 1 Sales Center opportunities via portal for applicant 197389903
2026-09-05 18:53:13,684 [INFO] Retrieved 50 discussions via portal session for applicant 197891661
2026-09-05 18:53:14,003 [INFO] Retrieved 1 Sales Center opportunities via portal for applicant 197891661
2026-09-05 18:53:14,307 [INFO] Retrieved 50 discussions via portal session for applicant 197895504
2026-09-05 18:53:14,649 [INFO] Retrieved 1 Sales Center opportunities via portal for applicant 197895504
2026-09-05 18:53:14,901 [INFO] Retrieved 50 discussions via portal session for applicant 198604342
2026-09-05 18:53:15,227 [INFO] Retrieved 2 Sales Center opportunities via portal for applicant 198604342
2026-09-05 18:53:15,499 [INFO] Retrieved 50 discussions via portal session for applicant 198908859
2026-09-05 18:53:15,864 [INFO] Retrieved 1 Sales Center opportunities via portal for applicant 198908859
2026-09-05 18:53:16,125 [INFO] Retrieved 50 discussions via portal session for applicant 199797602
2026-09-05 18:53:16,444 [INFO] Retrieved 1 Sales Center opportunities via portal for applicant 199797602
2026-09-05 18:53:16,749 [INFO] Retrieved 50 discussions via portal session for applicant 21587333
2026-09-05 18:53:17,062 [INFO] Retrieved 2 Sales Center opportunities via portal for applicant 21587333
2026-09-05 18:53:17,322 [INFO] Retrieved 50 discussions via portal session for applicant 21588091
2026-09-05 18:53:17,670 [INFO] Retrieved 1 Sales Center opportunities via portal for applicant 21588091
2026-09-05 18:53:17,915 [INFO] Retrieved 23 discussions via portal session for applicant 220250093
2026-09-05 18:53:18,242 [INFO] Retrieved 1 Sales Center opportunities via portal for applicant 220250093
2026-09-05 18:53:18,450 [INFO] Retrieved 50 discussions via portal session for applicant 25156187
2026-09-05 18:53:18,785 [INFO] Retrieved 1 Sales Center opportunities via portal for applicant 25156187
2026-09-05 18:53:19,070 [INFO] Retrieved 50 discussions via portal session for applicant 25721447
2026-09-05 18:53:19,407 [INFO] Retrieved 4 Sales Center opportunities via portal for applicant 25721447
2026-09-05 18:53:19,720 [INFO] Retrieved 50 discussions via portal session for applicant 26042781
2026-09-05 18:53:20,098 [INFO] Retrieved 2 Sales Center opportunities via portal for applicant 26042781
2026-09-05 18:53:20,420 [INFO] Retrieved 50 discussions via portal session for applicant 35209713
2026-09-05 18:53:20,743 [INFO] Retrieved 1 Sales Center opportunities via portal for applicant 35209713
2026-09-05 18:53:20,965 [INFO] Retrieved 50 discussions via portal session for applicant 54893172
2026-09-05 18:53:21,290 [INFO] Retrieved 7 Sales Center opportunities via portal for applicant 54893172
2026-09-05 18:53:21,577 [INFO] Retrieved 50 discussions via portal session for applicant 58768907
2026-09-05 18:53:21,911 [INFO] Retrieved 1 Sales Center opportunities via portal for applicant 58768907
2026-09-05 18:53:22,184 [INFO] Retrieved 50 discussions via portal session for applicant 58866127
2026-09-05 18:53:22,498 [INFO] Retrieved 1 Sales Center opportunities via portal for applicant 58866127
2026-09-05 18:53:22,764 [INFO] Retrieved 50 discussions via portal session for applicant 76858853
2026-09-05 18:53:23,115 [INFO] Retrieved 2 Sales Center opportunities via portal for applicant 76858853
2026-09-05 18:53:23,369 [INFO] Retrieved 50 discussions via portal session for applicant 79002334
2026-09-05 18:53:23,718 [INFO] Retrieved 1 Sales Center opportunities via portal for applicant 79002334
2026-09-05 18:53:23,943 [INFO] Retrieved 50 discussions via portal session for applicant 83571357
2026-09-05 18:53:24,705 [INFO] Retrieved 50 discussions via portal session for applicant 84705043
2026-09-05 18:53:25,031 [INFO] Retrieved 1 Sales Center opportunities via portal for applicant 84705043
2026-09-05 18:53:32,470 [INFO] Retrieved 50 discussions via portal session for applicant 95254866
2026-09-05 18:53:33,277 [INFO] Retrieved 50 discussions via portal session for applicant 99055770
2026-09-05 18:53:33,594 [INFO] Retrieved 1 Sales Center opportunities via portal for applicant 99055770
2026-09-05 18:53:33,822 [INFO] Retrieved 50 discussions via portal session for applicant 99340932
2026-09-05 18:53:34,134 [INFO] Retrieved 1 Sales Center opportunities via portal for applicant 99340932
{
  "applicants_scanned": 39,
  "applicant_ids": [
    "102351931",
    "143979332",
    "144897143",
    "145217363",
    "145834411",
    "148235525",
    "150751441",
    "151382204",
    "151445306",
    "157388228",
    "163863318",
    "173838508",
    "186333470",
    "193438339",
    "196126698",
    "196851140",
    "197389903",
    "197891661",
    "197895504",
    "198604342",
    "198908859",
    "199797602",
    "21587333",
    "21588091",
    "220250093",
    "25156187",
    "25721447",
    "26042781",
    "35209713",
    "54893172",
    "58768907",
    "58866127",
    "76858853",
    "79002334",
    "83571357",
    "84705043",
    "95254866",
    "99055770",
    "99340932"
  ],
  "dispatched": [],
  "errors": [],
  "dry_run": false
}
2026-09-05T18:53:34+00:00 finish robie call label watch rc=0
2026-09-05T18:58:01+00:00 start robie call label watch timeout=90s extra=
2026-09-05 18:58:02,563 [INFO] Retrieved 50 discussions via portal session for applicant 102351931
2026-09-05 18:58:03,080 [INFO] Successfully authenticated with Classic EZLynx API (EZToken issued).
2026-09-05 18:58:03,411 [INFO] Retrieved 1 Sales Center opportunities via portal for applicant 102351931
2026-09-05 18:58:03,656 [INFO] Retrieved 50 discussions via portal session for applicant 143979332
2026-09-05 18:58:04,433 [INFO] Retrieved 50 discussions via portal session for applicant 144897143
2026-09-05 18:58:04,833 [INFO] Retrieved 1 Sales Center opportunities via portal for applicant 144897143
2026-09-05 18:58:05,062 [INFO] Retrieved 50 discussions via portal session for applicant 145217363
2026-09-05 18:58:05,377 [INFO] Retrieved 1 Sales Center opportunities via portal for applicant 145217363
2026-09-05 18:58:05,643 [INFO] Retrieved 50 discussions via portal session for applicant 145834411
2026-09-05 18:58:05,961 [INFO] Retrieved 1 Sales Center opportunities via portal for applicant 145834411
2026-09-05 18:58:06,241 [INFO] Retrieved 50 discussions via portal session for applicant 148235525
2026-09-05 18:58:06,573 [INFO] Retrieved 2 Sales Center opportunities via portal for applicant 148235525
2026-09-05 18:58:06,852 [INFO] Retrieved 50 discussions via portal session for applicant 150751441
2026-09-05 18:58:07,171 [INFO] Retrieved 1 Sales Center opportunities via portal for applicant 150751441
2026-09-05 18:58:07,477 [INFO] Retrieved 50 discussions via portal session for applicant 151382204
2026-09-05 18:58:07,800 [INFO] Retrieved 1 Sales Center opportunities via portal for applicant 151382204
2026-09-05 18:58:08,087 [INFO] Retrieved 50 discussions via portal session for applicant 151445306
2026-09-05 18:58:08,413 [INFO] Retrieved 2 Sales Center opportunities via portal for applicant 151445306
2026-09-05 18:58:08,709 [INFO] Retrieved 50 discussions via portal session for applicant 157388228
2026-09-05 18:58:09,033 [INFO] Retrieved 1 Sales Center opportunities via portal for applicant 157388228
2026-09-05 18:58:09,334 [INFO] Retrieved 50 discussions via portal session for applicant 163863318
2026-09-05 18:58:09,677 [INFO] Retrieved 1 Sales Center opportunities via portal for applicant 163863318
2026-09-05 18:58:09,929 [INFO] Retrieved 50 discussions via portal session for applicant 173838508
2026-09-05 18:58:10,263 [INFO] Retrieved 1 Sales Center opportunities via portal for applicant 173838508
2026-09-05 18:58:10,480 [INFO] Retrieved 50 discussions via portal session for applicant 186333470
2026-09-05 18:58:10,809 [INFO] Retrieved 2 Sales Center opportunities via portal for applicant 186333470
2026-09-05 18:58:11,066 [INFO] Retrieved 50 discussions via portal session for applicant 193438339
2026-09-05 18:58:11,399 [INFO] Retrieved 1 Sales Center opportunities via portal for applicant 193438339
2026-09-05 18:58:11,662 [INFO] Retrieved 27 discussions via portal session for applicant 196126698
2026-09-05 18:58:11,999 [INFO] Retrieved 1 Sales Center opportunities via portal for applicant 196126698
2026-09-05 18:58:12,243 [INFO] Retrieved 50 discussions via portal session for applicant 196851140
2026-09-05 18:58:12,559 [INFO] Retrieved 1 Sales Center opportunities via portal for applicant 196851140
2026-09-05 18:58:12,780 [INFO] Retrieved 50 discussions via portal session for applicant 197389903
2026-09-05 18:58:13,108 [INFO] Retrieved 1 Sales Center opportunities via portal for applicant 197389903
2026-09-05 18:58:13,378 [INFO] Retrieved 50 discussions via portal session for applicant 197891661
2026-09-05 18:58:13,714 [INFO] Retrieved 1 Sales Center opportunities via portal for applicant 197891661
2026-09-05 18:58:14,004 [INFO] Retrieved 50 discussions via portal session for applicant 197895504
2026-09-05 18:58:14,311 [INFO] Retrieved 1 Sales Center opportunities via portal for applicant 197895504
2026-09-05 18:58:14,536 [INFO] Retrieved 50 discussions via portal session for applicant 198604342
2026-09-05 18:58:14,862 [INFO] Retrieved 2 Sales Center opportunities via portal for applicant 198604342
2026-09-05 18:58:15,134 [INFO] Retrieved 50 discussions via portal session for applicant 198908859
2026-09-05 18:58:15,458 [INFO] Retrieved 1 Sales Center opportunities via portal for applicant 198908859
2026-09-05 18:58:15,771 [INFO] Retrieved 50 discussions via portal session for applicant 199797602
2026-09-05 18:58:16,104 [INFO] Retrieved 1 Sales Center opportunities via portal for applicant 199797602
2026-09-05 18:58:17,003 [INFO] Retrieved 50 discussions via portal session for applicant 21587333
2026-09-05 18:58:17,321 [INFO] Retrieved 2 Sales Center opportunities via portal for applicant 21587333
2026-09-05 18:58:17,629 [INFO] Retrieved 50 discussions via portal session for applicant 21588091
2026-09-05 18:58:17,955 [INFO] Retrieved 1 Sales Center opportunities via portal for applicant 21588091
2026-09-05 18:58:18,226 [INFO] Retrieved 23 discussions via portal session for applicant 220250093
2026-09-05 18:58:18,592 [INFO] Retrieved 1 Sales Center opportunities via portal for applicant 220250093
2026-09-05 18:58:18,800 [INFO] Retrieved 50 discussions via portal session for applicant 25156187
2026-09-05 18:58:19,139 [INFO] Retrieved 1 Sales Center opportunities via portal for applicant 25156187
2026-09-05 18:58:19,453 [INFO] Retrieved 50 discussions via portal session for applicant 25721447
2026-09-05 18:58:19,791 [INFO] Retrieved 4 Sales Center opportunities via portal for applicant 25721447
2026-09-05 18:58:20,121 [INFO] Retrieved 50 discussions via portal session for applicant 26042781
2026-09-05 18:58:20,488 [INFO] Retrieved 2 Sales Center opportunities via portal for applicant 26042781
2026-09-05 18:58:20,789 [INFO] Retrieved 50 discussions via portal session for applicant 35209713
2026-09-05 18:58:21,116 [INFO] Retrieved 1 Sales Center opportunities via portal for applicant 35209713
2026-09-05 18:58:21,358 [INFO] Retrieved 50 discussions via portal session for applicant 54893172
2026-09-05 18:58:21,683 [INFO] Retrieved 7 Sales Center opportunities via portal for applicant 54893172
2026-09-05 18:58:21,948 [INFO] Retrieved 50 discussions via portal session for applicant 58768907
2026-09-05 18:58:22,289 [INFO] Retrieved 1 Sales Center opportunities via portal for applicant 58768907
2026-09-05 18:58:22,604 [INFO] Retrieved 50 discussions via portal session for applicant 58866127
2026-09-05 18:58:22,926 [INFO] Retrieved 1 Sales Center opportunities via portal for applicant 58866127
2026-09-05 18:58:23,171 [INFO] Retrieved 50 discussions via portal session for applicant 76858853
2026-09-05 18:58:23,517 [INFO] Retrieved 2 Sales Center opportunities via portal for applicant 76858853
2026-09-05 18:58:23,827 [INFO] Retrieved 50 discussions via portal session for applicant 79002334
2026-09-05 18:58:24,152 [INFO] Retrieved 1 Sales Center opportunities via portal for applicant 79002334
2026-09-05 18:58:24,413 [INFO] Retrieved 50 discussions via portal session for applicant 83571357
2026-09-05 18:58:25,151 [INFO] Retrieved 50 discussions via portal session for applicant 84705043
2026-09-05 18:58:25,489 [INFO] Retrieved 1 Sales Center opportunities via portal for applicant 84705043
2026-09-05 18:58:25,733 [INFO] Retrieved 50 discussions via portal session for applicant 95254866
2026-09-05 18:58:26,536 [INFO] Retrieved 50 discussions via portal session for applicant 99055770
2026-09-05 18:58:26,864 [INFO] Retrieved 1 Sales Center opportunities via portal for applicant 99055770
2026-09-05 18:58:27,122 [INFO] Retrieved 50 discussions via portal session for applicant 99340932
2026-09-05 18:58:35,455 [INFO] Retrieved 1 Sales Center opportunities via portal for applicant 99340932
{
  "applicants_scanned": 39,
  "applicant_ids": [
    "102351931",
    "143979332",
    "144897143",
    "145217363",
    "145834411",
    "148235525",
    "150751441",
    "151382204",
    "151445306",
    "157388228",
    "163863318",
    "173838508",
    "186333470",
    "193438339",
    "196126698",
    "196851140",
    "197389903",
    "197891661",
    "197895504",
    "198604342",
    "198908859",
    "199797602",
    "21587333",
    "21588091",
    "220250093",
    "25156187",
    "25721447",
    "26042781",
    "35209713",
    "54893172",
    "58768907",
    "58866127",
    "76858853",
    "79002334",
    "83571357",
    "84705043",
    "95254866",
    "99055770",
    "99340932"
  ],
  "dispatched": [],
  "errors": [],
  "dry_run": false
}
2026-09-05T18:58:35+00:00 finish robie call label watch rc=0
2026-09-05T19:03:01+00:00 start robie call label watch timeout=90s extra=
2026-09-05 19:03:02,879 [INFO] Retrieved 50 discussions via portal session for applicant 102351931
2026-09-05 19:03:03,418 [INFO] Successfully authenticated with Classic EZLynx API (EZToken issued).
2026-09-05 19:03:03,766 [INFO] Retrieved 1 Sales Center opportunities via portal for applicant 102351931
2026-09-05 19:03:04,024 [INFO] Retrieved 50 discussions via portal session for applicant 143979332
2026-09-05 19:03:04,728 [INFO] Retrieved 50 discussions via portal session for applicant 144897143
2026-09-05 19:03:05,082 [INFO] Retrieved 1 Sales Center opportunities via portal for applicant 144897143
2026-09-05 19:03:05,354 [INFO] Retrieved 50 discussions via portal session for applicant 145217363
2026-09-05 19:03:05,665 [INFO] Retrieved 1 Sales Center opportunities via portal for applicant 145217363
2026-09-05 19:03:05,893 [INFO] Retrieved 50 discussions via portal session for applicant 145834411
2026-09-05 19:03:06,242 [INFO] Retrieved 1 Sales Center opportunities via portal for applicant 145834411
2026-09-05 19:03:06,452 [INFO] Retrieved 50 discussions via portal session for applicant 148235525
2026-09-05 19:03:06,770 [INFO] Retrieved 2 Sales Center opportunities via portal for applicant 148235525
2026-09-05 19:03:07,042 [INFO] Retrieved 50 discussions via portal session for applicant 150751441
2026-09-05 19:03:07,371 [INFO] Retrieved 1 Sales Center opportunities via portal for applicant 150751441
2026-09-05 19:03:07,663 [INFO] Retrieved 50 discussions via portal session for applicant 151382204
2026-09-05 19:03:08,042 [INFO] Retrieved 1 Sales Center opportunities via portal for applicant 151382204
2026-09-05 19:03:08,297 [INFO] Retrieved 50 discussions via portal session for applicant 151445306
2026-09-05 19:03:08,623 [INFO] Retrieved 2 Sales Center opportunities via portal for applicant 151445306
2026-09-05 19:03:08,880 [INFO] Retrieved 50 discussions via portal session for applicant 157388228
2026-09-05 19:03:09,201 [INFO] Retrieved 1 Sales Center opportunities via portal for applicant 157388228
2026-09-05 19:03:09,477 [INFO] Retrieved 50 discussions via portal session for applicant 163863318
2026-09-05 19:03:09,802 [INFO] Retrieved 1 Sales Center opportunities via portal for applicant 163863318
2026-09-05 19:03:10,061 [INFO] Retrieved 50 discussions via portal session for applicant 173838508
2026-09-05 19:03:10,422 [INFO] Retrieved 1 Sales Center opportunities via portal for applicant 173838508
2026-09-05 19:03:10,669 [INFO] Retrieved 50 discussions via portal session for applicant 186333470
2026-09-05 19:03:11,011 [INFO] Retrieved 2 Sales Center opportunities via portal for applicant 186333470
2026-09-05 19:03:11,337 [INFO] Retrieved 50 discussions via portal session for applicant 193438339
2026-09-05 19:03:11,674 [INFO] Retrieved 1 Sales Center opportunities via portal for applicant 193438339
2026-09-05 19:03:11,908 [INFO] Retrieved 27 discussions via portal session for applicant 196126698
2026-09-05 19:03:12,230 [INFO] Retrieved 1 Sales Center opportunities via portal for applicant 196126698
2026-09-05 19:03:12,437 [INFO] Retrieved 50 discussions via portal session for applicant 196851140
2026-09-05 19:03:12,806 [INFO] Retrieved 1 Sales Center opportunities via portal for applicant 196851140
2026-09-05 19:03:13,010 [INFO] Retrieved 50 discussions via portal session for applicant 197389903
2026-09-05 19:03:13,327 [INFO] Retrieved 1 Sales Center opportunities via portal for applicant 197389903
2026-09-05 19:03:13,549 [INFO] Retrieved 50 discussions via portal session for applicant 197891661
2026-09-05 19:03:13,873 [INFO] Retrieved 1 Sales Center opportunities via portal for applicant 197891661
2026-09-05 19:03:14,165 [INFO] Retrieved 50 discussions via portal session for applicant 197895504
2026-09-05 19:03:14,484 [INFO] Retrieved 1 Sales Center opportunities via portal for applicant 197895504
2026-09-05 19:03:14,738 [INFO] Retrieved 50 discussions via portal session for applicant 198604342
2026-09-05 19:03:15,107 [INFO] Retrieved 2 Sales Center opportunities via portal for applicant 198604342
2026-09-05 19:03:15,384 [INFO] Retrieved 50 discussions via portal session for applicant 198908859
2026-09-05 19:03:15,703 [INFO] Retrieved 1 Sales Center opportunities via portal for applicant 198908859
2026-09-05 19:03:15,963 [INFO] Retrieved 50 discussions via portal session for applicant 199797602
2026-09-05 19:03:16,292 [INFO] Retrieved 1 Sales Center opportunities via portal for applicant 199797602
2026-09-05 19:03:16,547 [INFO] Retrieved 50 discussions via portal session for applicant 21587333
2026-09-05 19:03:16,857 [INFO] Retrieved 2 Sales Center opportunities via portal for applicant 21587333
2026-09-05 19:03:17,098 [INFO] Retrieved 50 discussions via portal session for applicant 21588091
2026-09-05 19:03:17,434 [INFO] Retrieved 1 Sales Center opportunities via portal for applicant 21588091
2026-09-05 19:03:17,683 [INFO] Retrieved 23 discussions via portal session for applicant 220250093
2026-09-05 19:03:18,013 [INFO] Retrieved 1 Sales Center opportunities via portal for applicant 220250093
2026-09-05 19:03:18,232 [INFO] Retrieved 50 discussions via portal session for applicant 25156187
2026-09-05 19:03:18,542 [INFO] Retrieved 1 Sales Center opportunities via portal for applicant 25156187
2026-09-05 19:03:18,835 [INFO] Retrieved 50 discussions via portal session for applicant 25721447
2026-09-05 19:03:19,170 [INFO] Retrieved 4 Sales Center opportunities via portal for applicant 25721447
2026-09-05 19:03:19,440 [INFO] Retrieved 50 discussions via portal session for applicant 26042781
2026-09-05 19:03:19,833 [INFO] Retrieved 2 Sales Center opportunities via portal for applicant 26042781
2026-09-05 19:03:20,142 [INFO] Retrieved 50 discussions via portal session for applicant 35209713
2026-09-05 19:03:20,460 [INFO] Retrieved 1 Sales Center opportunities via portal for applicant 35209713
2026-09-05 19:03:20,738 [INFO] Retrieved 50 discussions via portal session for applicant 54893172
2026-09-05 19:03:21,066 [INFO] Retrieved 7 Sales Center opportunities via portal for applicant 54893172
2026-09-05 19:03:21,344 [INFO] Retrieved 50 discussions via portal session for applicant 58768907
2026-09-05 19:03:21,676 [INFO] Retrieved 1 Sales Center opportunities via portal for applicant 58768907
2026-09-05 19:03:21,975 [INFO] Retrieved 50 discussions via portal session for applicant 58866127
2026-09-05 19:03:22,352 [INFO] Retrieved 1 Sales Center opportunities via portal for applicant 58866127
2026-09-05 19:03:22,635 [INFO] Retrieved 50 discussions via portal session for applicant 76858853
2026-09-05 19:03:22,973 [INFO] Retrieved 2 Sales Center opportunities via portal for applicant 76858853
2026-09-05 19:03:23,208 [INFO] Retrieved 50 discussions via portal session for applicant 79002334
2026-09-05 19:03:23,537 [INFO] Retrieved 1 Sales Center opportunities via portal for applicant 79002334
2026-09-05 19:03:31,786 [INFO] Retrieved 50 discussions via portal session for applicant 83571357
2026-09-05 19:03:39,647 [INFO] Retrieved 50 discussions via portal session for applicant 84705043
2026-09-05 19:03:40,044 [INFO] Retrieved 1 Sales Center opportunities via portal for applicant 84705043
2026-09-05 19:03:40,269 [INFO] Retrieved 50 discussions via portal session for applicant 95254866
2026-09-05 19:03:41,097 [INFO] Retrieved 50 discussions via portal session for applicant 99055770
2026-09-05 19:03:41,408 [INFO] Retrieved 1 Sales Center opportunities via portal for applicant 99055770
2026-09-05 19:03:41,629 [INFO] Retrieved 50 discussions via portal session for applicant 99340932
2026-09-05 19:03:41,960 [INFO] Retrieved 1 Sales Center opportunities via portal for applicant 99340932
{
  "applicants_scanned": 39,
  "applicant_ids": [
    "102351931",
    "143979332",
    "144897143",
    "145217363",
    "145834411",
    "148235525",
    "150751441",
    "151382204",
    "151445306",
    "157388228",
    "163863318",
    "173838508",
    "186333470",
    "193438339",
    "196126698",
    "196851140",
    "197389903",
    "197891661",
    "197895504",
    "198604342",
    "198908859",
    "199797602",
    "21587333",
    "21588091",
    "220250093",
    "25156187",
    "25721447",
    "26042781",
    "35209713",
    "54893172",
    "58768907",
    "58866127",
    "76858853",
    "79002334",
    "83571357",
    "84705043",
    "95254866",
    "99055770",
    "99340932"
  ],
  "dispatched": [],
  "errors": [],
  "dry_run": false
}
2026-09-05T19:03:42+00:00 finish robie call label watch rc=0
2026-09-05T19:08:01+00:00 start robie call label watch timeout=90s extra=
2026-09-05 19:08:02,374 [INFO] Retrieved 50 discussions via portal session for applicant 102351931
2026-09-05 19:08:02,888 [INFO] Successfully authenticated with Classic EZLynx API (EZToken issued).
2026-09-05 19:08:03,218 [INFO] Retrieved 1 Sales Center opportunities via portal for applicant 102351931
2026-09-05 19:08:03,486 [INFO] Retrieved 50 discussions via portal session for applicant 143979332
2026-09-05 19:08:04,225 [INFO] Retrieved 50 discussions via portal session for applicant 144897143
2026-09-05 19:08:04,592 [INFO] Retrieved 1 Sales Center opportunities via portal for applicant 144897143
2026-09-05 19:08:04,866 [INFO] Retrieved 50 discussions via portal session for applicant 145217363
2026-09-05 19:08:05,185 [INFO] Retrieved 1 Sales Center opportunities via portal for applicant 145217363
2026-09-05 19:08:05,429 [INFO] Retrieved 50 discussions via portal session for applicant 145834411
2026-09-05 19:08:05,758 [INFO] Retrieved 1 Sales Center opportunities via portal for applicant 145834411
2026-09-05 19:08:05,996 [INFO] Retrieved 50 discussions via portal session for applicant 148235525
2026-09-05 19:08:06,324 [INFO] Retrieved 2 Sales Center opportunities via portal for applicant 148235525
2026-09-05 19:08:06,605 [INFO] Retrieved 50 discussions via portal session for applicant 150751441
2026-09-05 19:08:06,939 [INFO] Retrieved 1 Sales Center opportunities via portal for applicant 150751441
2026-09-05 19:08:07,287 [INFO] Retrieved 50 discussions via portal session for applicant 151382204
2026-09-05 19:08:07,613 [INFO] Retrieved 1 Sales Center opportunities via portal for applicant 151382204
2026-09-05 19:08:07,887 [INFO] Retrieved 50 discussions via portal session for applicant 151445306
2026-09-05 19:08:08,239 [INFO] Retrieved 2 Sales Center opportunities via portal for applicant 151445306
2026-09-05 19:08:08,492 [INFO] Retrieved 50 discussions via portal session for applicant 157388228
2026-09-05 19:08:08,818 [INFO] Retrieved 1 Sales Center opportunities via portal for applicant 157388228
2026-09-05 19:08:09,121 [INFO] Retrieved 50 discussions via portal session for applicant 163863318
2026-09-05 19:08:09,440 [INFO] Retrieved 1 Sales Center opportunities via portal for applicant 163863318
2026-09-05 19:08:09,663 [INFO] Retrieved 50 discussions via portal session for applicant 173838508
2026-09-05 19:08:09,976 [INFO] Retrieved 1 Sales Center opportunities via portal for applicant 173838508
2026-09-05 19:08:10,307 [INFO] Retrieved 50 discussions via portal session for applicant 186333470
2026-09-05 19:08:10,645 [INFO] Retrieved 2 Sales Center opportunities via portal for applicant 186333470
2026-09-05 19:08:10,924 [INFO] Retrieved 50 discussions via portal session for applicant 193438339
2026-09-05 19:08:11,252 [INFO] Retrieved 1 Sales Center opportunities via portal for applicant 193438339
2026-09-05 19:08:11,534 [INFO] Retrieved 27 discussions via portal session for applicant 196126698
2026-09-05 19:08:11,846 [INFO] Retrieved 1 Sales Center opportunities via portal for applicant 196126698
2026-09-05 19:08:12,071 [INFO] Retrieved 50 discussions via portal session for applicant 196851140
2026-09-05 19:08:12,409 [INFO] Retrieved 1 Sales Center opportunities via portal for applicant 196851140
2026-09-05 19:08:12,639 [INFO] Retrieved 50 discussions via portal session for applicant 197389903
2026-09-05 19:08:12,965 [INFO] Retrieved 1 Sales Center opportunities via portal for applicant 197389903
2026-09-05 19:08:13,174 [INFO] Retrieved 50 discussions via portal session for applicant 197891661
2026-09-05 19:08:13,497 [INFO] Retrieved 1 Sales Center opportunities via portal for applicant 197891661
2026-09-05 19:08:13,760 [INFO] Retrieved 50 discussions via portal session for applicant 197895504
2026-09-05 19:08:14,101 [INFO] Retrieved 1 Sales Center opportunities via portal for applicant 197895504
2026-09-05 19:08:14,370 [INFO] Retrieved 50 discussions via portal session for applicant 198604342
2026-09-05 19:08:14,732 [INFO] Retrieved 2 Sales Center opportunities via portal for applicant 198604342
2026-09-05 19:08:14,988 [INFO] Retrieved 50 discussions via portal session for applicant 198908859
2026-09-05 19:08:15,328 [INFO] Retrieved 1 Sales Center opportunities via portal for applicant 198908859
2026-09-05 19:08:15,588 [INFO] Retrieved 50 discussions via portal session for applicant 199797602
2026-09-05 19:08:16,125 [INFO] Retrieved 1 Sales Center opportunities via portal for applicant 199797602
2026-09-05 19:08:16,365 [INFO] Retrieved 50 discussions via portal session for applicant 21587333
2026-09-05 19:08:16,690 [INFO] Retrieved 2 Sales Center opportunities via portal for applicant 21587333
2026-09-05 19:08:16,963 [INFO] Retrieved 50 discussions via portal session for applicant 21588091
2026-09-05 19:08:17,289 [INFO] Retrieved 1 Sales Center opportunities via portal for applicant 21588091
2026-09-05 19:08:17,545 [INFO] Retrieved 23 discussions via portal session for applicant 220250093
2026-09-05 19:08:17,861 [INFO] Retrieved 1 Sales Center opportunities via portal for applicant 220250093
2026-09-05 19:08:18,098 [INFO] Retrieved 50 discussions via portal session for applicant 25156187
2026-09-05 19:08:18,445 [INFO] Retrieved 1 Sales Center opportunities via portal for applicant 25156187
2026-09-05 19:08:18,719 [INFO] Retrieved 50 discussions via portal session for applicant 25721447
2026-09-05 19:08:19,047 [INFO] Retrieved 4 Sales Center opportunities via portal for applicant 25721447
2026-09-05 19:08:19,325 [INFO] Retrieved 50 discussions via portal session for applicant 26042781
2026-09-05 19:08:19,656 [INFO] Retrieved 2 Sales Center opportunities via portal for applicant 26042781
2026-09-05 19:08:19,947 [INFO] Retrieved 50 discussions via portal session for applicant 35209713
2026-09-05 19:08:20,294 [INFO] Retrieved 1 Sales Center opportunities via portal for applicant 35209713
2026-09-05 19:08:20,519 [INFO] Retrieved 50 discussions via portal session for applicant 54893172
2026-09-05 19:08:20,842 [INFO] Retrieved 7 Sales Center opportunities via portal for applicant 54893172
2026-09-05 19:08:21,177 [INFO] Retrieved 50 discussions via portal session for applicant 58768907
2026-09-05 19:08:21,543 [INFO] Retrieved 1 Sales Center opportunities via portal for applicant 58768907
2026-09-05 19:08:21,820 [INFO] Retrieved 50 discussions via portal session for applicant 58866127
2026-09-05 19:08:22,165 [INFO] Retrieved 1 Sales Center opportunities via portal for applicant 58866127
2026-09-05 19:08:22,397 [INFO] Retrieved 50 discussions via portal session for applicant 76858853
2026-09-05 19:08:22,724 [INFO] Retrieved 2 Sales Center opportunities via portal for applicant 76858853
2026-09-05 19:08:22,985 [INFO] Retrieved 50 discussions via portal session for applicant 79002334
2026-09-05 19:08:23,311 [INFO] Retrieved 1 Sales Center opportunities via portal for applicant 79002334
2026-09-05 19:08:23,538 [INFO] Retrieved 50 discussions via portal session for applicant 83571357
2026-09-05 19:08:24,251 [INFO] Retrieved 50 discussions via portal session for applicant 84705043
2026-09-05 19:08:24,563 [INFO] Retrieved 1 Sales Center opportunities via portal for applicant 84705043
2026-09-05 19:08:24,788 [INFO] Retrieved 50 discussions via portal session for applicant 95254866
2026-09-05 19:08:25,583 [INFO] Retrieved 50 discussions via portal session for applicant 99055770
2026-09-05 19:08:25,954 [INFO] Retrieved 1 Sales Center opportunities via portal for applicant 99055770
2026-09-05 19:08:26,169 [INFO] Retrieved 50 discussions via portal session for applicant 99340932
2026-09-05 19:08:26,504 [INFO] Retrieved 1 Sales Center opportunities via portal for applicant 99340932
{
  "applicants_scanned": 39,
  "applicant_ids": [
    "102351931",
    "143979332",
    "144897143",
    "145217363",
    "145834411",
    "148235525",
    "150751441",
    "151382204",
    "151445306",
    "157388228",
    "163863318",
    "173838508",
    "186333470",
    "193438339",
    "196126698",
    "196851140",
    "197389903",
    "197891661",
    "197895504",
    "198604342",
    "198908859",
    "199797602",
    "21587333",
    "21588091",
    "220250093",
    "25156187",
    "25721447",
    "26042781",
    "35209713",
    "54893172",
    "58768907",
    "58866127",
    "76858853",
    "79002334",
    "83571357",
    "84705043",
    "95254866",
    "99055770",
    "99340932"
  ],
  "dispatched": [],
  "errors": [],
  "dry_run": false
}
2026-09-05T19:08:26+00:00 finish robie call label watch rc=0
2026-09-05T19:13:01+00:00 start robie call label watch timeout=90s extra=
2026-09-05 19:13:02,924 [INFO] Retrieved 50 discussions via portal session for applicant 102351931
2026-09-05 19:13:03,472 [INFO] Successfully authenticated with Classic EZLynx API (EZToken issued).
2026-09-05 19:13:03,828 [INFO] Retrieved 1 Sales Center opportunities via portal for applicant 102351931
2026-09-05 19:13:04,097 [INFO] Retrieved 50 discussions via portal session for applicant 143979332
2026-09-05 19:13:04,868 [INFO] Retrieved 50 discussions via portal session for applicant 144897143
2026-09-05 19:13:05,194 [INFO] Retrieved 1 Sales Center opportunities via portal for applicant 144897143
2026-09-05 19:13:05,468 [INFO] Retrieved 50 discussions via portal session for applicant 145217363
2026-09-05 19:13:05,809 [INFO] Retrieved 1 Sales Center opportunities via portal for applicant 145217363
2026-09-05 19:13:06,062 [INFO] Retrieved 50 discussions via portal session for applicant 145834411
2026-09-05 19:13:06,389 [INFO] Retrieved 1 Sales Center opportunities via portal for applicant 145834411
2026-09-05 19:13:06,623 [INFO] Retrieved 50 discussions via portal session for applicant 148235525
2026-09-05 19:13:06,947 [INFO] Retrieved 2 Sales Center opportunities via portal for applicant 148235525
2026-09-05 19:13:07,200 [INFO] Retrieved 50 discussions via portal session for applicant 150751441
2026-09-05 19:13:07,537 [INFO] Retrieved 1 Sales Center opportunities via portal for applicant 150751441
2026-09-05 19:13:07,856 [INFO] Retrieved 50 discussions via portal session for applicant 151382204
2026-09-05 19:13:08,179 [INFO] Retrieved 1 Sales Center opportunities via portal for applicant 151382204
2026-09-05 19:13:08,467 [INFO] Retrieved 50 discussions via portal session for applicant 151445306
2026-09-05 19:13:08,802 [INFO] Retrieved 2 Sales Center opportunities via portal for applicant 151445306
2026-09-05 19:13:09,086 [INFO] Retrieved 50 discussions via portal session for applicant 157388228
2026-09-05 19:13:09,408 [INFO] Retrieved 1 Sales Center opportunities via portal for applicant 157388228
2026-09-05 19:13:09,736 [INFO] Retrieved 50 discussions via portal session for applicant 163863318
2026-09-05 19:13:10,055 [INFO] Retrieved 1 Sales Center opportunities via portal for applicant 163863318
2026-09-05 19:13:10,314 [INFO] Retrieved 50 discussions via portal session for applicant 173838508
2026-09-05 19:13:10,644 [INFO] Retrieved 1 Sales Center opportunities via portal for applicant 173838508
2026-09-05 19:13:10,874 [INFO] Retrieved 50 discussions via portal session for applicant 186333470
2026-09-05 19:13:11,218 [INFO] Retrieved 2 Sales Center opportunities via portal for applicant 186333470
2026-09-05 19:13:11,442 [INFO] Retrieved 50 discussions via portal session for applicant 193438339
2026-09-05 19:13:11,767 [INFO] Retrieved 1 Sales Center opportunities via portal for applicant 193438339
2026-09-05 19:13:12,014 [INFO] Retrieved 27 discussions via portal session for applicant 196126698
2026-09-05 19:13:12,345 [INFO] Retrieved 1 Sales Center opportunities via portal for applicant 196126698
2026-09-05 19:13:12,562 [INFO] Retrieved 50 discussions via portal session for applicant 196851140
2026-09-05 19:13:12,883 [INFO] Retrieved 1 Sales Center opportunities via portal for applicant 196851140
2026-09-05 19:13:13,140 [INFO] Retrieved 50 discussions via portal session for applicant 197389903
2026-09-05 19:13:13,456 [INFO] Retrieved 1 Sales Center opportunities via portal for applicant 197389903
2026-09-05 19:13:13,712 [INFO] Retrieved 50 discussions via portal session for applicant 197891661
2026-09-05 19:13:14,053 [INFO] Retrieved 1 Sales Center opportunities via portal for applicant 197891661
2026-09-05 19:13:14,443 [INFO] Retrieved 50 discussions via portal session for applicant 197895504
2026-09-05 19:13:14,764 [INFO] Retrieved 1 Sales Center opportunities via portal for applicant 197895504
2026-09-05 19:13:15,038 [INFO] Retrieved 50 discussions via portal session for applicant 198604342
2026-09-05 19:13:15,374 [INFO] Retrieved 2 Sales Center opportunities via portal for applicant 198604342
2026-09-05 19:13:15,646 [INFO] Retrieved 50 discussions via portal session for applicant 198908859
2026-09-05 19:13:15,974 [INFO] Retrieved 1 Sales Center opportunities via portal for applicant 198908859
2026-09-05 19:13:16,266 [INFO] Retrieved 50 discussions via portal session for applicant 199797602
2026-09-05 19:13:16,587 [INFO] Retrieved 1 Sales Center opportunities via portal for applicant 199797602
2026-09-05 19:13:16,844 [INFO] Retrieved 50 discussions via portal session for applicant 21587333
2026-09-05 19:13:17,184 [INFO] Retrieved 2 Sales Center opportunities via portal for applicant 21587333
2026-09-05 19:13:17,471 [INFO] Retrieved 50 discussions via portal session for applicant 21588091
2026-09-05 19:13:17,810 [INFO] Retrieved 1 Sales Center opportunities via portal for applicant 21588091
2026-09-05 19:13:18,062 [INFO] Retrieved 23 discussions via portal session for applicant 220250093
2026-09-05 19:13:18,378 [INFO] Retrieved 1 Sales Center opportunities via portal for applicant 220250093
2026-09-05 19:13:18,582 [INFO] Retrieved 50 discussions via portal session for applicant 25156187
2026-09-05 19:13:18,907 [INFO] Retrieved 1 Sales Center opportunities via portal for applicant 25156187
2026-09-05 19:13:19,211 [INFO] Retrieved 50 discussions via portal session for applicant 25721447
2026-09-05 19:13:19,546 [INFO] Retrieved 4 Sales Center opportunities via portal for applicant 25721447
2026-09-05 19:13:19,853 [INFO] Retrieved 50 discussions via portal session for applicant 26042781
2026-09-05 19:13:20,185 [INFO] Retrieved 2 Sales Center opportunities via portal for applicant 26042781
2026-09-05 19:13:20,479 [INFO] Retrieved 50 discussions via portal session for applicant 35209713
2026-09-05 19:13:20,836 [INFO] Retrieved 1 Sales Center opportunities via portal for applicant 35209713
2026-09-05 19:13:21,071 [INFO] Retrieved 50 discussions via portal session for applicant 54893172
2026-09-05 19:13:21,398 [INFO] Retrieved 7 Sales Center opportunities via portal for applicant 54893172
2026-09-05 19:13:21,667 [INFO] Retrieved 50 discussions via portal session for applicant 58768907
2026-09-05 19:13:21,976 [INFO] Retrieved 1 Sales Center opportunities via portal for applicant 58768907
2026-09-05 19:13:22,265 [INFO] Retrieved 50 discussions via portal session for applicant 58866127
2026-09-05 19:13:22,582 [INFO] Retrieved 1 Sales Center opportunities via portal for applicant 58866127
2026-09-05 19:13:22,809 [INFO] Retrieved 50 discussions via portal session for applicant 76858853
2026-09-05 19:13:23,130 [INFO] Retrieved 2 Sales Center opportunities via portal for applicant 76858853
2026-09-05 19:13:31,429 [INFO] Retrieved 50 discussions via portal session for applicant 79002334
2026-09-05 19:13:32,840 [INFO] Retrieved 1 Sales Center opportunities via portal for applicant 79002334
2026-09-05 19:13:33,073 [INFO] Retrieved 50 discussions via portal session for applicant 83571357
2026-09-05 19:13:37,951 [INFO] Retrieved 50 discussions via portal session for applicant 84705043
2026-09-05 19:13:38,274 [INFO] Retrieved 1 Sales Center opportunities via portal for applicant 84705043
2026-09-05 19:13:38,541 [INFO] Retrieved 50 discussions via portal session for applicant 95254866
2026-09-05 19:13:39,376 [INFO] Retrieved 50 discussions via portal session for applicant 99055770
2026-09-05 19:13:39,699 [INFO] Retrieved 1 Sales Center opportunities via portal for applicant 99055770
2026-09-05 19:13:39,915 [INFO] Retrieved 50 discussions via portal session for applicant 99340932
2026-09-05 19:13:40,223 [INFO] Retrieved 1 Sales Center opportunities via portal for applicant 99340932
{
  "applicants_scanned": 39,
  "applicant_ids": [
    "102351931",
    "143979332",
    "144897143",
    "145217363",
    "145834411",
    "148235525",
    "150751441",
    "151382204",
    "151445306",
    "157388228",
    "163863318",
    "173838508",
    "186333470",
    "193438339",
    "196126698",
    "196851140",
    "197389903",
    "197891661",
    "197895504",
    "198604342",
    "198908859",
    "199797602",
    "21587333",
    "21588091",
    "220250093",
    "25156187",
    "25721447",
    "26042781",
    "35209713",
    "54893172",
    "58768907",
    "58866127",
    "76858853",
    "79002334",
    "83571357",
    "84705043",
    "95254866",
    "99055770",
    "99340932"
  ],
  "dispatched": [],
  "errors": [],
  "dry_run": false
}
2026-09-05T19:13:40+00:00 finish robie call label watch rc=0
2026-09-05T19:18:01+00:00 start robie call label watch timeout=90s extra=
2026-09-05 19:18:02,840 [INFO] Retrieved 50 discussions via portal session for applicant 102351931
2026-09-05 19:18:03,354 [INFO] Successfully authenticated with Classic EZLynx API (EZToken issued).
2026-09-05 19:18:03,741 [INFO] Retrieved 1 Sales Center opportunities via portal for applicant 102351931
2026-09-05 19:18:04,010 [INFO] Retrieved 50 discussions via portal session for applicant 143979332
2026-09-05 19:18:04,827 [INFO] Retrieved 50 discussions via portal session for applicant 144897143
2026-09-05 19:18:05,204 [INFO] Retrieved 1 Sales Center opportunities via portal for applicant 144897143
2026-09-05 19:18:05,437 [INFO] Retrieved 50 discussions via portal session for applicant 145217363
2026-09-05 19:18:05,773 [INFO] Retrieved 1 Sales Center opportunities via portal for applicant 145217363
2026-09-05 19:18:06,036 [INFO] Retrieved 50 discussions via portal session for applicant 145834411
2026-09-05 19:18:06,389 [INFO] Retrieved 1 Sales Center opportunities via portal for applicant 145834411
2026-09-05 19:18:06,611 [INFO] Retrieved 50 discussions via portal session for applicant 148235525
2026-09-05 19:18:06,948 [INFO] Retrieved 2 Sales Center opportunities via portal for applicant 148235525
2026-09-05 19:18:07,248 [INFO] Retrieved 50 discussions via portal session for applicant 150751441
2026-09-05 19:18:07,617 [INFO] Retrieved 1 Sales Center opportunities via portal for applicant 150751441
2026-09-05 19:18:07,979 [INFO] Retrieved 50 discussions via portal session for applicant 151382204
2026-09-05 19:18:08,336 [INFO] Retrieved 1 Sales Center opportunities via portal for applicant 151382204
2026-09-05 19:18:08,608 [INFO] Retrieved 50 discussions via portal session for applicant 151445306
2026-09-05 19:18:08,944 [INFO] Retrieved 2 Sales Center opportunities via portal for applicant 151445306
2026-09-05 19:18:09,226 [INFO] Retrieved 50 discussions via portal session for applicant 157388228
2026-09-05 19:18:09,564 [INFO] Retrieved 1 Sales Center opportunities via portal for applicant 157388228
2026-09-05 19:18:09,904 [INFO] Retrieved 50 discussions via portal session for applicant 163863318
2026-09-05 19:18:10,238 [INFO] Retrieved 1 Sales Center opportunities via portal for applicant 163863318
2026-09-05 19:18:10,521 [INFO] Retrieved 50 discussions via portal session for applicant 173838508
2026-09-05 19:18:10,853 [INFO] Retrieved 1 Sales Center opportunities via portal for applicant 173838508
2026-09-05 19:18:11,136 [INFO] Retrieved 50 discussions via portal session for applicant 186333470
2026-09-05 19:18:11,457 [INFO] Retrieved 2 Sales Center opportunities via portal for applicant 186333470
2026-09-05 19:18:11,687 [INFO] Retrieved 50 discussions via portal session for applicant 193438339
2026-09-05 19:18:12,041 [INFO] Retrieved 1 Sales Center opportunities via portal for applicant 193438339
2026-09-05 19:18:12,344 [INFO] Retrieved 27 discussions via portal session for applicant 196126698
2026-09-05 19:18:12,699 [INFO] Retrieved 1 Sales Center opportunities via portal for applicant 196126698
2026-09-05 19:18:12,913 [INFO] Retrieved 50 discussions via portal session for applicant 196851140
2026-09-05 19:18:13,234 [INFO] Retrieved 1 Sales Center opportunities via portal for applicant 196851140
2026-09-05 19:18:13,535 [INFO] Retrieved 50 discussions via portal session for applicant 197389903
2026-09-05 19:18:13,887 [INFO] Retrieved 1 Sales Center opportunities via portal for applicant 197389903
2026-09-05 19:18:14,177 [INFO] Retrieved 50 discussions via portal session for applicant 197891661
2026-09-05 19:18:14,552 [INFO] Retrieved 1 Sales Center opportunities via portal for applicant 197891661
2026-09-05 19:18:15,059 [INFO] Retrieved 50 discussions via portal session for applicant 197895504
2026-09-05 19:18:15,432 [INFO] Retrieved 1 Sales Center opportunities via portal for applicant 197895504
2026-09-05 19:18:15,686 [INFO] Retrieved 50 discussions via portal session for applicant 198604342
2026-09-05 19:18:16,025 [INFO] Retrieved 2 Sales Center opportunities via portal for applicant 198604342
2026-09-05 19:18:16,320 [INFO] Retrieved 50 discussions via portal session for applicant 198908859
2026-09-05 19:18:16,682 [INFO] Retrieved 1 Sales Center opportunities via portal for applicant 198908859
2026-09-05 19:18:16,948 [INFO] Retrieved 50 discussions via portal session for applicant 199797602
2026-09-05 19:18:17,286 [INFO] Retrieved 1 Sales Center opportunities via portal for applicant 199797602
2026-09-05 19:18:17,578 [INFO] Retrieved 50 discussions via portal session for applicant 21587333
2026-09-05 19:18:17,980 [INFO] Retrieved 2 Sales Center opportunities via portal for applicant 21587333
2026-09-05 19:18:18,306 [INFO] Retrieved 50 discussions via portal session for applicant 21588091
2026-09-05 19:18:18,672 [INFO] Retrieved 1 Sales Center opportunities via portal for applicant 21588091
2026-09-05 19:18:18,903 [INFO] Retrieved 23 discussions via portal session for applicant 220250093
2026-09-05 19:18:19,268 [INFO] Retrieved 1 Sales Center opportunities via portal for applicant 220250093
2026-09-05 19:18:19,527 [INFO] Retrieved 50 discussions via portal session for applicant 25156187
2026-09-05 19:18:19,899 [INFO] Retrieved 1 Sales Center opportunities via portal for applicant 25156187
2026-09-05 19:18:20,180 [INFO] Retrieved 50 discussions via portal session for applicant 25721447
2026-09-05 19:18:20,505 [INFO] Retrieved 4 Sales Center opportunities via portal for applicant 25721447
2026-09-05 19:18:20,841 [INFO] Retrieved 50 discussions via portal session for applicant 26042781
2026-09-05 19:18:21,209 [INFO] Retrieved 2 Sales Center opportunities via portal for applicant 26042781
2026-09-05 19:18:21,559 [INFO] Retrieved 50 discussions via portal session for applicant 35209713
2026-09-05 19:18:21,879 [INFO] Retrieved 1 Sales Center opportunities via portal for applicant 35209713
2026-09-05 19:18:22,134 [INFO] Retrieved 50 discussions via portal session for applicant 54893172
2026-09-05 19:18:22,487 [INFO] Retrieved 7 Sales Center opportunities via portal for applicant 54893172
2026-09-05 19:18:22,724 [INFO] Retrieved 50 discussions via portal session for applicant 58768907
2026-09-05 19:18:23,053 [INFO] Retrieved 1 Sales Center opportunities via portal for applicant 58768907
2026-09-05 19:18:23,360 [INFO] Retrieved 50 discussions via portal session for applicant 58866127
2026-09-05 19:18:23,689 [INFO] Retrieved 1 Sales Center opportunities via portal for applicant 58866127
2026-09-05 19:18:23,918 [INFO] Retrieved 50 discussions via portal session for applicant 76858853
2026-09-05 19:18:24,257 [INFO] Retrieved 2 Sales Center opportunities via portal for applicant 76858853
2026-09-05 19:18:24,562 [INFO] Retrieved 50 discussions via portal session for applicant 79002334
2026-09-05 19:18:24,900 [INFO] Retrieved 1 Sales Center opportunities via portal for applicant 79002334
2026-09-05 19:18:25,216 [INFO] Retrieved 50 discussions via portal session for applicant 83571357
2026-09-05 19:18:25,938 [INFO] Retrieved 50 discussions via portal session for applicant 84705043
2026-09-05 19:18:26,264 [INFO] Retrieved 1 Sales Center opportunities via portal for applicant 84705043
2026-09-05 19:18:26,531 [INFO] Retrieved 50 discussions via portal session for applicant 95254866
2026-09-05 19:18:27,371 [INFO] Retrieved 50 discussions via portal session for applicant 99055770
2026-09-05 19:18:32,798 [INFO] Retrieved 1 Sales Center opportunities via portal for applicant 99055770
2026-09-05 19:18:33,057 [INFO] Retrieved 50 discussions via portal session for applicant 99340932
2026-09-05 19:18:33,418 [INFO] Retrieved 1 Sales Center opportunities via portal for applicant 99340932
{
  "applicants_scanned": 39,
  "applicant_ids": [
    "102351931",
    "143979332",
    "144897143",
    "145217363",
    "145834411",
    "148235525",
    "150751441",
    "151382204",
    "151445306",
    "157388228",
    "163863318",
    "173838508",
    "186333470",
    "193438339",
    "196126698",
    "196851140",
    "197389903",
    "197891661",
    "197895504",
    "198604342",
    "198908859",
    "199797602",
    "21587333",
    "21588091",
    "220250093",
    "25156187",
    "25721447",
    "26042781",
    "35209713",
    "54893172",
    "58768907",
    "58866127",
    "76858853",
    "79002334",
    "83571357",
    "84705043",
    "95254866",
    "99055770",
    "99340932"
  ],
  "dispatched": [],
  "errors": [],
  "dry_run": false
}
2026-09-05T19:18:33+00:00 finish robie call label watch rc=0
2026-09-05T19:23:01+00:00 start robie call label watch timeout=90s extra=
2026-09-05 19:23:02,303 [INFO] Retrieved 50 discussions via portal session for applicant 102351931
2026-09-05 19:23:02,849 [INFO] Successfully authenticated with Classic EZLynx API (EZToken issued).
2026-09-05 19:23:03,178 [INFO] Retrieved 1 Sales Center opportunities via portal for applicant 102351931
2026-09-05 19:23:03,420 [INFO] Retrieved 50 discussions via portal session for applicant 143979332
2026-09-05 19:23:04,125 [INFO] Retrieved 50 discussions via portal session for applicant 144897143
2026-09-05 19:23:04,460 [INFO] Retrieved 1 Sales Center opportunities via portal for applicant 144897143
2026-09-05 19:23:04,708 [INFO] Retrieved 50 discussions via portal session for applicant 145217363
2026-09-05 19:23:05,051 [INFO] Retrieved 1 Sales Center opportunities via portal for applicant 145217363
2026-09-05 19:23:05,316 [INFO] Retrieved 50 discussions via portal session for applicant 145834411
2026-09-05 19:23:05,642 [INFO] Retrieved 1 Sales Center opportunities via portal for applicant 145834411
2026-09-05 19:23:05,880 [INFO] Retrieved 50 discussions via portal session for applicant 148235525
2026-09-05 19:23:06,218 [INFO] Retrieved 2 Sales Center opportunities via portal for applicant 148235525
2026-09-05 19:23:06,474 [INFO] Retrieved 50 discussions via portal session for applicant 150751441
2026-09-05 19:23:06,811 [INFO] Retrieved 1 Sales Center opportunities via portal for applicant 150751441
2026-09-05 19:23:07,150 [INFO] Retrieved 50 discussions via portal session for applicant 151382204
2026-09-05 19:23:07,494 [INFO] Retrieved 1 Sales Center opportunities via portal for applicant 151382204
2026-09-05 19:23:07,857 [INFO] Retrieved 50 discussions via portal session for applicant 151445306
2026-09-05 19:23:08,192 [INFO] Retrieved 2 Sales Center opportunities via portal for applicant 151445306
2026-09-05 19:23:08,469 [INFO] Retrieved 50 discussions via portal session for applicant 157388228
2026-09-05 19:23:08,802 [INFO] Retrieved 1 Sales Center opportunities via portal for applicant 157388228
2026-09-05 19:23:09,127 [INFO] Retrieved 50 discussions via portal session for applicant 163863318
2026-09-05 19:23:09,447 [INFO] Retrieved 1 Sales Center opportunities via portal for applicant 163863318
2026-09-05 19:23:09,691 [INFO] Retrieved 50 discussions via portal session for applicant 173838508
2026-09-05 19:23:10,037 [INFO] Retrieved 1 Sales Center opportunities via portal for applicant 173838508
2026-09-05 19:23:10,315 [INFO] Retrieved 50 discussions via portal session for applicant 186333470
2026-09-05 19:23:10,638 [INFO] Retrieved 2 Sales Center opportunities via portal for applicant 186333470
2026-09-05 19:23:10,871 [INFO] Retrieved 50 discussions via portal session for applicant 193438339
2026-09-05 19:23:11,218 [INFO] Retrieved 1 Sales Center opportunities via portal for applicant 193438339
2026-09-05 19:23:11,507 [INFO] Retrieved 27 discussions via portal session for applicant 196126698
2026-09-05 19:23:11,822 [INFO] Retrieved 1 Sales Center opportunities via portal for applicant 196126698
2026-09-05 19:23:12,060 [INFO] Retrieved 50 discussions via portal session for applicant 196851140
2026-09-05 19:23:12,407 [INFO] Retrieved 1 Sales Center opportunities via portal for applicant 196851140
2026-09-05 19:23:12,645 [INFO] Retrieved 50 discussions via portal session for applicant 197389903
2026-09-05 19:23:13,066 [INFO] Retrieved 1 Sales Center opportunities via portal for applicant 197389903
2026-09-05 19:23:13,290 [INFO] Retrieved 50 discussions via portal session for applicant 197891661
2026-09-05 19:23:13,612 [INFO] Retrieved 1 Sales Center opportunities via portal for applicant 197891661
2026-09-05 19:23:13,916 [INFO] Retrieved 50 discussions via portal session for applicant 197895504
2026-09-05 19:23:14,232 [INFO] Retrieved 1 Sales Center opportunities via portal for applicant 197895504
2026-09-05 19:23:14,459 [INFO] Retrieved 50 discussions via portal session for applicant 198604342
2026-09-05 19:23:14,803 [INFO] Retrieved 2 Sales Center opportunities via portal for applicant 198604342
2026-09-05 19:23:15,059 [INFO] Retrieved 50 discussions via portal session for applicant 198908859
2026-09-05 19:23:15,473 [INFO] Retrieved 1 Sales Center opportunities via portal for applicant 198908859
2026-09-05 19:23:15,742 [INFO] Retrieved 50 discussions via portal session for applicant 199797602
2026-09-05 19:23:16,089 [INFO] Retrieved 1 Sales Center opportunities via portal for applicant 199797602
2026-09-05 19:23:16,357 [INFO] Retrieved 50 discussions via portal session for applicant 21587333
2026-09-05 19:23:16,727 [INFO] Retrieved 2 Sales Center opportunities via portal for applicant 21587333
2026-09-05 19:23:17,016 [INFO] Retrieved 50 discussions via portal session for applicant 21588091
2026-09-05 19:23:17,405 [INFO] Retrieved 1 Sales Center opportunities via portal for applicant 21588091
2026-09-05 19:23:17,669 [INFO] Retrieved 23 discussions via portal session for applicant 220250093
2026-09-05 19:23:17,985 [INFO] Retrieved 1 Sales Center opportunities via portal for applicant 220250093
2026-09-05 19:23:18,375 [INFO] Retrieved 50 discussions via portal session for applicant 25156187
2026-09-05 19:23:18,763 [INFO] Retrieved 1 Sales Center opportunities via portal for applicant 25156187
2026-09-05 19:23:19,058 [INFO] Retrieved 50 discussions via portal session for applicant 25721447
2026-09-05 19:23:19,375 [INFO] Retrieved 4 Sales Center opportunities via portal for applicant 25721447
2026-09-05 19:23:19,678 [INFO] Retrieved 50 discussions via portal session for applicant 26042781
2026-09-05 19:23:20,005 [INFO] Retrieved 2 Sales Center opportunities via portal for applicant 26042781
2026-09-05 19:23:20,464 [INFO] Retrieved 50 discussions via portal session for applicant 35209713
2026-09-05 19:23:20,820 [INFO] Retrieved 1 Sales Center opportunities via portal for applicant 35209713
2026-09-05 19:23:21,060 [INFO] Retrieved 50 discussions via portal session for applicant 54893172
2026-09-05 19:23:21,396 [INFO] Retrieved 7 Sales Center opportunities via portal for applicant 54893172
2026-09-05 19:23:21,646 [INFO] Retrieved 50 discussions via portal session for applicant 58768907
2026-09-05 19:23:21,958 [INFO] Retrieved 1 Sales Center opportunities via portal for applicant 58768907
2026-09-05 19:23:22,275 [INFO] Retrieved 50 discussions via portal session for applicant 58866127
2026-09-05 19:23:22,605 [INFO] Retrieved 1 Sales Center opportunities via portal for applicant 58866127
2026-09-05 19:23:22,887 [INFO] Retrieved 50 discussions via portal session for applicant 76858853
2026-09-05 19:23:23,300 [INFO] Retrieved 2 Sales Center opportunities via portal for applicant 76858853
2026-09-05 19:23:23,555 [INFO] Retrieved 50 discussions via portal session for applicant 79002334
2026-09-05 19:23:23,867 [INFO] Retrieved 1 Sales Center opportunities via portal for applicant 79002334
2026-09-05 19:23:24,090 [INFO] Retrieved 50 discussions via portal session for applicant 83571357
2026-09-05 19:23:24,807 [INFO] Retrieved 50 discussions via portal session for applicant 84705043
2026-09-05 19:23:25,120 [INFO] Retrieved 1 Sales Center opportunities via portal for applicant 84705043
2026-09-05 19:23:25,529 [INFO] Retrieved 50 discussions via portal session for applicant 95254866
2026-09-05 19:23:26,336 [INFO] Retrieved 50 discussions via portal session for applicant 99055770
2026-09-05 19:23:26,683 [INFO] Retrieved 1 Sales Center opportunities via portal for applicant 99055770
2026-09-05 19:23:26,903 [INFO] Retrieved 50 discussions via portal session for applicant 99340932
2026-09-05 19:23:27,240 [INFO] Retrieved 1 Sales Center opportunities via portal for applicant 99340932
{
  "applicants_scanned": 39,
  "applicant_ids": [
    "102351931",
    "143979332",
    "144897143",
    "145217363",
    "145834411",
    "148235525",
    "150751441",
    "151382204",
    "151445306",
    "157388228",
    "163863318",
    "173838508",
    "186333470",
    "193438339",
    "196126698",
    "196851140",
    "197389903",
    "197891661",
    "197895504",
    "198604342",
    "198908859",
    "199797602",
    "21587333",
    "21588091",
    "220250093",
    "25156187",
    "25721447",
    "26042781",
    "35209713",
    "54893172",
    "58768907",
    "58866127",
    "76858853",
    "79002334",
    "83571357",
    "84705043",
    "95254866",
    "99055770",
    "99340932"
  ],
  "dispatched": [],
  "errors": [],
  "dry_run": false
}
2026-09-05T19:23:27+00:00 finish robie call label watch rc=0
2026-09-05T19:28:01+00:00 start robie call label watch timeout=90s extra=
2026-09-05 19:28:02,862 [INFO] Retrieved 50 discussions via portal session for applicant 102351931
2026-09-05 19:28:03,401 [INFO] Successfully authenticated with Classic EZLynx API (EZToken issued).
2026-09-05 19:28:03,782 [INFO] Retrieved 1 Sales Center opportunities via portal for applicant 102351931
2026-09-05 19:28:04,086 [INFO] Retrieved 50 discussions via portal session for applicant 143979332
2026-09-05 19:28:04,893 [INFO] Retrieved 50 discussions via portal session for applicant 144897143
2026-09-05 19:28:05,240 [INFO] Retrieved 1 Sales Center opportunities via portal for applicant 144897143
2026-09-05 19:28:05,534 [INFO] Retrieved 50 discussions via portal session for applicant 145217363
2026-09-05 19:28:05,889 [INFO] Retrieved 1 Sales Center opportunities via portal for applicant 145217363
2026-09-05 19:28:06,130 [INFO] Retrieved 50 discussions via portal session for applicant 145834411
2026-09-05 19:28:06,496 [INFO] Retrieved 1 Sales Center opportunities via portal for applicant 145834411
2026-09-05 19:28:06,739 [INFO] Retrieved 50 discussions via portal session for applicant 148235525
2026-09-05 19:28:07,081 [INFO] Retrieved 2 Sales Center opportunities via portal for applicant 148235525
2026-09-05 19:28:07,362 [INFO] Retrieved 50 discussions via portal session for applicant 150751441
2026-09-05 19:28:07,715 [INFO] Retrieved 1 Sales Center opportunities via portal for applicant 150751441
2026-09-05 19:28:08,053 [INFO] Retrieved 50 discussions via portal session for applicant 151382204
2026-09-05 19:28:08,390 [INFO] Retrieved 1 Sales Center opportunities via portal for applicant 151382204
2026-09-05 19:28:08,673 [INFO] Retrieved 50 discussions via portal session for applicant 151445306
2026-09-05 19:28:09,007 [INFO] Retrieved 2 Sales Center opportunities via portal for applicant 151445306
2026-09-05 19:28:09,321 [INFO] Retrieved 50 discussions via portal session for applicant 157388228
2026-09-05 19:28:09,680 [INFO] Retrieved 1 Sales Center opportunities via portal for applicant 157388228
2026-09-05 19:28:10,023 [INFO] Retrieved 50 discussions via portal session for applicant 163863318
2026-09-05 19:28:10,365 [INFO] Retrieved 1 Sales Center opportunities via portal for applicant 163863318
2026-09-05 19:28:10,605 [INFO] Retrieved 50 discussions via portal session for applicant 173838508
2026-09-05 19:28:10,954 [INFO] Retrieved 1 Sales Center opportunities via portal for applicant 173838508
2026-09-05 19:28:11,202 [INFO] Retrieved 50 discussions via portal session for applicant 186333470
2026-09-05 19:28:11,597 [INFO] Retrieved 2 Sales Center opportunities via portal for applicant 186333470
2026-09-05 19:28:11,864 [INFO] Retrieved 50 discussions via portal session for applicant 193438339
2026-09-05 19:28:12,243 [INFO] Retrieved 1 Sales Center opportunities via portal for applicant 193438339
2026-09-05 19:28:12,498 [INFO] Retrieved 27 discussions via portal session for applicant 196126698
2026-09-05 19:28:12,833 [INFO] Retrieved 1 Sales Center opportunities via portal for applicant 196126698
2026-09-05 19:28:13,076 [INFO] Retrieved 50 discussions via portal session for applicant 196851140
2026-09-05 19:28:13,410 [INFO] Retrieved 1 Sales Center opportunities via portal for applicant 196851140
2026-09-05 19:28:13,634 [INFO] Retrieved 50 discussions via portal session for applicant 197389903
2026-09-05 19:28:13,980 [INFO] Retrieved 1 Sales Center opportunities via portal for applicant 197389903
2026-09-05 19:28:14,234 [INFO] Retrieved 50 discussions via portal session for applicant 197891661
2026-09-05 19:28:14,599 [INFO] Retrieved 1 Sales Center opportunities via portal for applicant 197891661
2026-09-05 19:28:14,917 [INFO] Retrieved 50 discussions via portal session for applicant 197895504
2026-09-05 19:28:15,280 [INFO] Retrieved 1 Sales Center opportunities via portal for applicant 197895504
2026-09-05 19:28:15,523 [INFO] Retrieved 50 discussions via portal session for applicant 198604342
2026-09-05 19:28:15,888 [INFO] Retrieved 2 Sales Center opportunities via portal for applicant 198604342
2026-09-05 19:28:16,188 [INFO] Retrieved 50 discussions via portal session for applicant 198908859
2026-09-05 19:28:16,522 [INFO] Retrieved 1 Sales Center opportunities via portal for applicant 198908859
2026-09-05 19:28:16,869 [INFO] Retrieved 50 discussions via portal session for applicant 199797602
2026-09-05 19:28:17,241 [INFO] Retrieved 1 Sales Center opportunities via portal for applicant 199797602
2026-09-05 19:28:17,535 [INFO] Retrieved 50 discussions via portal session for applicant 21587333
2026-09-05 19:28:17,909 [INFO] Retrieved 2 Sales Center opportunities via portal for applicant 21587333
2026-09-05 19:28:18,211 [INFO] Retrieved 50 discussions via portal session for applicant 21588091
2026-09-05 19:28:18,576 [INFO] Retrieved 1 Sales Center opportunities via portal for applicant 21588091
2026-09-05 19:28:18,850 [INFO] Retrieved 23 discussions via portal session for applicant 220250093
2026-09-05 19:28:19,201 [INFO] Retrieved 1 Sales Center opportunities via portal for applicant 220250093
2026-09-05 19:28:19,595 [INFO] Retrieved 50 discussions via portal session for applicant 25156187
2026-09-05 19:28:19,978 [INFO] Retrieved 1 Sales Center opportunities via portal for applicant 25156187
2026-09-05 19:28:20,262 [INFO] Retrieved 50 discussions via portal session for applicant 25721447
2026-09-05 19:28:20,642 [INFO] Retrieved 4 Sales Center opportunities via portal for applicant 25721447
2026-09-05 19:28:20,985 [INFO] Retrieved 50 discussions via portal session for applicant 26042781
2026-09-05 19:28:21,316 [INFO] Retrieved 2 Sales Center opportunities via portal for applicant 26042781
2026-09-05 19:28:21,644 [INFO] Retrieved 50 discussions via portal session for applicant 35209713
2026-09-05 19:28:22,010 [INFO] Retrieved 1 Sales Center opportunities via portal for applicant 35209713
2026-09-05 19:28:22,306 [INFO] Retrieved 50 discussions via portal session for applicant 54893172
2026-09-05 19:28:22,678 [INFO] Retrieved 7 Sales Center opportunities via portal for applicant 54893172
2026-09-05 19:28:22,973 [INFO] Retrieved 50 discussions via portal session for applicant 58768907
2026-09-05 19:28:23,318 [INFO] Retrieved 1 Sales Center opportunities via portal for applicant 58768907
2026-09-05 19:28:23,675 [INFO] Retrieved 50 discussions via portal session for applicant 58866127
2026-09-05 19:28:24,054 [INFO] Retrieved 1 Sales Center opportunities via portal for applicant 58866127
2026-09-05 19:28:24,292 [INFO] Retrieved 50 discussions via portal session for applicant 76858853
2026-09-05 19:28:24,663 [INFO] Retrieved 2 Sales Center opportunities via portal for applicant 76858853
2026-09-05 19:28:24,954 [INFO] Retrieved 50 discussions via portal session for applicant 79002334
2026-09-05 19:28:25,288 [INFO] Retrieved 1 Sales Center opportunities via portal for applicant 79002334
2026-09-05 19:28:25,534 [INFO] Retrieved 50 discussions via portal session for applicant 83571357
2026-09-05 19:28:26,354 [INFO] Retrieved 50 discussions via portal session for applicant 84705043
2026-09-05 19:28:26,705 [INFO] Retrieved 1 Sales Center opportunities via portal for applicant 84705043
2026-09-05 19:28:26,933 [INFO] Retrieved 50 discussions via portal session for applicant 95254866
2026-09-05 19:28:32,928 [INFO] Retrieved 50 discussions via portal session for applicant 99055770
2026-09-05 19:28:33,273 [INFO] Retrieved 1 Sales Center opportunities via portal for applicant 99055770
2026-09-05 19:28:33,512 [INFO] Retrieved 50 discussions via portal session for applicant 99340932
2026-09-05 19:28:33,894 [INFO] Retrieved 1 Sales Center opportunities via portal for applicant 99340932
{
  "applicants_scanned": 39,
  "applicant_ids": [
    "102351931",
    "143979332",
    "144897143",
    "145217363",
    "145834411",
    "148235525",
    "150751441",
    "151382204",
    "151445306",
    "157388228",
    "163863318",
    "173838508",
    "186333470",
    "193438339",
    "196126698",
    "196851140",
    "197389903",
    "197891661",
    "197895504",
    "198604342",
    "198908859",
    "199797602",
    "21587333",
    "21588091",
    "220250093",
    "25156187",
    "25721447",
    "26042781",
    "35209713",
    "54893172",
    "58768907",
    "58866127",
    "76858853",
    "79002334",
    "83571357",
    "84705043",
    "95254866",
    "99055770",
    "99340932"
  ],
  "dispatched": [],
  "errors": [],
  "dry_run": false
}
2026-09-05T19:28:34+00:00 finish robie call label watch rc=0
2026-09-05T19:33:01+00:00 start robie call label watch timeout=90s extra=
2026-09-05 19:33:02,623 [INFO] Retrieved 50 discussions via portal session for applicant 102351931
2026-09-05 19:33:03,176 [INFO] Successfully authenticated with Classic EZLynx API (EZToken issued).
2026-09-05 19:33:03,636 [INFO] Retrieved 1 Sales Center opportunities via portal for applicant 102351931
2026-09-05 19:33:03,969 [INFO] Retrieved 50 discussions via portal session for applicant 143979332
2026-09-05 19:33:05,001 [INFO] Retrieved 50 discussions via portal session for applicant 144897143
2026-09-05 19:33:05,382 [INFO] Retrieved 1 Sales Center opportunities via portal for app2026-09-05T20:23:01+00:00 start robie call label watch timeout=90s extra=
2026-09-05 20:23:02,466 [INFO] Retrieved 50 discussions via portal session for applicant 102351931
2026-09-05 20:23:02,987 [INFO] Successfully authenticated with Classic EZLynx API (EZToken issued).
2026-09-05 20:23:03,316 [INFO] Retrieved 1 Sales Center opportunities via portal for applicant 102351931
2026-09-05 20:23:03,532 [INFO] Retrieved 50 discussions via portal session for applicant 143979332
2026-09-05 20:23:04,266 [INFO] Retrieved 50 discussions via portal session for applicant 144897143
2026-09-05 20:23:04,578 [INFO] Retrieved 1 Sales Center opportunities via portal for applicant 144897143
2026-09-05 20:23:04,812 [INFO] Retrieved 50 discussions via portal session for applicant 145217363
2026-09-05 20:23:05,177 [INFO] Retrieved 1 Sales Center opportunities via portal for applicant 145217363
2026-09-05 20:23:05,401 [INFO] Retrieved 50 discussions via portal session for applicant 145834411
2026-09-05 20:23:05,715 [INFO] Retrieved 1 Sales Center opportunities via portal for applicant 145834411
2026-09-05 20:23:05,980 [INFO] Retrieved 50 discussions via portal session for applicant 148235525
2026-09-05 20:23:06,301 [INFO] Retrieved 2 Sales Center opportunities via portal for applicant 148235525
2026-09-05 20:23:06,580 [INFO] Retrieved 50 discussions via portal session for applicant 150751441
2026-09-05 20:23:06,887 [INFO] Retrieved 1 Sales Center opportunities via portal for applicant 150751441
2026-09-05 20:23:07,161 [INFO] Retrieved 50 discussions via portal session for applicant 151382204
2026-09-05 20:23:07,485 [INFO] Retrieved 1 Sales Center opportunities via portal for applicant 151382204
2026-09-05 20:23:07,762 [INFO] Retrieved 50 discussions via portal session for applicant 151445306
2026-09-05 20:23:08,064 [INFO] Retrieved 2 Sales Center opportunities via portal for applicant 151445306
2026-09-05 20:23:08,303 [INFO] Retrieved 50 discussions via portal session for applicant 157388228
2026-09-05 20:23:08,622 [INFO] Retrieved 1 Sales Center opportunities via portal for applicant 157388228
2026-09-05 20:23:08,933 [INFO] Retrieved 50 discussions via portal session for applicant 163863318
2026-09-05 20:23:09,249 [INFO] Retrieved 1 Sales Center opportunities via portal for applicant 163863318
2026-09-05 20:23:09,472 [INFO] Retrieved 50 discussions via portal session for applicant 173838508
2026-09-05 20:23:09,787 [INFO] Retrieved 1 Sales Center opportunities via portal for applicant 173838508
2026-09-05 20:23:10,015 [INFO] Retrieved 50 discussions via portal session for applicant 186333470
2026-09-05 20:23:10,319 [INFO] Retrieved 2 Sales Center opportunities via portal for applicant 186333470
2026-09-05 20:23:10,566 [INFO] Retrieved 50 discussions via portal session for applicant 193438339
2026-09-05 20:23:10,881 [INFO] Retrieved 1 Sales Center opportunities via portal for applicant 193438339
2026-09-05 20:23:11,114 [INFO] Retrieved 27 discussions via portal session for applicant 196126698
2026-09-05 20:23:11,429 [INFO] Retrieved 1 Sales Center opportunities via portal for applicant 196126698
2026-09-05 20:23:11,677 [INFO] Retrieved 50 discussions via portal session for applicant 196851140
2026-09-05 20:23:11,976 [INFO] Retrieved 1 Sales Center opportunities via portal for applicant 196851140
2026-09-05 20:23:12,184 [INFO] Retrieved 50 discussions via portal session for applicant 197389903
2026-09-05 20:23:12,495 [INFO] Retrieved 1 Sales Center opportunities via portal for applicant 197389903
2026-09-05 20:23:12,718 [INFO] Retrieved 50 discussions via portal session for applicant 197891661
2026-09-05 20:23:13,020 [INFO] Retrieved 1 Sales Center opportunities via portal for applicant 197891661
2026-09-05 20:23:13,306 [INFO] Retrieved 50 discussions via portal session for applicant 197895504
2026-09-05 20:23:13,660 [INFO] Retrieved 1 Sales Center opportunities via portal for applicant 197895504
2026-09-05 20:23:13,885 [INFO] Retrieved 50 discussions via portal session for applicant 198604342
2026-09-05 20:23:14,200 [INFO] Retrieved 2 Sales Center opportunities via portal for applicant 198604342
2026-09-05 20:23:14,453 [INFO] Retrieved 50 discussions via portal session for applicant 198908859
2026-09-05 20:23:14,765 [INFO] Retrieved 1 Sales Center opportunities via portal for applicant 198908859
2026-09-05 20:23:15,033 [INFO] Retrieved 50 discussions via portal session for applicant 199797602
2026-09-05 20:23:15,342 [INFO] Retrieved 1 Sales Center opportunities via portal for applicant 199797602
2026-09-05 20:23:15,630 [INFO] Retrieved 50 discussions via portal session for applicant 21587333
2026-09-05 20:23:15,955 [INFO] Retrieved 2 Sales Center opportunities via portal for applicant 21587333
2026-09-05 20:23:16,222 [INFO] Retrieved 50 discussions via portal session for applicant 21588091
2026-09-05 20:23:16,529 [INFO] Retrieved 1 Sales Center opportunities via portal for applicant 21588091
2026-09-05 20:23:16,762 [INFO] Retrieved 23 discussions via portal session for applicant 220250093
2026-09-05 20:23:17,077 [INFO] Retrieved 1 Sales Center opportunities via portal for applicant 220250093
2026-09-05 20:23:17,494 [INFO] Retrieved 50 discussions via portal session for applicant 25156187
2026-09-05 20:23:17,841 [INFO] Retrieved 1 Sales Center opportunities via portal for applicant 25156187
2026-09-05 20:23:18,163 [INFO] Retrieved 50 discussions via portal session for applicant 25721447
2026-09-05 20:23:18,470 [INFO] Retrieved 4 Sales Center opportunities via portal for applicant 25721447
2026-09-05 20:23:18,766 [INFO] Retrieved 50 discussions via portal session for applicant 26042781
2026-09-05 20:23:19,087 [INFO] Retrieved 2 Sales Center opportunities via portal for applicant 26042781
2026-09-05 20:23:19,358 [INFO] Retrieved 50 discussions via portal session for applicant 35209713
2026-09-05 20:23:19,676 [INFO] Retrieved 1 Sales Center opportunities via portal for applicant 35209713
2026-09-05 20:23:19,924 [INFO] Retrieved 50 discussions via portal session for applicant 54893172
2026-09-05 20:23:20,245 [INFO] Retrieved 7 Sales Center opportunities via portal for applicant 54893172
2026-09-05 20:23:20,471 [INFO] Retrieved 50 discussions via portal session for applicant 58768907
2026-09-05 20:23:20,804 [INFO] Retrieved 1 Sales Center opportunities via portal for applicant 58768907
2026-09-05 20:23:21,085 [INFO] Retrieved 50 discussions via portal session for applicant 58866127
2026-09-05 20:23:21,391 [INFO] Retrieved 1 Sales Center opportunities via portal for applicant 58866127
2026-09-05 20:23:21,728 [INFO] Retrieved 50 discussions via portal session for applicant 76858853
2026-09-05 20:23:22,037 [INFO] Retrieved 2 Sales Center opportunities via portal for applicant 76858853
2026-09-05 20:23:22,306 [INFO] Retrieved 50 discussions via portal session for applicant 79002334
2026-09-05 20:23:22,610 [INFO] Retrieved 1 Sales Center opportunities via portal for applicant 79002334
2026-09-05 20:23:22,898 [INFO] Retrieved 50 discussions via portal session for applicant 83571357
2026-09-05 20:23:23,629 [INFO] Retrieved 50 discussions via portal session for applicant 84705043
2026-09-05 20:23:23,944 [INFO] Retrieved 1 Sales Center opportunities via portal for applicant 84705043
2026-09-05 20:23:24,203 [INFO] Retrieved 50 discussions via portal session for applicant 95254866
2026-09-05 20:23:25,029 [INFO] Retrieved 50 discussions via portal session for applicant 99055770
2026-09-05 20:23:25,345 [INFO] Retrieved 1 Sales Center opportunities via portal for applicant 99055770
2026-09-05 20:23:25,563 [INFO] Retrieved 50 discussions via portal session for applicant 99340932
2026-09-05 20:23:25,914 [INFO] Retrieved 1 Sales Center opportunities via portal for applicant 99340932
{
  "applicants_scanned": 39,
  "applicant_ids": [
    "102351931",
    "143979332",
    "144897143",
    "145217363",
    "145834411",
    "148235525",
    "150751441",
    "151382204",
    "151445306",
    "157388228",
    "163863318",
    "173838508",
    "186333470",
    "193438339",
    "196126698",
    "196851140",
    "197389903",
    "197891661",
    "197895504",
    "198604342",
    "198908859",
    "199797602",
    "21587333",
    "21588091",
    "220250093",
    "25156187",
    "25721447",
    "26042781",
    "35209713",
    "54893172",
    "58768907",
    "58866127",
    "76858853",
    "79002334",
    "83571357",
    "84705043",
    "95254866",
    "99055770",
    "99340932"
  ],
  "dispatched": [],
  "errors": [],
  "dry_run": false
}
2026-09-05T20:23:26+00:00 finish robie call label watch rc=0
2026-09-05T20:28:01+00:00 start robie call label watch timeout=90s extra=
2026-09-05 20:28:02,375 [INFO] Retrieved 50 discussions via portal session for applicant 102351931
2026-09-05 20:28:02,942 [INFO] Successfully authenticated with Classic EZLynx API (EZToken issued).
2026-09-05 20:28:03,284 [INFO] Retrieved 1 Sales Center opportunities via portal for applicant 102351931
2026-09-05 20:28:03,513 [INFO] Retrieved 50 discussions via portal session for applicant 143979332
2026-09-05 20:28:04,260 [INFO] Retrieved 50 discussions via portal session for applicant 144897143
2026-09-05 20:28:04,590 [INFO] Retrieved 1 Sales Center opportunities via portal for applicant 144897143
2026-09-05 20:28:04,808 [INFO] Retrieved 50 discussions via portal session for applicant 145217363
2026-09-05 20:28:05,145 [INFO] Retrieved 1 Sales Center opportunities via portal for applicant 145217363
2026-09-05 20:28:05,365 [INFO] Retrieved 50 discussions via portal session for applicant 145834411
2026-09-05 20:28:05,686 [INFO] Retrieved 1 Sales Center opportunities via portal for applicant 145834411
2026-09-05 20:28:05,914 [INFO] Retrieved 50 discussions via portal session for applicant 148235525
2026-09-05 20:28:06,251 [INFO] Retrieved 2 Sales Center opportunities via portal for applicant 148235525
2026-09-05 20:28:06,536 [INFO] Retrieved 50 discussions via portal session for applicant 150751441
2026-09-05 20:28:06,858 [INFO] Retrieved 1 Sales Center opportunities via portal for applicant 150751441
2026-09-05 20:28:07,186 [INFO] Retrieved 50 discussions via portal session for applicant 151382204
2026-09-05 20:28:07,545 [INFO] Retrieved 1 Sales Center opportunities via portal for applicant 151382204
2026-09-05 20:28:07,872 [INFO] Retrieved 50 discussions via portal session for applicant 151445306
2026-09-05 20:28:08,190 [INFO] Retrieved 2 Sales Center opportunities via portal for applicant 151445306
2026-09-05 20:28:08,461 [INFO] Retrieved 50 discussions via portal session for applicant 157388228
2026-09-05 20:28:08,796 [INFO] Retrieved 1 Sales Center opportunities via portal for applicant 157388228
2026-09-05 20:28:09,132 [INFO] Retrieved 50 discussions via portal session for applicant 163863318
2026-09-05 20:28:09,451 [INFO] Retrieved 1 Sales Center opportunities via portal for applicant 163863318
2026-09-05 20:28:09,692 [INFO] Retrieved 50 discussions via portal session for applicant 173838508
2026-09-05 20:28:10,017 [INFO] Retrieved 1 Sales Center opportunities via portal for applicant 173838508
2026-09-05 20:28:10,241 [INFO] Retrieved 50 discussions via portal session for applicant 186333470
2026-09-05 20:28:10,621 [INFO] Retrieved 2 Sales Center opportunities via portal for applicant 186333470
2026-09-05 20:28:10,866 [INFO] Retrieved 50 discussions via portal session for applicant 193438339
2026-09-05 20:28:11,201 [INFO] Retrieved 1 Sales Center opportunities via portal for applicant 193438339
2026-09-05 20:28:11,482 [INFO] Retrieved 27 discussions via portal session for applicant 196126698
2026-09-05 20:28:11,806 [INFO] Retrieved 1 Sales Center opportunities via portal for applicant 196126698
2026-09-05 20:28:12,016 [INFO] Retrieved 50 discussions via portal session for applicant 196851140
2026-09-05 20:28:12,338 [INFO] Retrieved 1 Sales Center opportunities via portal for applicant 196851140
2026-09-05 20:28:12,594 [INFO] Retrieved 50 discussions via portal session for applicant 197389903
2026-09-05 20:28:12,967 [INFO] Retrieved 1 Sales Center opportunities via portal for applicant 197389903
2026-09-05 20:28:13,179 [INFO] Retrieved 50 discussions via portal session for applicant 197891661
2026-09-05 20:28:13,515 [INFO] Retrieved 1 Sales Center opportunities via portal for applicant 197891661
2026-09-05 20:28:13,828 [INFO] Retrieved 50 discussions via portal session for applicant 197895504
2026-09-05 20:28:14,144 [INFO] Retrieved 1 Sales Center opportunities via portal for applicant 197895504
2026-09-05 20:28:14,387 [INFO] Retrieved 50 discussions via portal session for applicant 198604342
2026-09-05 20:28:14,706 [INFO] Retrieved 2 Sales Center opportunities via portal for applicant 198604342
2026-09-05 20:28:14,996 [INFO] Retrieved 50 discussions via portal session for applicant 198908859
2026-09-05 20:28:15,331 [INFO] Retrieved 1 Sales Center opportunities via portal for applicant 198908859
2026-09-05 20:28:15,589 [INFO] Retrieved 50 discussions via portal session for applicant 199797602
2026-09-05 20:28:15,911 [INFO] Retrieved 1 Sales Center opportunities via portal for applicant 199797602
2026-09-05 20:28:16,168 [INFO] Retrieved 50 discussions via portal session for applicant 21587333
2026-09-05 20:28:16,487 [INFO] Retrieved 2 Sales Center opportunities via portal for applicant 21587333
2026-09-05 20:28:16,761 [INFO] Retrieved 50 discussions via portal session for applicant 21588091
2026-09-05 20:28:17,117 [INFO] Retrieved 1 Sales Center opportunities via portal for applicant 21588091
2026-09-05 20:28:17,327 [INFO] Retrieved 23 discussions via portal session for applicant 220250093
2026-09-05 20:28:17,660 [INFO] Retrieved 1 Sales Center opportunities via portal for applicant 220250093
2026-09-05 20:28:18,070 [INFO] Retrieved 50 discussions via portal session for applicant 25156187
2026-09-05 20:28:18,406 [INFO] Retrieved 1 Sales Center opportunities via portal for applicant 25156187
2026-09-05 20:28:18,681 [INFO] Retrieved 50 discussions via portal session for applicant 25721447
2026-09-05 20:28:19,013 [INFO] Retrieved 4 Sales Center opportunities via portal for applicant 25721447
2026-09-05 20:28:19,292 [INFO] Retrieved 50 discussions via portal session for applicant 26042781
2026-09-05 20:28:19,621 [INFO] Retrieved 2 Sales Center opportunities via portal for applicant 26042781
2026-09-05 20:28:19,930 [INFO] Retrieved 50 discussions via portal session for applicant 35209713
2026-09-05 20:28:20,267 [INFO] Retrieved 1 Sales Center opportunities via portal for applicant 35209713
2026-09-05 20:28:20,499 [INFO] Retrieved 50 discussions via portal session for applicant 54893172
2026-09-05 20:28:20,826 [INFO] Retrieved 7 Sales Center opportunities via portal for applicant 54893172
2026-09-05 20:28:21,079 [INFO] Retrieved 50 discussions via portal session for applicant 58768907
2026-09-05 20:28:21,404 [INFO] Retrieved 1 Sales Center opportunities via portal for applicant 58768907
2026-09-05 20:28:21,708 [INFO] Retrieved 50 discussions via portal session for applicant 58866127
2026-09-05 20:28:22,029 [INFO] Retrieved 1 Sales Center opportunities via portal for applicant 58866127
2026-09-05 20:28:22,273 [INFO] Retrieved 50 discussions via portal session for applicant 76858853
2026-09-05 20:28:22,605 [INFO] Retrieved 2 Sales Center opportunities via portal for applicant 76858853
2026-09-05 20:28:22,885 [INFO] Retrieved 50 discussions via portal session for applicant 79002334
2026-09-05 20:28:23,223 [INFO] Retrieved 1 Sales Center opportunities via portal for applicant 79002334
2026-09-05 20:28:23,470 [INFO] Retrieved 50 discussions via portal session for applicant 83571357
2026-09-05 20:28:24,182 [INFO] Retrieved 50 discussions via portal session for applicant 84705043
2026-09-05 20:28:24,491 [INFO] Retrieved 1 Sales Center opportunities via portal for applicant 84705043
2026-09-05 20:28:24,704 [INFO] Retrieved 50 discussions via portal session for applicant 95254866
2026-09-05 20:28:25,505 [INFO] Retrieved 50 discussions via portal session for applicant 99055770
2026-09-05 20:28:25,819 [INFO] Retrieved 1 Sales Center opportunities via portal for applicant 99055770
2026-09-05 20:28:26,071 [INFO] Retrieved 50 discussions via portal session for applicant 99340932
2026-09-05 20:28:26,380 [INFO] Retrieved 1 Sales Center opportunities via portal for applicant 99340932
{
  "applicants_scanned": 39,
  "applicant_ids": [
    "102351931",
    "143979332",
    "144897143",
    "145217363",
    "145834411",
    "148235525",
    "150751441",
    "151382204",
    "151445306",
    "157388228",
    "163863318",
    "173838508",
    "186333470",
    "193438339",
    "196126698",
    "196851140",
    "197389903",
    "197891661",
    "197895504",
    "198604342",
    "198908859",
    "199797602",
    "21587333",
    "21588091",
    "220250093",
    "25156187",
    "25721447",
    "26042781",
    "35209713",
    "54893172",
    "58768907",
    "58866127",
    "76858853",
    "79002334",
    "83571357",
    "84705043",
    "95254866",
    "99055770",
    "99340932"
  ],
  "dispatched": [],
  "errors": [],
  "dry_run": false
}
2026-09-05T20:28:26+00:00 finish robie call label watch rc=0
2026-09-05T20:33:01+00:00 start robie call label watch timeout=90s extra=
2026-09-05 20:33:02,823 [INFO] Retrieved 50 discussions via portal session for applicant 102351931
2026-09-05 20:33:03,344 [INFO] Successfully authenticated with Classic EZLynx API (EZToken issued).
2026-09-05 20:33:03,667 [INFO] Retrieved 1 Sales Center opportunities via portal for applicant 102351931
2026-09-05 20:33:03,896 [INFO] Retrieved 50 discussions via portal session for applicant 143979332
2026-09-05 20:33:04,588 [INFO] Retrieved 50 discussions via portal session for applicant 144897143
2026-09-05 20:33:04,904 [INFO] Retrieved 1 Sales Center opportunities via portal for applicant 144897143
2026-09-05 20:33:05,122 [INFO] Retrieved 50 discussions via portal session for applicant 145217363
2026-09-05 20:33:05,444 [INFO] Retrieved 1 Sales Center opportunities via portal for applicant 145217363
2026-09-05 20:33:05,669 [INFO] Retrieved 50 discussions via portal session for applicant 145834411
2026-09-05 20:33:05,980 [INFO] Retrieved 1 Sales Center opportunities via portal for applicant 145834411
2026-09-05 20:33:06,192 [INFO] Retrieved 50 discussions via portal session for applicant 148235525
2026-09-05 20:33:06,507 [INFO] Retrieved 2 Sales Center opportunities via portal for applicant 148235525
2026-09-05 20:33:06,778 [INFO] Retrieved 50 discussions via portal session for applicant 150751441
2026-09-05 20:33:07,095 [INFO] Retrieved 1 Sales Center opportunities via portal for applicant 150751441
2026-09-05 20:33:07,377 [INFO] Retrieved 50 discussions via portal session for applicant 151382204
2026-09-05 20:33:07,698 [INFO] Retrieved 1 Sales Center opportunities via portal for applicant 151382204
2026-09-05 20:33:08,003 [INFO] Retrieved 50 discussions via portal session for applicant 151445306
2026-09-05 20:33:08,318 [INFO] Retrieved 2 Sales Center opportunities via portal for applicant 151445306
2026-09-05 20:33:08,616 [INFO] Retrieved 50 discussions via portal session for applicant 157388228
2026-09-05 20:33:08,936 [INFO] Retrieved 1 Sales Center opportunities via portal for applicant 157388228
2026-09-05 20:33:09,266 [INFO] Retrieved 50 discussions via portal session for applicant 163863318
2026-09-05 20:33:09,587 [INFO] Retrieved 1 Sales Center opportunities via portal for applicant 163863318
2026-09-05 20:33:09,802 [INFO] Retrieved 50 discussions via portal session for applicant 173838508
2026-09-05 20:33:10,118 [INFO] Retrieved 1 Sales Center opportunities via portal for applicant 173838508
2026-09-05 20:33:10,342 [INFO] Retrieved 50 discussions via portal session for applicant 186333470
2026-09-05 20:33:10,687 [INFO] Retrieved 2 Sales Center opportunities via portal for applicant 186333470
2026-09-05 20:33:10,919 [INFO] Retrieved 50 discussions via portal session for applicant 193438339
2026-09-05 20:33:11,263 [INFO] Retrieved 1 Sales Center opportunities via portal for applicant 193438339
2026-09-05 20:33:11,496 [INFO] Retrieved 27 discussions via portal session for applicant 196126698
2026-09-05 20:33:11,825 [INFO] Retrieved 1 Sales Center opportunities via portal for applicant 196126698
2026-09-05 20:33:12,041 [INFO] Retrieved 50 discussions via portal session for applicant 196851140
2026-09-05 20:33:12,370 [INFO] Retrieved 1 Sales Center opportunities via portal for applicant 196851140
2026-09-05 20:33:12,638 [INFO] Retrieved 50 discussions via portal session for applicant 197389903
2026-09-05 20:33:12,974 [INFO] Retrieved 1 Sales Center opportunities via portal for applicant 197389903
2026-09-05 20:33:13,193 [INFO] Retrieved 50 discussions via portal session for applicant 197891661
2026-09-05 20:33:13,515 [INFO] Retrieved 1 Sales Center opportunities via portal for applicant 197891661
2026-09-05 20:33:13,768 [INFO] Retrieved 50 discussions via portal session for applicant 197895504
2026-09-05 20:33:14,092 [INFO] Retrieved 1 Sales Center opportunities via portal for applicant 197895504
2026-09-05 20:33:14,355 [INFO] Retrieved 50 discussions via portal session for applicant 198604342
2026-09-05 20:33:14,673 [INFO] Retrieved 2 Sales Center opportunities via portal for applicant 198604342
2026-09-05 20:33:14,962 [INFO] Retrieved 50 discussions via portal session for applicant 198908859
2026-09-05 20:33:15,282 [INFO] Retrieved 1 Sales Center opportunities via portal for applicant 198908859
2026-09-05 20:33:15,591 [INFO] Retrieved 50 discussions via portal session for applicant 199797602
2026-09-05 20:33:15,904 [INFO] Retrieved 1 Sales Center opportunities via portal for applicant 199797602
2026-09-05 20:33:16,169 [INFO] Retrieved 50 discussions via portal session for applicant 21587333
2026-09-05 20:33:16,522 [INFO] Retrieved 2 Sales Center opportunities via portal for applicant 21587333
2026-09-05 20:33:16,772 [INFO] Retrieved 50 discussions via portal session for applicant 21588091
2026-09-05 20:33:17,106 [INFO] Retrieved 1 Sales Center opportunities via portal for applicant 21588091
2026-09-05 20:33:17,354 [INFO] Retrieved 23 discussions via portal session for applicant 220250093
2026-09-05 20:33:17,691 [INFO] Retrieved 1 Sales Center opportunities via portal for applicant 220250093
2026-09-05 20:33:18,065 [INFO] Retrieved 50 discussions via portal session for applicant 25156187
2026-09-05 20:33:18,383 [INFO] Retrieved 1 Sales Center opportunities via portal for applicant 25156187
2026-09-05 20:33:18,703 [INFO] Retrieved 50 discussions via portal session for applicant 25721447
2026-09-05 20:33:19,031 [INFO] Retrieved 4 Sales Center opportunities via portal for applicant 25721447
2026-09-05 20:33:19,312 [INFO] Retrieved 50 discussions via portal session for applicant 26042781
2026-09-05 20:33:19,620 [INFO] Retrieved 2 Sales Center opportunities via portal for applicant 26042781
2026-09-05 20:33:19,938 [INFO] Retrieved 50 discussions via portal session for applicant 35209713
2026-09-05 20:33:20,275 [INFO] Retrieved 1 Sales Center opportunities via portal for applicant 35209713
2026-09-05 20:33:20,521 [INFO] Retrieved 50 discussions via portal session for applicant 54893172
2026-09-05 20:33:20,845 [INFO] Retrieved 7 Sales Center opportunities via portal for applicant 54893172
2026-09-05 20:33:21,089 [INFO] Retrieved 50 discussions via portal session for applicant 58768907
2026-09-05 20:33:21,412 [INFO] Retrieved 1 Sales Center opportunities via portal for applicant 58768907
2026-09-05 20:33:21,724 [INFO] Retrieved 50 discussions via portal session for applicant 58866127
2026-09-05 20:33:22,043 [INFO] Retrieved 1 Sales Center opportunities via portal for applicant 58866127
2026-09-05 20:33:22,290 [INFO] Retrieved 50 discussions via portal session for applicant 76858853
2026-09-05 20:33:22,612 [INFO] Retrieved 2 Sales Center opportunities via portal for applicant 76858853
2026-09-05 20:33:22,873 [INFO] Retrieved 50 discussions via portal session for applicant 79002334
2026-09-05 20:33:23,210 [INFO] Retrieved 1 Sales Center opportunities via portal for applicant 79002334
2026-09-05 20:33:23,428 [INFO] Retrieved 50 discussions via portal session for applicant 83571357
2026-09-05 20:33:24,168 [INFO] Retrieved 50 discussions via portal session for applicant 84705043
2026-09-05 20:33:24,496 [INFO] Retrieved 1 Sales Center opportunities via portal for applicant 84705043
2026-09-05 20:33:24,756 [INFO] Retrieved 50 discussions via portal session for applicant 95254866
2026-09-05 20:33:25,558 [INFO] Retrieved 50 discussions via portal session for applicant 99055770
2026-09-05 20:33:25,892 [INFO] Retrieved 1 Sales Center opportunities via portal for applicant 99055770
2026-09-05 20:33:26,111 [INFO] Retrieved 50 discussions via portal session for applicant 99340932
2026-09-05 20:33:26,490 [INFO] Retrieved 1 Sales Center opportunities via portal for applicant 99340932
{
  "applicants_scanned": 39,
  "applicant_ids": [
    "102351931",
    "143979332",
    "144897143",
    "145217363",
    "145834411",
    "148235525",
    "150751441",
    "151382204",
    "151445306",
    "157388228",
    "163863318",
    "173838508",
    "186333470",
    "193438339",
    "196126698",
    "196851140",
    "197389903",
    "197891661",
    "197895504",
    "198604342",
    "198908859",
    "199797602",
    "21587333",
    "21588091",
    "220250093",
    "25156187",
    "25721447",
    "26042781",
    "35209713",
    "54893172",
    "58768907",
    "58866127",
    "76858853",
    "79002334",
    "83571357",
    "84705043",
    "95254866",
    "99055770",
    "99340932"
  ],
  "dispatched": [],
  "errors": [],
  "dry_run": false
}
2026-09-05T20:33:26+00:00 finish robie call label watch rc=0
2026-09-05T20:38:01+00:00 start robie call label watch timeout=90s extra=
2026-09-05 20:38:03,008 [INFO] Retrieved 50 discussions via portal session for applicant 102351931
2026-09-05 20:38:03,554 [INFO] Successfully authenticated with Classic EZLynx API (EZToken issued).
2026-09-05 20:38:03,921 [INFO] Retrieved 1 Sales Center opportunities via portal for applicant 102351931
2026-09-05 20:38:04,153 [INFO] Retrieved 50 discussions via portal session for applicant 143979332
2026-09-05 20:38:04,980 [INFO] Retrieved 50 discussions via portal session for applicant 144897143
2026-09-05 20:38:05,358 [INFO] Retrieved 1 Sales Center opportunities via portal for applicant 144897143
2026-09-05 20:38:05,623 [INFO] Retrieved 50 discussions via portal session for applicant 145217363
2026-09-05 20:38:05,946 [INFO] Retrieved 1 Sales Center opportunities via portal for applicant 145217363
2026-09-05 20:38:06,208 [INFO] Retrieved 50 discussions via portal session for applicant 145834411
2026-09-05 20:38:06,542 [INFO] Retrieved 1 Sales Center opportunities via portal for applicant 145834411
2026-09-05 20:38:06,800 [INFO] Retrieved 50 discussions via portal session for applicant 148235525
2026-09-05 20:38:07,159 [INFO] Retrieved 2 Sales Center opportunities via portal for applicant 148235525
2026-09-05 20:38:07,499 [INFO] Retrieved 50 discussions via portal session for applicant 150751441
2026-09-05 20:38:07,832 [INFO] Retrieved 1 Sales Center opportunities via portal for applicant 150751441
2026-09-05 20:38:08,141 [INFO] Retrieved 50 discussions via portal session for applicant 151382204
2026-09-05 20:38:08,467 [INFO] Retrieved 1 Sales Center opportunities via portal for applicant 151382204
2026-09-05 20:38:08,731 [INFO] Retrieved 50 discussions via portal session for applicant 151445306
2026-09-05 20:38:09,054 [INFO] Retrieved 2 Sales Center opportunities via portal for applicant 151445306
2026-09-05 20:38:09,334 [INFO] Retrieved 50 discussions via portal session for applicant 157388228
2026-09-05 20:38:09,678 [INFO] Retrieved 1 Sales Center opportunities via portal for applicant 157388228
2026-09-05 20:38:09,953 [INFO] Retrieved 50 discussions via portal session for applicant 163863318
2026-09-05 20:38:10,280 [INFO] Retrieved 1 Sales Center opportunities via portal for applicant 163863318
2026-09-05 20:38:10,531 [INFO] Retrieved 50 discussions via portal session for applicant 173838508
2026-09-05 20:38:10,919 [INFO] Retrieved 1 Sales Center opportunities via portal for applicant 173838508
2026-09-05 20:38:11,197 [INFO] Retrieved 50 discussions via portal session for applicant 186333470
2026-09-05 20:38:11,511 [INFO] Retrieved 2 Sales Center opportunities via portal for applicant 186333470
2026-09-05 20:38:11,797 [INFO] Retrieved 50 discussions via portal session for applicant 193438339
2026-09-05 20:38:12,165 [INFO] Retrieved 1 Sales Center opportunities via portal for applicant 193438339
2026-09-05 20:38:12,424 [INFO] Retrieved 27 discussions via portal session for applicant 196126698
2026-09-05 20:38:12,755 [INFO] Retrieved 1 Sales Center opportunities via portal for applicant 196126698
2026-09-05 20:38:12,978 [INFO] Retrieved 50 discussions via portal session for applicant 196851140
2026-09-05 20:38:13,317 [INFO] Retrieved 1 Sales Center opportunities via portal for applicant 196851140
2026-09-05 20:38:13,561 [INFO] Retrieved 50 discussions via portal session for applicant 197389903
2026-09-05 20:38:13,875 [INFO] Retrieved 1 Sales Center opportunities via portal for applicant 197389903
2026-09-05 20:38:14,104 [INFO] Retrieved 50 discussions via portal session for applicant 197891661
2026-09-05 20:38:14,435 [INFO] Retrieved 1 Sales Center opportunities via portal for applicant 197891661
2026-09-05 20:38:14,737 [INFO] Retrieved 50 discussions via portal session for applicant 197895504
2026-09-05 20:38:15,053 [INFO] Retrieved 1 Sales Center opportunities via portal for applicant 197895504
2026-09-05 20:38:15,340 [INFO] Retrieved 50 discussions via portal session for applicant 198604342
2026-09-05 20:38:15,681 [INFO] Retrieved 2 Sales Center opportunities via portal for applicant 198604342
2026-09-05 20:38:15,977 [INFO] Retrieved 50 discussions via portal session for applicant 198908859
2026-09-05 20:38:16,305 [INFO] Retrieved 1 Sales Center opportunities via portal for applicant 198908859
2026-09-05 20:38:16,564 [INFO] Retrieved 50 discussions via portal session for applicant 199797602
2026-09-05 20:38:16,871 [INFO] Retrieved 1 Sales Center opportunities via portal for applicant 199797602
2026-09-05 20:38:17,159 [INFO] Retrieved 50 discussions via portal session for applicant 21587333
2026-09-05 20:38:17,483 [INFO] Retrieved 2 Sales Center opportunities via portal for applicant 21587333
2026-09-05 20:38:17,731 [INFO] Retrieved 50 discussions via portal session for applicant 21588091
2026-09-05 20:38:18,049 [INFO] Retrieved 1 Sales Center opportunities via portal for applicant 21588091
2026-09-05 20:38:18,258 [INFO] Retrieved 23 discussions via portal session for applicant 220250093
2026-09-05 20:38:18,570 [INFO] Retrieved 1 Sales Center opportunities via portal for applicant 220250093
2026-09-05 20:38:18,949 [INFO] Retrieved 50 discussions via portal session for applicant 25156187
2026-09-05 20:38:19,309 [INFO] Retrieved 1 Sales Center opportunities via portal for applicant 25156187
2026-09-05 20:38:19,632 [INFO] Retrieved 50 discussions via portal session for applicant 25721447
2026-09-05 20:38:19,979 [INFO] Retrieved 4 Sales Center opportunities via portal for applicant 25721447
2026-09-05 20:38:20,332 [INFO] Retrieved 50 discussions via portal session for applicant 26042781
2026-09-05 20:38:20,673 [INFO] Retrieved 2 Sales Center opportunities via portal for applicant 26042781
2026-09-05 20:38:20,944 [INFO] Retrieved 50 discussions via portal session for applicant 35209713
2026-09-05 20:38:21,261 [INFO] Retrieved 1 Sales Center opportunities via portal for applicant 35209713
2026-09-05 20:38:21,508 [INFO] Retrieved 50 discussions via portal session for applicant 54893172
2026-09-05 20:38:21,870 [INFO] Retrieved 7 Sales Center opportunities via portal for applicant 54893172
2026-09-05 20:38:22,092 [INFO] Retrieved 50 discussions via portal session for applicant 58768907
2026-09-05 20:38:22,403 [INFO] Retrieved 1 Sales Center opportunities via portal for applicant 58768907
2026-09-05 20:38:22,713 [INFO] Retrieved 50 discussions via portal session for applicant 58866127
2026-09-05 20:38:23,024 [INFO] Retrieved 1 Sales Center opportunities via portal for applicant 58866127
2026-09-05 20:38:23,290 [INFO] Retrieved 50 discussions via portal session for applicant 76858853
2026-09-05 20:38:23,604 [INFO] Retrieved 2 Sales Center opportunities via portal for applicant 76858853
2026-09-05 20:38:23,838 [INFO] Retrieved 50 discussions via portal session for applicant 79002334
2026-09-05 20:38:43,475 [INFO] Retrieved 1 Sales Center opportunities via portal for applicant 79002334
2026-09-05 20:38:43,743 [INFO] Retrieved 50 discussions via portal session for applicant 83571357
2026-09-05 20:38:44,502 [INFO] Retrieved 50 discussions via portal session for applicant 84705043
2026-09-05 20:38:44,820 [INFO] Retrieved 1 Sales Center opportunities via portal for applicant 84705043
2026-09-05 20:38:45,103 [INFO] Retrieved 50 discussions via portal session for applicant 95254866
2026-09-05 20:38:45,867 [INFO] Retrieved 50 discussions via portal session for applicant 99055770
2026-09-05 20:38:46,186 [INFO] Retrieved 1 Sales Center opportunities via portal for applicant 99055770
2026-09-05 20:38:46,420 [INFO] Retrieved 50 discussions via portal session for applicant 99340932
2026-09-05 20:38:46,727 [INFO] Retrieved 1 Sales Center opportunities via portal for applicant 99340932
{
  "applicants_scanned": 39,
  "applicant_ids": [
    "102351931",
    "143979332",
    "144897143",
    "145217363",
    "145834411",
    "148235525",
    "150751441",
    "151382204",
    "151445306",
    "157388228",
    "163863318",
    "173838508",
    "186333470",
    "193438339",
    "196126698",
    "196851140",
    "197389903",
    "197891661",
    "197895504",
    "198604342",
    "198908859",
    "199797602",
    "21587333",
    "21588091",
    "220250093",
    "25156187",
    "25721447",
    "26042781",
    "35209713",
    "54893172",
    "58768907",
    "58866127",
    "76858853",
    "79002334",
    "83571357",
    "84705043",
    "95254866",
    "99055770",
    "99340932"
  ],
  "dispatched": [],
  "errors": [],
  "dry_run": false
}
2026-09-05T20:38:46+00:00 finish robie call label watch rc=0
2026-09-05T20:43:02+00:00 start robie call label watch timeout=90s extra=
2026-09-05 20:43:03,196 [INFO] Retrieved 50 discussions via portal session for applicant 102351931
2026-09-05 20:43:03,729 [INFO] Successfully authenticated with Classic EZLynx API (EZToken issued).
2026-09-05 20:43:04,097 [INFO] Retrieved 1 Sales Center opportunities via portal for applicant 102351931
2026-09-05 20:43:04,365 [INFO] Retrieved 50 discussions via portal session for applicant 143979332
2026-09-05 20:43:05,132 [INFO] Retrieved 50 discussions via portal session for applicant 144897143
2026-09-05 20:43:05,618 [INFO] Retrieved 1 Sales Center opportunities via portal for applicant 144897143
2026-09-05 20:43:05,890 [INFO] Retrieved 50 discussions via portal session for applicant 145217363
2026-09-05 20:43:06,264 [INFO] Retrieved 1 Sales Center opportunities via portal for applicant 145217363
2026-09-05 20:43:06,526 [INFO] Retrieved 50 discussions via portal session for applicant 145834411
2026-09-05 20:43:06,852 [INFO] Retrieved 1 Sales Center opportunities via portal for applicant 145834411
2026-09-05 20:43:07,112 [INFO] Retrieved 50 discussions via portal session for applicant 148235525
2026-09-05 20:43:07,450 [INFO] Retrieved 2 Sales Center opportunities via portal for applicant 148235525
2026-09-05 20:43:07,699 [INFO] Retrieved 50 discussions via portal session for applicant 150751441
2026-09-05 20:43:08,021 [INFO] Retrieved 1 Sales Center opportunities via portal for applicant 150751441
2026-09-05 20:43:08,410 [INFO] Retrieved 50 discussions via portal session for applicant 151382204
2026-09-05 20:43:08,749 [INFO] Retrieved 1 Sales Center opportunities via portal for applicant 151382204
2026-09-05 20:43:09,013 [INFO] Retrieved 50 discussions via portal session for applicant 151445306
2026-09-05 20:43:09,328 [INFO] Retrieved 2 Sales Center opportunities via portal for applicant 151445306
2026-09-05 20:43:09,583 [INFO] Retrieved 50 discussions via portal session for applicant 157388228
2026-09-05 20:43:09,915 [INFO] Retrieved 1 Sales Center opportunities via portal for applicant 157388228
2026-09-05 20:43:10,251 [INFO] Retrieved 50 discussions via portal session for applicant 163863318
2026-09-05 20:43:10,574 [INFO] Retrieved 1 Sales Center opportunities via portal for applicant 163863318
2026-09-05 20:43:10,795 [INFO] Retrieved 50 discussions via portal session for applicant 173838508
2026-09-05 20:43:11,111 [INFO] Retrieved 1 Sales Center opportunities via portal for applicant 173838508
2026-09-05 20:43:11,332 [INFO] Retrieved 50 discussions via portal session for applicant 186333470
2026-09-05 20:43:11,661 [INFO] Retrieved 2 Sales Center opportunities via portal for applicant 186333470
2026-09-05 20:43:11,909 [INFO] Retrieved 50 discussions via portal session for applicant 193438339
2026-09-05 20:43:12,230 [INFO] Retrieved 1 Sales Center opportunities via portal for applicant 193438339
2026-09-05 20:43:12,485 [INFO] Retrieved 27 discussions via portal session for applicant 196126698
2026-09-05 20:43:12,801 [INFO] Retrieved 1 Sales Center opportunities via portal for applicant 196126698
2026-09-05 20:43:13,050 [INFO] Retrieved 50 discussions via portal session for applicant 196851140
2026-09-05 20:43:13,429 [INFO] Retrieved 1 Sales Center opportunities via portal for applicant 196851140
2026-09-05 20:43:13,653 [INFO] Retrieved 50 discussions via portal session for applicant 197389903
2026-09-05 20:43:13,976 [INFO] Retrieved 1 Sales Center opportunities via portal for applicant 197389903
2026-09-05 20:43:14,197 [INFO] Retrieved 50 discussions via portal session for applicant 197891661
2026-09-05 20:43:14,514 [INFO] Retrieved 1 Sales Center opportunities via portal for applicant 197891661
2026-09-05 20:43:14,762 [INFO] Retrieved 50 discussions via portal session for applicant 197895504
2026-09-05 20:43:15,100 [INFO] Retrieved 1 Sales Center opportunities via portal for applicant 197895504
2026-09-05 20:43:15,332 [INFO] Retrieved 50 discussions via portal session for applicant 198604342
2026-09-05 20:43:15,660 [INFO] Retrieved 2 Sales Center opportunities via portal for applicant 198604342
2026-09-05 20:43:15,915 [INFO] Retrieved 50 discussions via portal session for applicant 198908859
2026-09-05 20:43:16,782 [INFO] Retrieved 1 Sales Center opportunities via portal for applicant 198908859
2026-09-05 20:43:17,039 [INFO] Retrieved 50 discussions via portal session for applicant 199797602
2026-09-05 20:43:17,352 [INFO] Retrieved 1 Sales Center opportunities via portal for applicant 199797602
2026-09-05 20:43:17,687 [INFO] Retrieved 50 discussions via portal session for applicant 21587333
2026-09-05 20:43:18,006 [INFO] Retrieved 2 Sales Center opportunities via portal for applicant 21587333
2026-09-05 20:43:18,278 [INFO] Retrieved 50 discussions via portal session for applicant 21588091
2026-09-05 20:43:18,591 [INFO] Retrieved 1 Sales Center opportunities via portal for applicant 21588091
2026-09-05 20:43:18,801 [INFO] Retrieved 23 discussions via portal session for applicant 220250093
2026-09-05 20:43:19,126 [INFO] Retrieved 1 Sales Center opportunities via portal for applicant 220250093
2026-09-05 20:43:19,528 [INFO] Retrieved 50 discussions via portal session for applicant 25156187
2026-09-05 20:43:19,887 [INFO] Retrieved 1 Sales Center opportunities via portal for applicant 25156187
2026-09-05 20:43:20,471 [INFO] Retrieved 50 discussions via portal session for applicant 25721447
2026-09-05 20:43:20,789 [INFO] Retrieved 4 Sales Center opportunities via portal for applicant 25721447
2026-09-05 20:43:21,066 [INFO] Retrieved 50 discussions via portal session for applicant 26042781
2026-09-05 20:43:21,382 [INFO] Retrieved 2 Sales Center opportunities via portal for applicant 26042781
2026-09-05 20:43:21,690 [INFO] Retrieved 50 discussions via portal session for applicant 35209713
2026-09-05 20:43:22,003 [INFO] Retrieved 1 Sales Center opportunities via portal for applicant 35209713
2026-09-05 20:43:22,243 [INFO] Retrieved 50 discussions via portal session for applicant 54893172
2026-09-05 20:43:22,566 [INFO] Retrieved 7 Sales Center opportunities via portal for applicant 54893172
2026-09-05 20:43:22,838 [INFO] Retrieved 50 discussions via portal session for applicant 58768907
2026-09-05 20:43:23,148 [INFO] Retrieved 1 Sales Center opportunities via portal for applicant 58768907
2026-09-05 20:43:23,474 [INFO] Retrieved 50 discussions via portal session for applicant 58866127
2026-09-05 20:43:23,789 [INFO] Retrieved 1 Sales Center opportunities via portal for applicant 58866127
2026-09-05 20:43:24,020 [INFO] Retrieved 50 discussions via portal session for applicant 76858853
2026-09-05 20:43:44,023 [INFO] Retrieved 2 Sales Center opportunities via portal for applicant 76858853
2026-09-05 20:43:44,256 [INFO] Retrieved 50 discussions via portal session for applicant 79002334
2026-09-05 20:43:44,590 [INFO] Retrieved 1 Sales Center opportunities via portal for applicant 79002334
2026-09-05 20:43:44,822 [INFO] Retrieved 50 discussions via portal session for applicant 83571357
2026-09-05 20:43:45,553 [INFO] Retrieved 50 discussions via portal session for applicant 84705043
2026-09-05 20:43:45,889 [INFO] Retrieved 1 Sales Center opportunities via portal for applicant 84705043
2026-09-05 20:43:46,162 [INFO] Retrieved 50 discussions via portal session for applicant 95254866
2026-09-05 20:43:46,960 [INFO] Retrieved 50 discussions via portal session for applicant 99055770
2026-09-05 20:43:47,271 [INFO] Retrieved 1 Sales Center opportunities via portal for applicant 99055770
2026-09-05 20:43:47,526 [INFO] Retrieved 50 discussions via portal session for applicant 99340932
2026-09-05 20:43:47,840 [INFO] Retrieved 1 Sales Center opportunities via portal for applicant 99340932
{
  "applicants_scanned": 39,
  "applicant_ids": [
    "102351931",
    "143979332",
    "144897143",
    "145217363",
    "145834411",
    "148235525",
    "150751441",
    "151382204",
    "151445306",
    "157388228",
    "163863318",
    "173838508",
    "186333470",
    "193438339",
    "196126698",
    "196851140",
    "197389903",
    "197891661",
    "197895504",
    "198604342",
    "198908859",
    "199797602",
    "21587333",
    "21588091",
    "220250093",
    "25156187",
    "25721447",
    "26042781",
    "35209713",
    "54893172",
    "58768907",
    "58866127",
    "76858853",
    "79002334",
    "83571357",
    "84705043",
    "95254866",
    "99055770",
    "99340932"
  ],
  "dispatched": [],
  "errors": [],
  "dry_run": false
}
2026-09-05T20:43:48+00:00 finish robie call label watch rc=0
2026-09-05T20:48:01+00:00 start robie call label watch timeout=90s extra=
2026-09-05 20:48:02,259 [INFO] Retrieved 50 discussions via portal session for applicant 102351931
2026-09-05 20:48:02,795 [INFO] Successfully authenticated with Classic EZLynx API (EZToken issued).
2026-09-05 20:48:03,114 [INFO] Retrieved 1 Sales Center opportunities via portal for applicant 102351931
2026-09-05 20:48:03,384 [INFO] Retrieved 50 discussions via portal session for applicant 143979332
2026-09-05 20:48:04,139 [INFO] Retrieved 50 discussions via portal session for applicant 144897143
2026-09-05 20:48:04,474 [INFO] Retrieved 1 Sales Center opportunities via portal for applicant 144897143
2026-09-05 20:48:04,693 [INFO] Retrieved 50 discussions via portal session for applicant 145217363
2026-09-05 20:48:05,025 [INFO] Retrieved 1 Sales Center opportunities via portal for applicant 145217363
2026-09-05 20:48:05,295 [INFO] Retrieved 50 discussions via portal session for applicant 145834411
2026-09-05 20:48:05,629 [INFO] Retrieved 1 Sales Center opportunities via portal for applicant 145834411
2026-09-05 20:48:05,892 [INFO] Retrieved 50 discussions via portal session for applicant 148235525
2026-09-05 20:48:06,206 [INFO] Retrieved 2 Sales Center opportunities via portal for applicant 148235525
2026-09-05 20:48:06,452 [INFO] Retrieved 50 discussions via portal session for applicant 150751441
2026-09-05 20:48:06,770 [INFO] Retrieved 1 Sales Center opportunities via portal for applicant 150751441
2026-09-05 20:48:07,059 [INFO] Retrieved 50 discussions via portal session for applicant 151382204
2026-09-05 20:48:07,378 [INFO] Retrieved 1 Sales Center opportunities via portal for applicant 151382204
2026-09-05 20:48:07,650 [INFO] Retrieved 50 discussions via portal session for applicant 151445306
2026-09-05 20:48:07,971 [INFO] Retrieved 2 Sales Center opportunities via portal for applicant 151445306
2026-09-05 20:48:08,248 [INFO] Retrieved 50 discussions via portal session for applicant 157388228
2026-09-05 20:48:08,571 [INFO] Retrieved 1 Sales Center opportunities via portal for applicant 157388228
2026-09-05 20:48:08,848 [INFO] Retrieved 50 discussions via portal session for applicant 163863318
2026-09-05 20:48:09,164 [INFO] Retrieved 1 Sales Center opportunities via portal for applicant 163863318
2026-09-05 20:48:09,415 [INFO] Retrieved 50 discussions via portal session for applicant 173838508
2026-09-05 20:48:09,734 [INFO] Retrieved 1 Sales Center opportunities via portal for applicant 173838508
2026-09-05 20:48:09,952 [INFO] Retrieved 50 discussions via portal session for applicant 186333470
2026-09-05 20:48:10,283 [INFO] Retrieved 2 Sales Center opportunities via portal for applicant 186333470
2026-09-05 20:48:10,547 [INFO] Retrieved 50 discussions via portal session for applicant 193438339
2026-09-05 20:48:10,863 [INFO] Retrieved 1 Sales Center opportunities via portal for applicant 193438339
2026-09-05 20:48:11,133 [INFO] Retrieved 27 discussions via portal session for applicant 196126698
2026-09-05 20:48:11,452 [INFO] Retrieved 1 Sales Center opportunities via portal for applicant 196126698
2026-09-05 20:48:11,668 [INFO] Retrieved 50 discussions via portal session for applicant 196851140
2026-09-05 20:48:11,997 [INFO] Retrieved 1 Sales Center opportunities via portal for applicant 196851140
2026-09-05 20:48:12,215 [INFO] Retrieved 50 discussions via portal session for applicant 197389903
2026-09-05 20:48:12,524 [INFO] Retrieved 1 Sales Center opportunities via portal for applicant 197389903
2026-09-05 20:48:12,773 [INFO] Retrieved 50 discussions via portal session for applicant 197891661
2026-09-05 20:48:13,082 [INFO] Retrieved 1 Sales Center opportunities via portal for applicant 197891661
2026-09-05 20:48:13,352 [INFO] Retrieved 50 discussions via portal session for applicant 197895504
2026-09-05 20:48:13,667 [INFO] Retrieved 1 Sales Center opportunities via portal for applicant 197895504
2026-09-05 20:48:13,891 [INFO] Retrieved 50 discussions via portal session for applicant 198604342
2026-09-05 20:48:14,228 [INFO] Retrieved 2 Sales Center opportunities via portal for applicant 198604342
2026-09-05 20:48:14,498 [INFO] Retrieved 50 discussions via portal session for applicant 198908859
2026-09-05 20:48:14,807 [INFO] Retrieved 1 Sales Center opportunities via portal for applicant 198908859
2026-09-05 20:48:15,095 [INFO] Retrieved 50 discussions via portal session for applicant 199797602
2026-09-05 20:48:15,455 [INFO] Retrieved 1 Sales Center opportunities via portal for applicant 199797602
2026-09-05 20:48:15,744 [INFO] Retrieved 50 discussions via portal session for applicant 21587333
2026-09-05 20:48:16,101 [INFO] Retrieved 2 Sales Center opportunities via portal for applicant 21587333
2026-09-05 20:48:16,362 [INFO] Retrieved 50 discussions via portal session for applicant 21588091
2026-09-05 20:48:16,696 [INFO] Retrieved 1 Sales Center opportunities via portal for applicant 21588091
2026-09-05 20:48:16,963 [INFO] Retrieved 23 discussions via portal session for applicant 220250093
2026-09-05 20:48:17,288 [INFO] Retrieved 1 Sales Center opportunities via portal for applicant 220250093
2026-09-05 20:48:17,676 [INFO] Retrieved 50 discussions via portal session for applicant 25156187
2026-09-05 20:48:18,026 [INFO] Retrieved 1 Sales Center opportunities via portal for applicant 25156187
2026-09-05 20:48:18,336 [INFO] Retrieved 50 discussions via portal session for applicant 25721447
2026-09-05 20:48:18,668 [INFO] Retrieved 4 Sales Center opportunities via portal for applicant 25721447
2026-09-05 20:48:18,941 [INFO] Retrieved 50 discussions via portal session for applicant 26042781
2026-09-05 20:48:19,262 [INFO] Retrieved 2 Sales Center opportunities via portal for applicant 26042781
2026-09-05 20:48:19,538 [INFO] Retrieved 50 discussions via portal session for applicant 35209713
2026-09-05 20:48:19,864 [INFO] Retrieved 1 Sales Center opportunities via portal for applicant 35209713
2026-09-05 20:48:20,097 [INFO] Retrieved 50 discussions via portal session for applicant 54893172
2026-09-05 20:48:20,418 [INFO] Retrieved 7 Sales Center opportunities via portal for applicant 54893172
2026-09-05 20:48:20,688 [INFO] Retrieved 50 discussions via portal session for applicant 58768907
2026-09-05 20:48:21,021 [INFO] Retrieved 1 Sales Center opportunities via portal for applicant 58768907
2026-09-05 20:48:21,307 [INFO] Retrieved 50 discussions via portal session for applicant 58866127
2026-09-05 20:48:21,651 [INFO] Retrieved 1 Sales Center opportunities via portal for applicant 58866127
2026-09-05 20:48:21,881 [INFO] Retrieved 50 discussions via portal session for applicant 76858853
2026-09-05 20:48:22,217 [INFO] Retrieved 2 Sales Center opportunities via portal for applicant 76858853
2026-09-05 20:48:22,486 [INFO] Retrieved 50 discussions via portal session for applicant 79002334
2026-09-05 20:48:22,817 [INFO] Retrieved 1 Sales Center opportunities via portal for applicant 79002334
2026-09-05 20:48:23,041 [INFO] Retrieved 50 discussions via portal session for applicant 83571357
2026-09-05 20:48:23,738 [INFO] Retrieved 50 discussions via portal session for applicant 84705043
2026-09-05 20:48:32,059 [INFO] Retrieved 1 Sales Center opportunities via portal for applicant 84705043
2026-09-05 20:48:32,334 [INFO] Retrieved 50 discussions via portal session for applicant 95254866
2026-09-05 20:48:33,155 [INFO] Retrieved 50 discussions via portal session for applicant 99055770
2026-09-05 20:48:33,465 [INFO] Retrieved 1 Sales Center opportunities via portal for applicant 99055770
2026-09-05 20:48:33,684 [INFO] Retrieved 50 discussions via portal session for applicant 99340932
2026-09-05 20:48:34,003 [INFO] Retrieved 1 Sales Center opportunities via portal for applicant 99340932
{
  "applicants_scanned": 39,
  "applicant_ids": [
    "102351931",
    "143979332",
    "144897143",
    "145217363",
    "145834411",
    "148235525",
    "150751441",
    "151382204",
    "151445306",
    "157388228",
    "163863318",
    "173838508",
    "186333470",
    "193438339",
    "196126698",
    "196851140",
    "197389903",
    "197891661",
    "197895504",
    "198604342",
    "198908859",
    "199797602",
    "21587333",
    "21588091",
    "220250093",
    "25156187",
    "25721447",
    "26042781",
    "35209713",
    "54893172",
    "58768907",
    "58866127",
    "76858853",
    "79002334",
    "83571357",
    "84705043",
    "95254866",
    "99055770",
    "99340932"
  ],
  "dispatched": [],
  "errors": [],
  "dry_run": false
}
2026-09-05T20:48:34+00:00 finish robie call label watch rc=0
2026-09-05T20:53:01+00:00 start robie call label watch timeout=90s extra=
2026-09-05 20:53:02,413 [INFO] Retrieved 50 discussions via portal session for applicant 102351931
2026-09-05 20:53:02,943 [INFO] Successfully authenticated with Classic EZLynx API (EZToken issued).
2026-09-05 20:53:03,272 [INFO] Retrieved 1 Sales Center opportunities via portal for applicant 102351931
2026-09-05 20:53:03,513 [INFO] Retrieved 50 discussions via portal session for applicant 143979332
2026-09-05 20:53:04,205 [INFO] Retrieved 50 discussions via portal session for applicant 144897143
2026-09-05 20:53:04,525 [INFO] Retrieved 1 Sales Center opportunities via portal for applicant 144897143
2026-09-05 20:53:04,740 [INFO] Retrieved 50 discussions via portal session for applicant 145217363
2026-09-05 20:53:05,057 [INFO] Retrieved 1 Sales Center opportunities via portal for applicant 145217363
2026-09-05 20:53:05,312 [INFO] Retrieved 50 discussions via portal session for applicant 145834411
2026-09-05 20:53:05,667 [INFO] Retrieved 1 Sales Center opportunities via portal for applicant 145834411
2026-09-05 20:53:05,908 [INFO] Retrieved 50 discussions via portal session for applicant 148235525
2026-09-05 20:53:06,230 [INFO] Retrieved 2 Sales Center opportunities via portal for applicant 148235525
2026-09-05 20:53:06,544 [INFO] Retrieved 50 discussions via portal session for applicant 150751441
2026-09-05 20:53:06,850 [INFO] Retrieved 1 Sales Center opportunities via portal for applicant 150751441
2026-09-05 20:53:07,133 [INFO] Retrieved 50 discussions via portal session for applicant 151382204
2026-09-05 20:53:07,486 [INFO] Retrieved 1 Sales Center opportunities via portal for applicant 151382204
2026-09-05 20:53:07,733 [INFO] Retrieved 50 discussions via portal session for applicant 151445306
2026-09-05 20:53:08,071 [INFO] Retrieved 2 Sales Center opportunities via portal for applicant 151445306
2026-09-05 20:53:08,339 [INFO] Retrieved 50 discussions via portal session for applicant 157388228
2026-09-05 20:53:08,651 [INFO] Retrieved 1 Sales Center opportunities via portal for applicant 157388228
2026-09-05 20:53:08,966 [INFO] Retrieved 50 discussions via portal session for applicant 163863318
2026-09-05 20:53:09,262 [INFO] Retrieved 1 Sales Center opportunities via portal for applicant 163863318
2026-09-05 20:53:09,516 [INFO] Retrieved 50 discussions via portal session for applicant 173838508
2026-09-05 20:53:09,862 [INFO] Retrieved 1 Sales Center opportunities via portal for applicant 173838508
2026-09-05 20:53:10,083 [INFO] Retrieved 50 discussions via portal session for applicant 186333470
2026-09-05 20:53:10,390 [INFO] Retrieved 2 Sales Center opportunities via portal for applicant 186333470
2026-09-05 20:53:10,642 [INFO] Retrieved 50 discussions via portal session for applicant 193438339
2026-09-05 20:53:10,959 [INFO] Retrieved 1 Sales Center opportunities via portal for applicant 193438339
2026-09-05 20:53:11,245 [INFO] Retrieved 27 discussions via portal session for applicant 196126698
2026-09-05 20:53:11,577 [INFO] Retrieved 1 Sales Center opportunities via portal for applicant 196126698
2026-09-05 20:53:11,815 [INFO] Retrieved 50 discussions via portal session for applicant 196851140
2026-09-05 20:53:12,129 [INFO] Retrieved 1 Sales Center opportunities via portal for applicant 196851140
2026-09-05 20:53:12,345 [INFO] Retrieved 50 discussions via portal session for applicant 197389903
2026-09-05 20:53:12,662 [INFO] Retrieved 1 Sales Center opportunities via portal for applicant 197389903
2026-09-05 20:53:12,900 [INFO] Retrieved 50 discussions via portal session for applicant 197891661
2026-09-05 20:53:13,235 [INFO] Retrieved 1 Sales Center opportunities via portal for applicant 197891661
2026-09-05 20:53:13,512 [INFO] Retrieved 50 discussions via portal session for applicant 197895504
2026-09-05 20:53:13,829 [INFO] Retrieved 1 Sales Center opportunities via portal for applicant 197895504
2026-09-05 20:53:14,058 [INFO] Retrieved 50 discussions via portal session for applicant 198604342
2026-09-05 20:53:14,362 [INFO] Retrieved 2 Sales Center opportunities via portal for applicant 198604342
2026-09-05 20:53:14,638 [INFO] Retrieved 50 discussions via portal session for applicant 198908859
2026-09-05 20:53:14,945 [INFO] Retrieved 1 Sales Center opportunities via portal for applicant 198908859
2026-09-05 20:53:15,197 [INFO] Retrieved 50 discussions via portal session for applicant 199797602
2026-09-05 20:53:15,505 [INFO] Retrieved 1 Sales Center opportunities via portal for applicant 199797602
2026-09-05 20:53:15,758 [INFO] Retrieved 50 discussions via portal session for applicant 21587333
2026-09-05 20:53:16,102 [INFO] Retrieved 2 Sales Center opportunities via portal for applicant 21587333
2026-09-05 20:53:16,360 [INFO] Retrieved 50 discussions via portal session for applicant 21588091
2026-09-05 20:53:16,661 [INFO] Retrieved 1 Sales Center opportunities via portal for applicant 21588091
2026-09-05 20:53:16,867 [INFO] Retrieved 23 discussions via portal session for applicant 220250093
2026-09-05 20:53:17,190 [INFO] Retrieved 1 Sales Center opportunities via portal for applicant 220250093
2026-09-05 20:53:17,559 [INFO] Retrieved 50 discussions via portal session for applicant 25156187
2026-09-05 20:53:17,863 [INFO] Retrieved 1 Sales Center opportunities via portal for applicant 25156187
2026-09-05 20:53:18,160 [INFO] Retrieved 50 discussions via portal session for applicant 25721447
2026-09-05 20:53:18,485 [INFO] Retrieved 4 Sales Center opportunities via portal for applicant 25721447
2026-09-05 20:53:18,788 [INFO] Retrieved 50 discussions via portal session for applicant 26042781
2026-09-05 20:53:19,091 [INFO] Retrieved 2 Sales Center opportunities via portal for applicant 26042781
2026-09-05 20:53:19,362 [INFO] Retrieved 50 discussions via portal session for applicant 35209713
2026-09-05 20:53:19,669 [INFO] Retrieved 1 Sales Center opportunities via portal for applicant 35209713
2026-09-05 20:53:19,872 [INFO] Retrieved 50 discussions via portal session for applicant 54893172
2026-09-05 20:53:20,185 [INFO] Retrieved 7 Sales Center opportunities via portal for applicant 54893172
2026-09-05 20:53:20,454 [INFO] Retrieved 50 discussions via portal session for applicant 58768907
2026-09-05 20:53:20,759 [INFO] Retrieved 1 Sales Center opportunities via portal for applicant 58768907
2026-09-05 20:53:21,086 [INFO] Retrieved 50 discussions via portal session for applicant 58866127
2026-09-05 20:53:21,403 [INFO] Retrieved 1 Sales Center opportunities via portal for applicant 58866127
2026-09-05 20:53:21,630 [INFO] Retrieved 50 discussions via portal session for applicant 76858853
2026-09-05 20:53:21,950 [INFO] Retrieved 2 Sales Center opportunities via portal for applicant 76858853
2026-09-05 20:53:22,200 [INFO] Retrieved 50 discussions via portal session for applicant 79002334
2026-09-05 20:53:22,503 [INFO] Retrieved 1 Sales Center opportunities via portal for applicant 79002334
2026-09-05 20:53:22,761 [INFO] Retrieved 50 discussions via portal session for applicant 83571357
2026-09-05 20:53:23,479 [INFO] Retrieved 50 discussions via portal session for applicant 84705043
2026-09-05 20:53:23,792 [INFO] Retrieved 1 Sales Center opportunities via portal for applicant 84705043
2026-09-05 20:53:24,064 [INFO] Retrieved 50 discussions via portal session for applicant 95254866
2026-09-05 20:53:24,866 [INFO] Retrieved 50 discussions via portal session for applicant 99055770
2026-09-05 20:53:25,171 [INFO] Retrieved 1 Sales Center opportunities via portal for applicant 99055770
2026-09-05 20:53:25,439 [INFO] Retrieved 50 discussions via portal session for applicant 99340932
2026-09-05 20:53:25,754 [INFO] Retrieved 1 Sales Center opportunities via portal for applicant 99340932
{
  "applicants_scanned": 39,
  "applicant_ids": [
    "102351931",
    "143979332",
    "144897143",
    "145217363",
    "145834411",
    "148235525",
    "150751441",
    "151382204",
    "151445306",
    "157388228",
    "163863318",
    "173838508",
    "186333470",
    "193438339",
    "196126698",
    "196851140",
    "197389903",
    "197891661",
    "197895504",
    "198604342",
    "198908859",
    "199797602",
    "21587333",
    "21588091",
    "220250093",
    "25156187",
    "25721447",
    "26042781",
    "35209713",
    "54893172",
    "58768907",
    "58866127",
    "76858853",
    "79002334",
    "83571357",
    "84705043",
    "95254866",
    "99055770",
    "99340932"
  ],
  "dispatched": [],
  "errors": [],
  "dry_run": false
}
2026-09-05T20:53:26+00:00 finish robie call label watch rc=0
2026-09-05T20:58:01+00:00 start robie call label watch timeout=90s extra=
2026-09-05 20:58:02,158 [INFO] Retrieved 50 discussions via portal session for applicant 102351931
2026-09-05 20:58:02,708 [INFO] Successfully authenticated with Classic EZLynx API (EZToken issued).
2026-09-05 20:58:03,057 [INFO] Retrieved 1 Sales Center opportunities via portal for applicant 102351931
2026-09-05 20:58:03,328 [INFO] Retrieved 50 discussions via portal session for applicant 143979332
2026-09-05 20:58:04,092 [INFO] Retrieved 50 discussions via portal session for applicant 144897143
2026-09-05 20:58:04,426 [INFO] Retrieved 1 Sales Center opportunities via portal for applicant 144897143
2026-09-05 20:58:04,681 [INFO] Retrieved 50 discussions via portal session for applicant 145217363
2026-09-05 20:58:05,002 [INFO] Retrieved 1 Sales Center opportunities via portal for applicant 145217363
2026-09-05 20:58:05,227 [INFO] Retrieved 50 discussions via portal session for applicant 145834411
2026-09-05 20:58:05,560 [INFO] Retrieved 1 Sales Center opportunities via portal for applicant 145834411
2026-09-05 20:58:05,814 [INFO] Retrieved 50 discussions via portal session for applicant 148235525
2026-09-05 20:58:06,144 [INFO] Retrieved 2 Sales Center opportunities via portal for applicant 148235525
2026-09-05 20:58:06,443 [INFO] Retrieved 50 discussions via portal session for applicant 150751441
2026-09-05 20:58:06,791 [INFO] Retrieved 1 Sales Center opportunities via portal for applicant 150751441
2026-09-05 20:58:07,097 [INFO] Retrieved 50 discussions via portal session for applicant 151382204
2026-09-05 20:58:07,423 [INFO] Retrieved 1 Sales Center opportunities via portal for applicant 151382204
2026-09-05 20:58:07,721 [INFO] Retrieved 50 discussions via portal session for applicant 151445306
2026-09-05 20:58:08,079 [INFO] Retrieved 2 Sales Center opportunities via portal for applicant 151445306
2026-09-05 20:58:08,322 [INFO] Retrieved 50 discussions via portal session for applicant 157388228
2026-09-05 20:58:08,680 [INFO] Retrieved 1 Sales Center opportunities via portal for applicant 157388228
2026-09-05 20:58:09,004 [INFO] Retrieved 50 discussions via portal session for applicant 163863318
2026-09-05 20:58:09,357 [INFO] Retrieved 1 Sales Center opportunities via portal for applicant 163863318
2026-09-05 20:58:09,592 [INFO] Retrieved 50 discussions via portal session for applicant 173838508
2026-09-05 20:58:09,919 [INFO] Retrieved 1 Sales Center opportunities via portal for applicant 173838508
2026-09-05 20:58:10,158 [INFO] Retrieved 50 discussions via portal session for applicant 186333470
2026-09-05 20:58:10,490 [INFO] Retrieved 2 Sales Center opportunities via portal for applicant 186333470
2026-09-05 20:58:10,767 [INFO] Retrieved 50 discussions via portal session for applicant 193438339
2026-09-05 20:58:11,087 [INFO] Retrieved 1 Sales Center opportunities via portal for applicant 193438339
2026-09-05 20:58:11,361 [INFO] Retrieved 27 discussions via portal session for applicant 196126698
2026-09-05 20:58:11,721 [INFO] Retrieved 1 Sales Center opportunities via portal for applicant 196126698
2026-09-05 20:58:11,955 [INFO] Retrieved 50 discussions via portal session for applicant 196851140
2026-09-05 20:58:12,281 [INFO] Retrieved 1 Sales Center opportunities via portal for applicant 196851140
2026-09-05 20:58:12,518 [INFO] Retrieved 50 discussions via portal session for applicant 197389903
2026-09-05 20:58:12,830 [INFO] Retrieved 1 Sales Center opportunities via portal for applicant 197389903
2026-09-05 20:58:13,057 [INFO] Retrieved 50 discussions via portal session for applicant 197891661
2026-09-05 20:58:13,415 [INFO] Retrieved 1 Sales Center opportunities via portal for applicant 197891661
2026-09-05 20:58:13,668 [INFO] Retrieved 50 discussions via portal session for applicant 197895504
2026-09-05 20:58:13,990 [INFO] Retrieved 1 Sales Center opportunities via portal for applicant 197895504
2026-09-05 20:58:14,261 [INFO] Retrieved 50 discussions via portal session for applicant 198604342
2026-09-05 20:58:14,596 [INFO] Retrieved 2 Sales Center opportunities via portal for applicant 198604342
2026-09-05 20:58:14,847 [INFO] Retrieved 50 discussions via portal session for applicant 198908859
2026-09-05 20:58:15,172 [INFO] Retrieved 1 Sales Center opportunities via portal for applicant 198908859
2026-09-05 20:58:15,487 [INFO] Retrieved 50 discussions via portal session for applicant 199797602
2026-09-05 20:58:15,808 [INFO] Retrieved 1 Sales Center opportunities via portal for applicant 199797602
2026-09-05 20:58:16,066 [INFO] Retrieved 50 discussions via portal session for applicant 21587333
2026-09-05 20:58:16,378 [INFO] Retrieved 2 Sales Center opportunities via portal for applicant 21587333
2026-09-05 20:58:16,615 [INFO] Retrieved 50 discussions via portal session for applicant 21588091
2026-09-05 20:58:16,975 [INFO] Retrieved 1 Sales Center opportunities via portal for applicant 21588091
2026-09-05 20:58:17,228 [INFO] Retrieved 23 discussions via portal session for applicant 220250093
2026-09-05 20:58:17,551 [INFO] Retrieved 1 Sales Center opportunities via portal for applicant 220250093
2026-09-05 20:58:17,933 [INFO] Retrieved 50 discussions via portal session for applicant 25156187
2026-09-05 20:58:18,245 [INFO] Retrieved 1 Sales Center opportunities via portal for applicant 25156187
2026-09-05 20:58:18,544 [INFO] Retrieved 50 discussions via portal session for applicant 25721447
2026-09-05 20:58:18,870 [INFO] Retrieved 4 Sales Center opportunities via portal for applicant 25721447
2026-09-05 20:58:19,155 [INFO] Retrieved 50 discussions via portal session for applicant 26042781
2026-09-05 20:58:19,487 [INFO] Retrieved 2 Sales Center opportunities via portal for applicant 26042781
2026-09-05 20:58:19,753 [INFO] Retrieved 50 discussions via portal session for applicant 35209713
2026-09-05 20:58:20,090 [INFO] Retrieved 1 Sales Center opportunities via portal for applicant 35209713
2026-09-05 20:58:20,336 [INFO] Retrieved 50 discussions via portal session for applicant 54893172
2026-09-05 20:58:20,681 [INFO] Retrieved 7 Sales Center opportunities via portal for applicant 54893172
2026-09-05 20:58:20,911 [INFO] Retrieved 50 discussions via portal session for applicant 58768907
2026-09-05 20:58:21,262 [INFO] Retrieved 1 Sales Center opportunities via portal for applicant 58768907
2026-09-05 20:58:21,544 [INFO] Retrieved 50 discussions via portal session for applicant 58866127
2026-09-05 20:58:21,925 [INFO] Retrieved 1 Sales Center opportunities via portal for applicant 58866127
2026-09-05 20:58:22,189 [INFO] Retrieved 50 discussions via portal session for applicant 76858853
2026-09-05 20:58:22,506 [INFO] Retrieved 2 Sales Center opportunities via portal for applicant 76858853
2026-09-05 20:58:22,753 [INFO] Retrieved 50 discussions via portal session for applicant 79002334
2026-09-05 20:58:23,076 [INFO] Retrieved 1 Sales Center opportunities via portal for applicant 79002334
2026-09-05 20:58:23,340 [INFO] Retrieved 50 discussions via portal session for applicant 83571357
2026-09-05 20:58:24,047 [INFO] Retrieved 50 discussions via portal session for applicant 84705043
2026-09-05 20:58:24,369 [INFO] Retrieved 1 Sales Center opportunities via portal for applicant 84705043
2026-09-05 20:58:24,608 [INFO] Retrieved 50 discussions via portal session for applicant 95254866
2026-09-05 20:58:25,390 [INFO] Retrieved 50 discussions via portal session for applicant 99055770
2026-09-05 20:58:25,705 [INFO] Retrieved 1 Sales Center opportunities via portal for applicant 99055770
2026-09-05 20:58:25,931 [INFO] Retrieved 50 discussions via portal session for applicant 99340932
2026-09-05 20:58:33,458 [INFO] Retrieved 1 Sales Center opportunities via portal for applicant 99340932
{
  "applicants_scanned": 39,
  "applicant_ids": [
    "102351931",
    "143979332",
    "144897143",
    "145217363",
    "145834411",
    "148235525",
    "150751441",
    "151382204",
    "151445306",
    "157388228",
    "163863318",
    "173838508",
    "186333470",
    "193438339",
    "196126698",
    "196851140",
    "197389903",
    "197891661",
    "197895504",
    "198604342",
    "198908859",
    "199797602",
    "21587333",
    "21588091",
    "220250093",
    "25156187",
    "25721447",
    "26042781",
    "35209713",
    "54893172",
    "58768907",
    "58866127",
    "76858853",
    "79002334",
    "83571357",
    "84705043",
    "95254866",
    "99055770",
    "99340932"
  ],
  "dispatched": [],
  "errors": [],
  "dry_run": false
}
2026-09-05T20:58:33+00:00 finish robie call label watch rc=0
2026-09-05T21:03:01+00:00 start robie call label watch timeout=90s extra=
2026-09-05 21:03:02,892 [INFO] Retrieved 50 discussions via portal session for applicant 102351931
2026-09-05 21:03:03,420 [INFO] Successfully authenticated with Classic EZLynx API (EZToken issued).
2026-09-05 21:03:03,734 [INFO] Retrieved 1 Sales Center opportunities via portal for applicant 102351931
2026-09-05 21:03:03,977 [INFO] Retrieved 50 discussions via portal session for applicant 143979332
2026-09-05 21:03:04,708 [INFO] Retrieved 50 discussions via portal session for applicant 144897143
2026-09-05 21:03:05,095 [INFO] Retrieved 1 Sales Center opportunities via portal for applicant 144897143
2026-09-05 21:03:05,347 [INFO] Retrieved 50 discussions via portal session for applicant 145217363
2026-09-05 21:03:05,681 [INFO] Retrieved 1 Sales Center opportunities via portal for applicant 145217363
2026-09-05 21:03:05,903 [INFO] Retrieved 50 discussions via portal session for applicant 145834411
2026-09-05 21:03:06,218 [INFO] Retrieved 1 Sales Center opportunities via portal for applicant 145834411
2026-09-05 21:03:06,445 [INFO] Retrieved 50 discussions via portal session for applicant 148235525
2026-09-05 21:03:06,763 [INFO] Retrieved 2 Sales Center opportunities via portal for applicant 148235525
2026-09-05 21:03:07,052 [INFO] Retrieved 50 discussions via portal session for applicant 150751441
2026-09-05 21:03:07,456 [INFO] Retrieved 1 Sales Center opportunities via portal for applicant 150751441
2026-09-05 21:03:07,729 [INFO] Retrieved 50 discussions via portal session for applicant 151382204
2026-09-05 21:03:08,049 [INFO] Retrieved 1 Sales Center opportunities via portal for applicant 151382204
2026-09-05 21:03:08,321 [INFO] Retrieved 50 discussions via portal session for applicant 151445306
2026-09-05 21:03:08,677 [INFO] Retrieved 2 Sales Center opportunities via portal for applicant 151445306
2026-09-05 21:03:08,929 [INFO] Retrieved 50 discussions via portal session for applicant 157388228
2026-09-05 21:03:09,273 [INFO] Retrieved 1 Sales Center opportunities via portal for applicant 157388228
2026-09-05 21:03:09,618 [INFO] Retrieved 50 discussions via portal session for applicant 163863318
2026-09-05 21:03:09,948 [INFO] Retrieved 1 Sales Center opportunities via portal for applicant 163863318
2026-09-05 21:03:10,203 [INFO] Retrieved 50 discussions via portal session for applicant 173838508
2026-09-05 21:03:10,538 [INFO] Retrieved 1 Sales Center opportunities via portal for applicant 173838508
2026-09-05 21:03:10,792 [INFO] Retrieved 50 discussions via portal session for applicant 186333470
2026-09-05 21:03:11,114 [INFO] Retrieved 2 Sales Center opportunities via portal for applicant 186333470
2026-09-05 21:03:11,346 [INFO] Retrieved 50 discussions via portal session for applicant 193438339
2026-09-05 21:03:11,667 [INFO] Retrieved 1 Sales Center opportunities via portal for applicant 193438339
2026-09-05 21:03:11,901 [INFO] Retrieved 27 discussions via portal session for applicant 196126698
2026-09-05 21:03:12,235 [INFO] Retrieved 1 Sales Center opportunities via portal for applicant 196126698
2026-09-05 21:03:12,479 [INFO] Retrieved 50 discussions via portal session for applicant 196851140
2026-09-05 21:03:12,791 [INFO] Retrieved 1 Sales Center opportunities via portal for applicant 196851140
2026-09-05 21:03:13,017 [INFO] Retrieved 50 discussions via portal session for applicant 197389903
2026-09-05 21:03:13,338 [INFO] Retrieved 1 Sales Center opportunities via portal for applicant 197389903
2026-09-05 21:03:13,580 [INFO] Retrieved 50 discussions via portal session for applicant 197891661
2026-09-05 21:03:13,902 [INFO] Retrieved 1 Sales Center opportunities via portal for applicant 197891661
2026-09-05 21:03:14,164 [INFO] Retrieved 50 discussions via portal session for applicant 197895504
2026-09-05 21:03:14,492 [INFO] Retrieved 1 Sales Center opportunities via portal for applicant 197895504
2026-09-05 21:03:14,752 [INFO] Retrieved 50 discussions via portal session for applicant 198604342
2026-09-05 21:03:15,084 [INFO] Retrieved 2 Sales Center opportunities via portal for applicant 198604342
2026-09-05 21:03:15,362 [INFO] Retrieved 50 discussions via portal session for applicant 198908859
2026-09-05 21:03:15,683 [INFO] Retrieved 1 Sales Center opportunities via portal for applicant 198908859
2026-09-05 21:03:15,976 [INFO] Retrieved 50 discussions via portal session for applicant 199797602
2026-09-05 21:03:16,306 [INFO] Retrieved 1 Sales Center opportunities via portal for applicant 199797602
2026-09-05 21:03:16,553 [INFO] Retrieved 50 discussions via portal session for applicant 21587333
2026-09-05 21:03:16,902 [INFO] Retrieved 2 Sales Center opportunities via portal for applicant 21587333
2026-09-05 21:03:17,145 [INFO] Retrieved 50 discussions via portal session for applicant 21588091
2026-09-05 21:03:17,474 [INFO] Retrieved 1 Sales Center opportunities via portal for applicant 21588091
2026-09-05 21:03:17,690 [INFO] Retrieved 23 discussions via portal session for applicant 220250093
2026-09-05 21:03:18,009 [INFO] Retrieved 1 Sales Center opportunities via portal for applicant 220250093
2026-09-05 21:03:18,409 [INFO] Retrieved 50 discussions via portal session for applicant 25156187
2026-09-05 21:03:18,732 [INFO] Retrieved 1 Sales Center opportunities via portal for applicant 25156187
2026-09-05 21:03:19,012 [INFO] Retrieved 50 discussions via portal session for applicant 25721447
2026-09-05 21:03:19,329 [INFO] Retrieved 4 Sales Center opportunities via portal for applicant 25721447
2026-09-05 21:03:19,622 [INFO] Retrieved 50 discussions via portal session for applicant 26042781
2026-09-05 21:03:19,948 [INFO] Retrieved 2 Sales Center opportunities via portal for applicant 26042781
2026-09-05 21:03:20,224 [INFO] Retrieved 50 discussions via portal session for applicant 35209713
2026-09-05 21:03:20,551 [INFO] Retrieved 1 Sales Center opportunities via portal for applicant 35209713
2026-09-05 21:03:20,776 [INFO] Retrieved 50 discussions via portal session for applicant 54893172
2026-09-05 21:03:21,093 [INFO] Retrieved 7 Sales Center opportunities via portal for applicant 54893172
2026-09-05 21:03:21,330 [INFO] Retrieved 50 discussions via portal session for applicant 58768907
2026-09-05 21:03:21,663 [INFO] Retrieved 1 Sales Center opportunities via portal for applicant 58768907
2026-09-05 21:03:21,938 [INFO] Retrieved 50 discussions via portal session for applicant 58866127
2026-09-05 21:03:22,276 [INFO] Retrieved 1 Sales Center opportunities via portal for applicant 58866127
2026-09-05 21:03:22,532 [INFO] Retrieved 50 discussions via portal session for applicant 76858853
2026-09-05 21:03:22,852 [INFO] Retrieved 2 Sales Center opportunities via portal for applicant 76858853
2026-09-05 21:03:23,095 [INFO] Retrieved 50 discussions via portal session for applicant 79002334
2026-09-05 21:03:23,424 [INFO] Retrieved 1 Sales Center opportunities via portal for applicant 79002334
2026-09-05 21:03:23,673 [INFO] Retrieved 50 discussions via portal session for applicant 83571357
2026-09-05 21:03:24,409 [INFO] Retrieved 50 discussions via portal session for applicant 84705043
2026-09-05 21:03:24,727 [INFO] Retrieved 1 Sales Center opportunities via portal for applicant 84705043
2026-09-05 21:03:24,959 [INFO] Retrieved 50 discussions via portal session for applicant 95254866
2026-09-05 21:03:32,941 [INFO] Retrieved 50 discussions via portal session for applicant 99055770
2026-09-05 21:03:33,296 [INFO] Retrieved 1 Sales Center opportunities via portal for applicant 99055770
2026-09-05 21:03:33,513 [INFO] Retrieved 50 discussions via portal session for applicant 99340932
2026-09-05 21:03:33,821 [INFO] Retrieved 1 Sales Center opportunities via portal for applicant 99340932
{
  "applicants_scanned": 39,
  "applicant_ids": [
    "102351931",
    "143979332",
    "144897143",
    "145217363",
    "145834411",
    "148235525",
    "150751441",
    "151382204",
    "151445306",
    "157388228",
    "163863318",
    "173838508",
    "186333470",
    "193438339",
    "196126698",
    "196851140",
    "197389903",
    "197891661",
    "197895504",
    "198604342",
    "198908859",
    "199797602",
    "21587333",
    "21588091",
    "220250093",
    "25156187",
    "25721447",
    "26042781",
    "35209713",
    "54893172",
    "58768907",
    "58866127",
    "76858853",
    "79002334",
    "83571357",
    "84705043",
    "95254866",
    "99055770",
    "99340932"
  ],
  "dispatched": [],
  "errors": [],
  "dry_run": false
}
2026-09-05T21:03:34+00:00 finish robie call label watch rc=0
2026-09-05T21:08:01+00:00 start robie call label watch timeout=90s extra=
2026-09-05 21:08:02,277 [INFO] Retrieved 50 discussions via portal session for applicant 102351931
2026-09-05 21:08:02,814 [INFO] Successfully authenticated with Classic EZLynx API (EZToken issued).
2026-09-05 21:08:03,149 [INFO] Retrieved 1 Sales Center opportunities via portal for applicant 102351931
2026-09-05 21:08:03,385 [INFO] Retrieved 50 discussions via portal session for applicant 143979332
2026-09-05 21:08:04,149 [INFO] Retrieved 50 discussions via portal session for applicant 144897143
2026-09-05 21:08:04,468 [INFO] Retrieved 1 Sales Center opportunities via portal for applicant 144897143
2026-09-05 21:08:04,707 [INFO] Retrieved 50 discussions via portal session for applicant 145217363
2026-09-05 21:08:05,029 [INFO] Retrieved 1 Sales Center opportunities via portal for applicant 145217363
2026-09-05 21:08:05,292 [INFO] Retrieved 50 discussions via portal session for applicant 145834411
2026-09-05 21:08:05,608 [INFO] Retrieved 1 Sales Center opportunities via portal for applicant 145834411
2026-09-05 21:08:05,830 [INFO] Retrieved 50 discussions via portal session for applicant 148235525
2026-09-05 21:08:06,151 [INFO] Retrieved 2 Sales Center opportunities via portal for applicant 148235525
2026-09-05 21:08:06,451 [INFO] Retrieved 50 discussions via portal session for applicant 150751441
2026-09-05 21:08:06,778 [INFO] Retrieved 1 Sales Center opportunities via portal for applicant 150751441
2026-09-05 21:08:07,108 [INFO] Retrieved 50 discussions via portal session for applicant 151382204
2026-09-05 21:08:07,433 [INFO] Retrieved 1 Sales Center opportunities via portal for applicant 151382204
2026-09-05 21:08:07,703 [INFO] Retrieved 50 discussions via portal session for applicant 151445306
2026-09-05 21:08:08,055 [INFO] Retrieved 2 Sales Center opportunities via portal for applicant 151445306
2026-09-05 21:08:08,346 [INFO] Retrieved 50 discussions via portal session for applicant 157388228
2026-09-05 21:08:08,663 [INFO] Retrieved 1 Sales Center opportunities via portal for applicant 157388228
2026-09-05 21:08:08,988 [INFO] Retrieved 50 discussions via portal session for applicant 163863318
2026-09-05 21:08:09,302 [INFO] Retrieved 1 Sales Center opportunities via portal for applicant 163863318
2026-09-05 21:08:09,516 [INFO] Retrieved 50 discussions via portal session for applicant 173838508
2026-09-05 21:08:09,827 [INFO] Retrieved 1 Sales Center opportunities via portal for applicant 173838508
2026-09-05 21:08:10,093 [INFO] Retrieved 50 discussions via portal session for applicant 186333470
2026-09-05 21:08:10,410 [INFO] Retrieved 2 Sales Center opportunities via portal for applicant 186333470
2026-09-05 21:08:10,689 [INFO] Retrieved 50 discussions via portal session for applicant 193438339
2026-09-05 21:08:11,006 [INFO] Retrieved 1 Sales Center opportunities via portal for applicant 193438339
2026-09-05 21:08:11,257 [INFO] Retrieved 27 discussions via portal session for applicant 196126698
2026-09-05 21:08:11,572 [INFO] Retrieved 1 Sales Center opportunities via portal for applicant 196126698
2026-09-05 21:08:11,787 [INFO] Retrieved 50 discussions via portal session for applicant 196851140
2026-09-05 21:08:12,110 [INFO] Retrieved 1 Sales Center opportunities via portal for applicant 196851140
2026-09-05 21:08:12,371 [INFO] Retrieved 50 discussions via portal session for applicant 197389903
2026-09-05 21:08:12,701 [INFO] Retrieved 1 Sales Center opportunities via portal for applicant 197389903
2026-09-05 21:08:12,939 [INFO] Retrieved 50 discussions via portal session for applicant 197891661
2026-09-05 21:08:13,255 [INFO] Retrieved 1 Sales Center opportunities via portal for applicant 197891661
2026-09-05 21:08:13,531 [INFO] Retrieved 50 discussions via portal session for applicant 197895504
2026-09-05 21:08:13,855 [INFO] Retrieved 1 Sales Center opportunities via portal for applicant 197895504
2026-09-05 21:08:14,099 [INFO] Retrieved 50 discussions via portal session for applicant 198604342
2026-09-05 21:08:14,460 [INFO] Retrieved 2 Sales Center opportunities via portal for applicant 198604342
2026-09-05 21:08:14,730 [INFO] Retrieved 50 discussions via portal session for applicant 198908859
2026-09-05 21:08:15,099 [INFO] Retrieved 1 Sales Center opportunities via portal for applicant 198908859
2026-09-05 21:08:15,418 [INFO] Retrieved 50 discussions via portal session for applicant 199797602
2026-09-05 21:08:15,742 [INFO] Retrieved 1 Sales Center opportunities via portal for applicant 199797602
2026-09-05 21:08:16,024 [INFO] Retrieved 50 discussions via portal session for applicant 21587333
2026-09-05 21:08:16,344 [INFO] Retrieved 2 Sales Center opportunities via portal for applicant 21587333
2026-09-05 21:08:16,607 [INFO] Retrieved 50 discussions via portal session for applicant 21588091
2026-09-05 21:08:16,924 [INFO] Retrieved 1 Sales Center opportunities via portal for applicant 21588091
2026-09-05 21:08:17,137 [INFO] Retrieved 23 discussions via portal session for applicant 220250093
2026-09-05 21:08:17,455 [INFO] Retrieved 1 Sales Center opportunities via portal for applicant 220250093
2026-09-05 21:08:17,831 [INFO] Retrieved 50 discussions via portal session for applicant 25156187
2026-09-05 21:08:18,147 [INFO] Retrieved 1 Sales Center opportunities via portal for applicant 25156187
2026-09-05 21:08:18,444 [INFO] Retrieved 50 discussions via portal session for applicant 25721447
2026-09-05 21:08:18,804 [INFO] Retrieved 4 Sales Center opportunities via portal for applicant 25721447
2026-09-05 21:08:19,142 [INFO] Retrieved 50 discussions via portal session for applicant 26042781
2026-09-05 21:08:19,474 [INFO] Retrieved 2 Sales Center opportunities via portal for applicant 26042781
2026-09-05 21:08:19,783 [INFO] Retrieved 50 discussions via portal session for applicant 35209713
2026-09-05 21:08:20,130 [INFO] Retrieved 1 Sales Center opportunities via portal for applicant 35209713
2026-09-05 21:08:20,421 [INFO] Retrieved 50 discussions via portal session for applicant 54893172
2026-09-05 21:08:20,779 [INFO] Retrieved 7 Sales Center opportunities via portal for applicant 54893172
2026-09-05 21:08:21,020 [INFO] Retrieved 50 discussions via portal session for applicant 58768907
2026-09-05 21:08:21,390 [INFO] Retrieved 1 Sales Center opportunities via portal for applicant 58768907
2026-09-05 21:08:21,734 [INFO] Retrieved 50 discussions via portal session for applicant 58866127
2026-09-05 21:08:22,051 [INFO] Retrieved 1 Sales Center opportunities via portal for applicant 58866127
2026-09-05 21:08:22,276 [INFO] Retrieved 50 discussions via portal session for applicant 76858853
2026-09-05 21:08:22,591 [INFO] Retrieved 2 Sales Center opportunities via portal for applicant 76858853
2026-09-05 21:08:30,856 [INFO] Retrieved 50 discussions via portal session for applicant 79002334
2026-09-05 21:08:31,179 [INFO] Retrieved 1 Sales Center opportunities via portal for applicant 79002334
2026-09-05 21:08:32,985 [INFO] [ROBIE CLIENT OUTREACH] Applicant: 79002334 (Hanim Benli) | primary Hanim at +17328909326 | Policy: Cancellation
2026-09-05 21:08:33,975 [INFO] Retrieved 50 discussions via portal session for applicant 79002334
2026-09-05 21:08:33,975 [INFO] Matched explicitly requested discussion card: 'Personal Auto Policy Cancellation' (ID 822709049)
2026-09-05 21:08:34,834 [INFO] Successfully posted note via EZLynx REST Note API for Applicant 79002334: NoteId 1123346666 into 'Personal Auto Policy Cancellation'
2026-09-05 21:08:35,080 [INFO] Retrieved 50 discussions via portal session for applicant 83571357
2026-09-05 21:08:35,821 [INFO] Retrieved 50 discussions via portal session for applicant 84705043
2026-09-05 21:08:36,146 [INFO] Retrieved 1 Sales Center opportunities via portal for applicant 84705043
2026-09-05 21:08:36,412 [INFO] Retrieved 50 discussions via portal session for applicant 95254866
2026-09-05 21:08:37,245 [INFO] Retrieved 50 discussions via portal session for applicant 99055770
2026-09-05 21:08:37,573 [INFO] Retrieved 1 Sales Center opportunities via portal for applicant 99055770
2026-09-05 21:08:37,816 [INFO] Retrieved 50 discussions via portal session for applicant 99340932
2026-09-05 21:08:38,137 [INFO] Retrieved 1 Sales Center opportunities via portal for applicant 99340932
2026-09-05 21:08:38,545 [INFO] [ROBIE CLIENT OUTREACH] Applicant: 99340932 (Larry Gonzales) | primary Larry at +17322351873 | Policy: ACT4034556
2026-09-05 21:08:39,534 [INFO] Retrieved 50 discussions via portal session for applicant 99340932
2026-09-05 21:08:39,534 [INFO] Matched explicitly requested discussion card: 'Flood Renewal - Neptune' (ID 708593726)
2026-09-05 21:08:39,961 [INFO] Successfully posted note via EZLynx REST Note API for Applicant 99340932: NoteId 1123346667 into 'Flood Renewal - Neptune'
{
  "applicants_scanned": 39,
  "applicant_ids": [
    "102351931",
    "143979332",
    "144897143",
    "145217363",
    "145834411",
    "148235525",
    "150751441",
    "151382204",
    "151445306",
    "157388228",
    "163863318",
    "173838508",
    "186333470",
    "193438339",
    "196126698",
    "196851140",
    "197389903",
    "197891661",
    "197895504",
    "198604342",
    "198908859",
    "199797602",
    "21587333",
    "21588091",
    "220250093",
    "25156187",
    "25721447",
    "26042781",
    "35209713",
    "54893172",
    "58768907",
    "58866127",
    "76858853",
    "79002334",
    "83571357",
    "84705043",
    "95254866",
    "99055770",
    "99340932"
  ],
  "dispatched": [
    {
      "applicant_id": "79002334",
      "discussion_title": "Personal Auto Policy Cancellation",
      "phone": "+17328909326",
      "phones": [
        "+17328909326"
      ],
      "target": "Hanim Benli",
      "call_id": "0bfd84a9-fbbc-420b-8e5b-df6e76ccbf76",
      "call_ids": [
        "0bfd84a9-fbbc-420b-8e5b-df6e76ccbf76"
      ],
      "dials": [
        {
          "role": "primary",
          "phone": "+17328909326",
          "first_name": "Hanim",
          "call_id": "0bfd84a9-fbbc-420b-8e5b-df6e76ccbf76",
          "status": "DISPATCHED"
        }
      ],
      "status": "DISPATCHED",
      "call_type": "client_outreach",
      "outreach_pathway": "unresponsive",
      "producer_name": null,
      "assigned_producer_name": "Daniela Aguilar",
      "assigned_producer_phone": "+18484446321",
      "requestor_name": "Daniela Aguilar",
      "requestor_phone": null,
      "note_id": "1100457797",
      "note_identity": "822709049:1100457797"
    },
    {
      "applicant_id": "99340932",
      "discussion_title": "Flood Renewal - Neptune",
      "phone": "+17322351873",
      "phones": [
        "+17322351873"
      ],
      "target": "Larry Gonzales",
      "call_id": "e03908e8-b28d-4414-b548-0656ed70395c",
      "call_ids": [
        "e03908e8-b28d-4414-b548-0656ed70395c"
      ],
      "dials": [
        {
          "role": "primary",
          "phone": "+17322351873",
          "first_name": "Larry",
          "call_id": "e03908e8-b28d-4414-b548-0656ed70395c",
          "status": "DISPATCHED"
        }
      ],
      "status": "DISPATCHED",
      "call_type": "client_outreach",
      "outreach_pathway": "unresponsive",
      "producer_name": null,
      "assigned_producer_name": "Daniela Aguilar",
      "assigned_producer_phone": "+18484446321",
      "requestor_name": "Ana Flores",
      "requestor_phone": null,
      "note_id": "982472034",
      "note_identity": "708593726:982472034"
    }
  ],
  "errors": [],
  "dry_run": false
}
2026-09-05T21:08:40+00:00 finish robie call label watch rc=0
2026-09-05T21:13:01+00:00 start robie call label watch timeout=90s extra=
2026-09-05 21:13:02,384 [INFO] Retrieved 50 discussions via portal session for applicant 102351931
2026-09-05 21:13:02,903 [INFO] Successfully authenticated with Classic EZLynx API (EZToken issued).
2026-09-05 21:13:03,221 [INFO] Retrieved 1 Sales Center opportunities via portal for applicant 102351931
2026-09-05 21:13:03,482 [INFO] Retrieved 50 discussions via portal session for applicant 143979332
2026-09-05 21:13:04,210 [INFO] Retrieved 50 discussions via portal session for applicant 144897143
2026-09-05 21:13:04,535 [INFO] Retrieved 1 Sales Center opportunities via portal for applicant 144897143
2026-09-05 21:13:04,785 [INFO] Retrieved 50 discussions via portal session for applicant 145217363
2026-09-05 21:13:05,106 [INFO] Retrieved 1 Sales Center opportunities via portal for applicant 145217363
2026-09-05 21:13:05,341 [INFO] Retrieved 50 discussions via portal session for applicant 145834411
2026-09-05 21:13:05,665 [INFO] Retrieved 1 Sales Center opportunities via portal for applicant 145834411
2026-09-05 21:13:05,920 [INFO] Retrieved 50 discussions via portal session for applicant 148235525
2026-09-05 21:13:06,255 [INFO] Retrieved 2 Sales Center opportunities via portal for applicant 148235525
2026-09-05 21:13:06,510 [INFO] Retrieved 50 discussions via portal session for applicant 150751441
2026-09-05 21:13:06,824 [INFO] Retrieved 1 Sales Center opportunities via portal for applicant 150751441
2026-09-05 21:13:07,126 [INFO] Retrieved 50 discussions via portal session for applicant 151382204
2026-09-05 21:13:07,460 [INFO] Retrieved 1 Sales Center opportunities via portal for applicant 151382204
2026-09-05 21:13:07,762 [INFO] Retrieved 50 discussions via portal session for applicant 151445306
2026-09-05 21:13:08,087 [INFO] Retrieved 2 Sales Center opportunities via portal for applicant 151445306
2026-09-05 21:13:08,359 [INFO] Retrieved 50 discussions via portal session for applicant 157388228
2026-09-05 21:13:08,681 [INFO] Retrieved 1 Sales Center opportunities via portal for applicant 157388228
2026-09-05 21:13:09,004 [INFO] Retrieved 50 discussions via portal session for applicant 163863318
2026-09-05 21:13:09,325 [INFO] Retrieved 1 Sales Center opportunities via portal for applicant 163863318
2026-09-05 21:13:09,550 [INFO] Retrieved 50 discussions via portal session for applicant 173838508
2026-09-05 21:13:09,915 [INFO] Retrieved 1 Sales Center opportunities via portal for applicant 173838508
2026-09-05 21:13:10,161 [INFO] Retrieved 50 discussions via portal session for applicant 186333470
2026-09-05 21:13:10,519 [INFO] Retrieved 2 Sales Center opportunities via portal for applicant 186333470
2026-09-05 21:13:10,762 [INFO] Retrieved 50 discussions via portal session for applicant 193438339
2026-09-05 21:13:11,090 [INFO] Retrieved 1 Sales Center opportunities via portal for applicant 193438339
2026-09-05 21:13:11,334 [INFO] Retrieved 27 discussions via portal session for applicant 196126698
2026-09-05 21:13:11,660 [INFO] Retrieved 1 Sales Center opportunities via portal for applicant 196126698
2026-09-05 21:13:11,873 [INFO] Retrieved 50 discussions via portal session for applicant 196851140
2026-09-05 21:13:12,189 [INFO] Retrieved 1 Sales Center opportunities via portal for applicant 196851140
2026-09-05 21:13:12,450 [INFO] Retrieved 50 discussions via portal session for applicant 197389903
2026-09-05 21:13:12,828 [INFO] Retrieved 1 Sales Center opportunities via portal for applicant 197389903
2026-09-05 21:13:13,058 [INFO] Retrieved 50 discussions via portal session for applicant 197891661
2026-09-05 21:13:13,395 [INFO] Retrieved 1 Sales Center opportunities via portal for applicant 197891661
2026-09-05 21:13:13,692 [INFO] Retrieved 50 discussions via portal session for applicant 197895504
2026-09-05 21:13:14,005 [INFO] Retrieved 1 Sales Center opportunities via portal for applicant 197895504
2026-09-05 21:13:14,235 [INFO] Retrieved 50 discussions via portal session for applicant 198604342
2026-09-05 21:13:14,554 [INFO] Retrieved 2 Sales Center opportunities via portal for applicant 198604342
2026-09-05 21:13:14,811 [INFO] Retrieved 50 discussions via portal session for applicant 198908859
2026-09-05 21:13:15,149 [INFO] Retrieved 1 Sales Center opportunities via portal for applicant 198908859
2026-09-05 21:13:15,452 [INFO] Retrieved 50 discussions via portal session for applicant 199797602
2026-09-05 21:13:15,783 [INFO] Retrieved 1 Sales Center opportunities via portal for applicant 199797602
2026-09-05 21:13:16,095 [INFO] Retrieved 50 discussions via portal session for applicant 21587333
2026-09-05 21:13:16,445 [INFO] Retrieved 2 Sales Center opportunities via portal for applicant 21587333
2026-09-05 21:13:16,747 [INFO] Retrieved 50 discussions via portal session for applicant 21588091
2026-09-05 21:13:17,076 [INFO] Retrieved 1 Sales Center opportunities via portal for applicant 21588091
2026-09-05 21:13:17,299 [INFO] Retrieved 23 discussions via portal session for applicant 220250093
2026-09-05 21:13:17,622 [INFO] Retrieved 1 Sales Center opportunities via portal for applicant 220250093
2026-09-05 21:13:18,012 [INFO] Retrieved 50 discussions via portal session for applicant 25156187
2026-09-05 21:13:18,366 [INFO] Retrieved 1 Sales Center opportunities via portal for applicant 25156187
2026-09-05 21:13:18,687 [INFO] Retrieved 50 discussions via portal session for applicant 25721447
2026-09-05 21:13:19,003 [INFO] Retrieved 4 Sales Center opportunities via portal for applicant 25721447
2026-09-05 21:13:19,295 [INFO] Retrieved 50 discussions via portal session for applicant 26042781
2026-09-05 21:13:19,627 [INFO] Retrieved 2 Sales Center opportunities via portal for applicant 26042781
2026-09-05 21:13:19,951 [INFO] Retrieved 50 discussions via portal session for applicant 35209713
2026-09-05 21:13:20,273 [INFO] Retrieved 1 Sales Center opportunities via portal for applicant 35209713
2026-09-05 21:13:20,542 [INFO] Retrieved 50 discussions via portal session for applicant 54893172
2026-09-05 21:13:20,861 [INFO] Retrieved 7 Sales Center opportunities via portal for applicant 54893172
2026-09-05 21:13:21,108 [INFO] Retrieved 50 discussions via portal session for applicant 58768907
2026-09-05 21:13:21,425 [INFO] Retrieved 1 Sales Center opportunities via portal for applicant 58768907
2026-09-05 21:13:21,739 [INFO] Retrieved 50 discussions via portal session for applicant 58866127
2026-09-05 21:13:22,089 [INFO] Retrieved 1 Sales Center opportunities via portal for applicant 58866127
2026-09-05 21:13:22,317 [INFO] Retrieved 50 discussions via portal session for applicant 76858853
2026-09-05 21:13:22,642 [INFO] Retrieved 2 Sales Center opportunities via portal for applicant 76858853
2026-09-05 21:13:22,902 [INFO] Retrieved 50 discussions via portal session for applicant 79002334
2026-09-05 21:13:23,232 [INFO] Retrieved 1 Sales Center opportunities via portal for applicant 79002334
2026-09-05 21:13:23,495 [INFO] Retrieved 50 discussions via portal session for applicant 83571357
2026-09-05 21:13:24,267 [INFO] Retrieved 50 discussions via portal session for applicant 84705043
2026-09-05 21:13:24,584 [INFO] Retrieved 1 Sales Center opportunities via portal for applicant 84705043
2026-09-05 21:13:24,875 [INFO] Retrieved 50 discussions via portal session for applicant 95254866
2026-09-05 21:13:25,739 [INFO] Retrieved 50 discussions via portal session for applicant 99055770
2026-09-05 21:13:37,292 [INFO] Retrieved 1 Sales Center opportunities via portal for applicant 99055770
2026-09-05 21:13:37,558 [INFO] Retrieved 50 discussions via portal session for applicant 99340932
2026-09-05 21:13:37,898 [INFO] Retrieved 1 Sales Center opportunities via portal for applicant 99340932
{
  "applicants_scanned": 39,
  "applicant_ids": [
    "102351931",
    "143979332",
    "144897143",
    "145217363",
    "145834411",
    "148235525",
    "150751441",
    "151382204",
    "151445306",
    "157388228",
    "163863318",
    "173838508",
    "186333470",
    "193438339",
    "196126698",
    "196851140",
    "197389903",
    "197891661",
    "197895504",
    "198604342",
    "198908859",
    "199797602",
    "21587333",
    "21588091",
    "220250093",
    "25156187",
    "25721447",
    "26042781",
    "35209713",
    "54893172",
    "58768907",
    "58866127",
    "76858853",
    "79002334",
    "83571357",
    "84705043",
    "95254866",
    "99055770",
    "99340932"
  ],
  "dispatched": [],
  "errors": [],
  "dry_run": false
}
2026-09-05T21:13:38+00:00 finish robie call label watch rc=0
2026-09-05T21:18:01+00:00 start robie call label watch timeout=90s extra=
2026-09-05 21:18:02,333 [INFO] Retrieved 50 discussions via portal session for applicant 102351931
2026-09-05 21:18:02,870 [INFO] Successfully authenticated with Classic EZLynx API (EZToken issued).
2026-09-05 21:18:03,238 [INFO] Retrieved 1 Sales Center opportunities via portal for applicant 102351931
2026-09-05 21:18:03,551 [INFO] Retrieved 50 discussions via portal session for applicant 143979332
2026-09-05 21:18:04,292 [INFO] Retrieved 50 discussions via portal session for applicant 144897143
2026-09-05 21:18:04,616 [INFO] Retrieved 1 Sales Center opportunities via portal for applicant 144897143
2026-09-05 21:18:04,880 [INFO] Retrieved 50 discussions via portal session for applicant 145217363
2026-09-05 21:18:05,203 [INFO] Retrieved 1 Sales Center opportunities via portal for applicant 145217363
2026-09-05 21:18:05,483 [INFO] Retrieved 50 discussions via portal session for applicant 145834411
2026-09-05 21:18:05,803 [INFO] Retrieved 1 Sales Center opportunities via portal for applicant 145834411
2026-09-05 21:18:06,063 [INFO] Retrieved 50 discussions via portal session for applicant 148235525
2026-09-05 21:18:06,378 [INFO] Retrieved 2 Sales Center opportunities via portal for applicant 148235525
2026-09-05 21:18:06,683 [INFO] Retrieved 50 discussions via portal session for applicant 150751441
2026-09-05 21:18:07,009 [INFO] Retrieved 1 Sales Center opportunities via portal for applicant 150751441
2026-09-05 21:18:07,346 [INFO] Retrieved 50 discussions via portal session for applicant 151382204
2026-09-05 21:18:07,675 [INFO] Retrieved 1 Sales Center opportunities via portal for applicant 151382204
2026-09-05 21:18:07,990 [INFO] Retrieved 50 discussions via portal session for applicant 151445306
2026-09-05 21:18:08,316 [INFO] Retrieved 2 Sales Center opportunities via portal for applicant 151445306
2026-09-05 21:18:08,569 [INFO] Retrieved 50 discussions via portal session for applicant 157388228
2026-09-05 21:18:08,897 [INFO] Retrieved 1 Sales Center opportunities via portal for applicant 157388228
2026-09-05 21:18:09,194 [INFO] Retrieved 50 discussions via portal session for applicant 163863318
2026-09-05 21:18:09,518 [INFO] Retrieved 1 Sales Center opportunities via portal for applicant 163863318
2026-09-05 21:18:09,737 [INFO] Retrieved 50 discussions via portal session for applicant 173838508
2026-09-05 21:18:10,067 [INFO] Retrieved 1 Sales Center opportunities via portal for applicant 173838508
2026-09-05 21:18:10,315 [INFO] Retrieved 50 discussions via portal session for applicant 186333470
2026-09-05 21:18:10,639 [INFO] Retrieved 2 Sales Center opportunities via portal for applicant 186333470
2026-09-05 21:18:10,914 [INFO] Retrieved 50 discussions via portal session for applicant 193438339
2026-09-05 21:18:11,228 [INFO] Retrieved 1 Sales Center opportunities via portal for applicant 193438339
2026-09-05 21:18:11,504 [INFO] Retrieved 27 discussions via portal session for applicant 196126698
2026-09-05 21:18:11,821 [INFO] Retrieved 1 Sales Center opportunities via portal for applicant 196126698
2026-09-05 21:18:12,073 [INFO] Retrieved 50 discussions via portal session for applicant 196851140
2026-09-05 21:18:12,395 [INFO] Retrieved 1 Sales Center opportunities via portal for applicant 196851140
2026-09-05 21:18:12,611 [INFO] Retrieved 50 discussions via portal session for applicant 197389903
2026-09-05 21:18:12,931 [INFO] Retrieved 1 Sales Center opportunities via portal for applicant 197389903
2026-09-05 21:18:13,208 [INFO] Retrieved 50 discussions via portal session for applicant 197891661
2026-09-05 21:18:13,522 [INFO] Retrieved 1 Sales Center opportunities via portal for applicant 197891661
2026-09-05 21:18:13,799 [INFO] Retrieved 50 discussions via portal session for applicant 197895504
2026-09-05 21:18:14,112 [INFO] Retrieved 1 Sales Center opportunities via portal for applicant 197895504
2026-09-05 21:18:14,366 [INFO] Retrieved 50 discussions via portal session for applicant 198604342
2026-09-05 21:18:14,706 [INFO] Retrieved 2 Sales Center opportunities via portal for applicant 198604342
2026-09-05 21:18:15,005 [INFO] Retrieved 50 discussions via portal session for applicant 198908859
2026-09-05 21:18:15,328 [INFO] Retrieved 1 Sales Center opportunities via portal for applicant 198908859
2026-09-05 21:18:15,624 [INFO] Retrieved 50 discussions via portal session for applicant 199797602
2026-09-05 21:18:15,948 [INFO] Retrieved 1 Sales Center opportunities via portal for applicant 199797602
2026-09-05 21:18:16,225 [INFO] Retrieved 50 discussions via portal session for applicant 21587333
2026-09-05 21:18:16,561 [INFO] Retrieved 2 Sales Center opportunities via portal for applicant 21587333
2026-09-05 21:18:16,825 [INFO] Retrieved 50 discussions via portal session for applicant 21588091
2026-09-05 21:18:17,156 [INFO] Retrieved 1 Sales Center opportunities via portal for applicant 21588091
2026-09-05 21:18:17,410 [INFO] Retrieved 23 discussions via portal session for applicant 220250093
2026-09-05 21:18:17,723 [INFO] Retrieved 1 Sales Center opportunities via portal for applicant 220250093
2026-09-05 21:18:18,158 [INFO] Retrieved 50 discussions via portal session for applicant 25156187
2026-09-05 21:18:18,482 [INFO] Retrieved 1 Sales Center opportunities via portal for applicant 25156187
2026-09-05 21:18:18,768 [INFO] Retrieved 50 discussions via portal session for applicant 25721447
2026-09-05 21:18:19,100 [INFO] Retrieved 4 Sales Center opportunities via portal for applicant 25721447
2026-09-05 21:18:19,403 [INFO] Retrieved 50 discussions via portal session for applicant 26042781
2026-09-05 21:18:19,730 [INFO] Retrieved 2 Sales Center opportunities via portal for applicant 26042781
2026-09-05 21:18:20,019 [INFO] Retrieved 50 discussions via portal session for applicant 35209713
2026-09-05 21:18:20,339 [INFO] Retrieved 1 Sales Center opportunities via portal for applicant 35209713
2026-09-05 21:18:20,564 [INFO] Retrieved 50 discussions via portal session for applicant 54893172
2026-09-05 21:18:20,881 [INFO] Retrieved 7 Sales Center opportunities via portal for applicant 54893172
2026-09-05 21:18:21,121 [INFO] Retrieved 50 discussions via portal session for applicant 58768907
2026-09-05 21:18:21,445 [INFO] Retrieved 1 Sales Center opportunities via portal for applicant 58768907
2026-09-05 21:18:21,798 [INFO] Retrieved 50 discussions via portal session for applicant 58866127
2026-09-05 21:18:22,122 [INFO] Retrieved 1 Sales Center opportunities via portal for applicant 58866127
2026-09-05 21:18:22,355 [INFO] Retrieved 50 discussions via portal session for applicant 76858853
2026-09-05 21:18:22,668 [INFO] Retrieved 2 Sales Center opportunities via portal for applicant 76858853
2026-09-05 21:18:22,913 [INFO] Retrieved 50 discussions via portal session for applicant 79002334
2026-09-05 21:18:23,226 [INFO] Retrieved 1 Sales Center opportunities via portal for applicant 79002334
2026-09-05 21:18:23,460 [INFO] Retrieved 50 discussions via portal session for applicant 83571357
2026-09-05 21:18:24,184 [INFO] Retrieved 50 discussions via portal session for applicant 84705043
2026-09-05 21:18:24,510 [INFO] Retrieved 1 Sales Center opportunities via portal for applicant 84705043
2026-09-05 21:18:24,738 [INFO] Retrieved 50 discussions via portal session for applicant 95254866
2026-09-05 21:18:25,582 [INFO] Retrieved 50 discussions via portal session for applicant 99055770
2026-09-05 21:18:25,901 [INFO] Retrieved 1 Sales Center opportunities via portal for applicant 99055770
2026-09-05 21:18:33,342 [INFO] Retrieved 50 discussions via portal session for applicant 99340932
2026-09-05 21:18:37,776 [INFO] Retrieved 1 Sales Center opportunities via portal for applicant 99340932
{
  "applicants_scanned": 39,
  "applicant_ids": [
    "102351931",
    "143979332",
    "144897143",
    "145217363",
    "145834411",
    "148235525",
    "150751441",
    "151382204",
    "151445306",
    "157388228",
    "163863318",
    "173838508",
    "186333470",
    "193438339",
    "196126698",
    "196851140",
    "197389903",
    "197891661",
    "197895504",
    "198604342",
    "198908859",
    "199797602",
    "21587333",
    "21588091",
    "220250093",
    "25156187",
    "25721447",
    "26042781",
    "35209713",
    "54893172",
    "58768907",
    "58866127",
    "76858853",
    "79002334",
    "83571357",
    "84705043",
    "95254866",
    "99055770",
    "99340932"
  ],
  "dispatched": [],
  "errors": [],
  "dry_run": false
}
2026-09-05T21:18:38+00:00 finish robie call label watch rc=0
2026-09-05T21:23:02+00:00 start robie call label watch timeout=90s extra=
2026-09-05 21:23:03,149 [INFO] Retrieved 50 discussions via portal session for applicant 102351931
2026-09-05 21:23:03,672 [INFO] Successfully authenticated with Classic EZLynx API (EZToken issued).
2026-09-05 21:23:03,986 [INFO] Retrieved 1 Sales Center opportunities via portal for applicant 102351931
2026-09-05 21:23:04,227 [INFO] Retrieved 50 discussions via portal session for applicant 143979332
2026-09-05 21:23:04,977 [INFO] Retrieved 50 discussions via portal session for applicant 144897143
2026-09-05 21:23:05,322 [INFO] Retrieved 1 Sales Center opportunities via portal for applicant 144897143
2026-09-05 21:23:05,577 [INFO] Retrieved 50 discussions via portal session for applicant 145217363
2026-09-05 21:23:05,895 [INFO] Retrieved 1 Sales Center opportunities via portal for applicant 145217363
2026-09-05 21:23:06,129 [INFO] Retrieved 50 discussions via portal session for applicant 145834411
2026-09-05 21:23:06,474 [INFO] Retrieved 1 Sales Center opportunities via portal for applicant 145834411
2026-09-05 21:23:06,694 [INFO] Retrieved 50 discussions via portal session for applicant 148235525
2026-09-05 21:23:07,021 [INFO] Retrieved 2 Sales Center opportunities via portal for applicant 148235525
2026-09-05 21:23:07,280 [INFO] Retrieved 50 discussions via portal session for applicant 150751441
2026-09-05 21:23:07,599 [INFO] Retrieved 1 Sales Center opportunities via portal for applicant 150751441
2026-09-05 21:23:07,902 [INFO] Retrieved 50 discussions via portal session for applicant 151382204
2026-09-05 21:23:08,214 [INFO] Retrieved 1 Sales Center opportunities via portal for applicant 151382204
2026-09-05 21:23:08,507 [INFO] Retrieved 50 discussions via portal session for applicant 151445306
2026-09-05 21:23:08,829 [INFO] Retrieved 2 Sales Center opportunities via portal for applicant 151445306
2026-09-05 21:23:09,100 [INFO] Retrieved 50 discussions via portal session for applicant 157388228
2026-09-05 21:23:09,412 [INFO] Retrieved 1 Sales Center opportunities via portal for applicant 157388228
2026-09-05 21:23:09,733 [INFO] Retrieved 50 discussions via portal session for applicant 163863318
2026-09-05 21:23:10,045 [INFO] Retrieved 1 Sales Center opportunities via portal for applicant 163863318
2026-09-05 21:23:10,271 [INFO] Retrieved 50 discussions via portal session for applicant 173838508
2026-09-05 21:23:10,587 [INFO] Retrieved 1 Sales Center opportunities via portal for applicant 173838508
2026-09-05 21:23:10,840 [INFO] Retrieved 50 discussions via portal session for applicant 186333470
2026-09-05 21:23:11,150 [INFO] Retrieved 2 Sales Center opportunities via portal for applicant 186333470
2026-09-05 21:23:11,381 [INFO] Retrieved 50 discussions via portal session for applicant 193438339
2026-09-05 21:23:11,691 [INFO] Retrieved 1 Sales Center opportunities via portal for applicant 193438339
2026-09-05 21:23:11,943 [INFO] Retrieved 27 discussions via portal session for applicant 196126698
2026-09-05 21:23:12,254 [INFO] Retrieved 1 Sales Center opportunities via portal for applicant 196126698
2026-09-05 21:23:12,500 [INFO] Retrieved 50 discussions via portal session for applicant 196851140
2026-09-05 21:23:12,806 [INFO] Retrieved 1 Sales Center opportunities via portal for applicant 196851140
2026-09-05 21:23:13,064 [INFO] Retrieved 50 discussions via portal session for applicant 197389903
2026-09-05 21:23:13,377 [INFO] Retrieved 1 Sales Center opportunities via portal for applicant 197389903
2026-09-05 21:23:13,598 [INFO] Retrieved 50 discussions via portal session for applicant 197891661
2026-09-05 21:23:13,907 [INFO] Retrieved 1 Sales Center opportunities via portal for applicant 197891661
2026-09-05 21:23:14,177 [INFO] Retrieved 50 discussions via portal session for applicant 197895504
2026-09-05 21:23:14,511 [INFO] Retrieved 1 Sales Center opportunities via portal for applicant 197895504
2026-09-05 21:23:14,758 [INFO] Retrieved 50 discussions via portal session for applicant 198604342
2026-09-05 21:23:15,066 [INFO] Retrieved 2 Sales Center opportunities via portal for applicant 198604342
2026-09-05 21:23:15,369 [INFO] Retrieved 50 discussions via portal session for applicant 198908859
2026-09-05 21:23:15,685 [INFO] Retrieved 1 Sales Center opportunities via portal for applicant 198908859
2026-09-05 21:23:16,013 [INFO] Retrieved 50 discussions via portal session for applicant 199797602
2026-09-05 21:23:16,332 [INFO] Retrieved 1 Sales Center opportunities via portal for applicant 199797602
2026-09-05 21:23:16,618 [INFO] Retrieved 50 discussions via portal session for applicant 21587333
2026-09-05 21:23:16,999 [INFO] Retrieved 2 Sales Center opportunities via portal for applicant 21587333
2026-09-05 21:23:17,298 [INFO] Retrieved 50 discussions via portal session for applicant 21588091
2026-09-05 21:23:17,652 [INFO] Retrieved 1 Sales Center opportunities via portal for applicant 21588091
2026-09-05 21:23:17,878 [INFO] Retrieved 23 discussions via portal session for applicant 220250093
2026-09-05 21:23:18,247 [INFO] Retrieved 1 Sales Center opportunities via portal for applicant 220250093
2026-09-05 21:23:18,615 [INFO] Retrieved 50 discussions via portal session for applicant 25156187
2026-09-05 21:23:18,926 [INFO] Retrieved 1 Sales Center opportunities via portal for applicant 25156187
2026-09-05 21:23:19,227 [INFO] Retrieved 50 discussions via portal session for applicant 25721447
2026-09-05 21:23:19,597 [INFO] Retrieved 4 Sales Center opportunities via portal for applicant 25721447
2026-09-05 21:23:19,897 [INFO] Retrieved 50 discussions via portal session for applicant 26042781
2026-09-05 21:23:20,235 [INFO] Retrieved 2 Sales Center opportunities via portal for applicant 26042781
2026-09-05 21:23:20,600 [INFO] Retrieved 50 discussions via portal session for applicant 35209713
2026-09-05 21:23:20,914 [INFO] Retrieved 1 Sales Center opportunities via portal for applicant 35209713
2026-09-05 21:23:21,127 [INFO] Retrieved 50 discussions via portal session for applicant 54893172
2026-09-05 21:23:21,437 [INFO] Retrieved 7 Sales Center opportunities via portal for applicant 54893172
2026-09-05 21:23:21,679 [INFO] Retrieved 50 discussions via portal session for applicant 58768907
2026-09-05 21:23:21,989 [INFO] Retrieved 1 Sales Center opportunities via portal for applicant 58768907
2026-09-05 21:23:22,323 [INFO] Retrieved 50 discussions via portal session for applicant 58866127
2026-09-05 21:23:22,630 [INFO] Retrieved 1 Sales Center opportunities via portal for applicant 58866127
2026-09-05 21:23:22,854 [INFO] Retrieved 50 discussions via portal session for applicant 76858853
2026-09-05 21:23:23,194 [INFO] Retrieved 2 Sales Center opportunities via portal for applicant 76858853
2026-09-05 21:23:23,519 [INFO] Retrieved 50 discussions via portal session for applicant 79002334
2026-09-05 21:23:23,879 [INFO] Retrieved 1 Sales Center opportunities via portal for applicant 79002334
2026-09-05 21:23:24,140 [INFO] Retrieved 50 discussions via portal session for applicant 83571357
2026-09-05 21:23:24,843 [INFO] Retrieved 50 discussions via portal session for applicant 84705043
2026-09-05 21:23:25,219 [INFO] Retrieved 1 Sales Center opportunities via portal for applicant 84705043
2026-09-05 21:23:25,443 [INFO] Retrieved 50 discussions via portal session for applicant 95254866
2026-09-05 21:23:26,246 [INFO] Retrieved 50 discussions via portal session for applicant 99055770
2026-09-05 21:23:26,586 [INFO] Retrieved 1 Sales Center opportunities via portal for applicant 99055770
2026-09-05 21:23:26,859 [INFO] Retrieved 50 discussions via portal session for applicant 99340932
2026-09-05 21:23:27,209 [INFO] Retrieved 1 Sales Center opportunities via portal for applicant 99340932
{
  "applicants_scanned": 39,
  "applicant_ids": [
    "102351931",
    "143979332",
    "144897143",
    "145217363",
    "145834411",
    "148235525",
    "150751441",
    "151382204",
    "151445306",
    "157388228",
    "163863318",
    "173838508",
    "186333470",
    "193438339",
    "196126698",
    "196851140",
    "197389903",
    "197891661",
    "197895504",
    "198604342",
    "198908859",
    "199797602",
    "21587333",
    "21588091",
    "220250093",
    "25156187",
    "25721447",
    "26042781",
    "35209713",
    "54893172",
    "58768907",
    "58866127",
    "76858853",
    "79002334",
    "83571357",
    "84705043",
    "95254866",
    "99055770",
    "99340932"
  ],
  "dispatched": [],
  "errors": [],
  "dry_run": false
}
2026-09-05T21:23:27+00:00 finish robie call label watch rc=0
2026-09-05T21:28:01+00:00 start robie call label watch timeout=90s extra=
2026-09-05 21:28:02,781 [INFO] Retrieved 50 discussions via portal session for applicant 102351931
2026-09-05 21:28:03,294 [INFO] Successfully authenticated with Classic EZLynx API (EZToken issued).
2026-09-05 21:28:03,640 [INFO] Retrieved 1 Sales Center opportunities via portal for applicant 102351931
2026-09-05 21:28:03,900 [INFO] Retrieved 50 discussions via portal session for applicant 143979332
2026-09-05 21:28:04,745 [INFO] Retrieved 50 discussions via portal session for applicant 144897143
2026-09-05 21:28:05,127 [INFO] Retrieved 1 Sales Center opportunities via portal for applicant 144897143
2026-09-05 21:28:05,372 [INFO] Retrieved 50 discussions via portal session for applicant 145217363
2026-09-05 21:28:05,728 [INFO] Retrieved 1 Sales Center opportunities via portal for applicant 145217363
2026-09-05 21:28:06,002 [INFO] Retrieved 50 discussions via portal session for applicant 145834411
2026-09-05 21:28:06,323 [INFO] Retrieved 1 Sales Center opportunities via portal for applicant 145834411
2026-09-05 21:28:06,540 [INFO] Retrieved 50 discussions via portal session for applicant 148235525
2026-09-05 21:28:06,874 [INFO] Retrieved 2 Sales Center opportunities via portal for applicant 148235525
2026-09-05 21:28:07,133 [INFO] Retrieved 50 discussions via portal session for applicant 150751441
2026-09-05 21:28:07,461 [INFO] Retrieved 1 Sales Center opportunities via portal for applicant 150751441
2026-09-05 21:28:07,786 [INFO] Retrieved 50 discussions via portal session for applicant 151382204
2026-09-05 21:28:08,162 [INFO] Retrieved 1 Sales Center opportunities via portal for applicant 151382204
2026-09-05 21:28:08,444 [INFO] Retrieved 50 discussions via portal session for applicant 151445306
2026-09-05 21:28:08,766 [INFO] Retrieved 2 Sales Center opportunities via portal for applicant 151445306
2026-09-05 21:28:09,055 [INFO] Retrieved 50 discussions via portal session for applicant 157388228
2026-09-05 21:28:09,386 [INFO] Retrieved 1 Sales Center opportunities via portal for applicant 157388228
2026-09-05 21:28:09,734 [INFO] Retrieved 50 discussions via portal session for applicant 163863318
2026-09-05 21:28:10,074 [INFO] Retrieved 1 Sales Center opportunities via portal for applicant 163863318
2026-09-05 21:28:10,309 [INFO] Retrieved 50 discussions via portal session for applicant 173838508
2026-09-05 21:28:10,627 [INFO] Retrieved 1 Sales Center opportunities via portal for applicant 173838508
2026-09-05 21:28:10,869 [INFO] Retrieved 50 discussions via portal session for applicant 186333470
2026-09-05 21:28:11,238 [INFO] Retrieved 2 Sales Center opportunities via portal for applicant 186333470
2026-09-05 21:28:11,469 [INFO] Retrieved 50 discussions via portal session for applicant 193438339
2026-09-05 21:28:11,799 [INFO] Retrieved 1 Sales Center opportunities via portal for applicant 193438339
2026-09-05 21:28:12,083 [INFO] Retrieved 27 discussions via portal session for applicant 196126698
2026-09-05 21:28:12,405 [INFO] Retrieved 1 Sales Center opportunities via portal for applicant 196126698
2026-09-05 21:28:12,669 [INFO] Retrieved 50 discussions via portal session for applicant 196851140
2026-09-05 21:28:13,015 [INFO] Retrieved 1 Sales Center opportunities via portal for applicant 196851140
2026-09-05 21:28:13,277 [INFO] Retrieved 50 discussions via portal session for applicant 197389903
2026-09-05 21:28:13,602 [INFO] Retrieved 1 Sales Center opportunities via portal for applicant 197389903
2026-09-05 21:28:13,841 [INFO] Retrieved 50 discussions via portal session for applicant 197891661
2026-09-05 21:28:14,169 [INFO] Retrieved 1 Sales Center opportunities via portal for applicant 197891661
2026-09-05 21:28:14,469 [INFO] Retrieved 50 discussions via portal session for applicant 197895504
2026-09-05 21:28:14,809 [INFO] Retrieved 1 Sales Center opportunities via portal for applicant 197895504
2026-09-05 21:28:15,054 [INFO] Retrieved 50 discussions via portal session for applicant 198604342
2026-09-05 21:28:15,384 [INFO] Retrieved 2 Sales Center opportunities via portal for applicant 198604342
2026-09-05 21:28:15,674 [INFO] Retrieved 50 discussions via portal session for applicant 198908859
2026-09-05 21:28:15,989 [INFO] Retrieved 1 Sales Center opportunities via portal for applicant 198908859
2026-09-05 21:28:16,300 [INFO] Retrieved 50 discussions via portal session for applicant 199797602
2026-09-05 21:28:16,618 [INFO] Retrieved 1 Sales Center opportunities via portal for applicant 199797602
2026-09-05 21:28:16,914 [INFO] Retrieved 50 discussions via portal session for applicant 21587333
2026-09-05 21:28:17,250 [INFO] Retrieved 2 Sales Center opportunities via portal for applicant 21587333
2026-09-05 21:28:17,566 [INFO] Retrieved 50 discussions via portal session for applicant 21588091
2026-09-05 21:28:17,880 [INFO] Retrieved 1 Sales Center opportunities via portal for applicant 21588091
2026-09-05 21:28:18,143 [INFO] Retrieved 23 discussions via portal session for applicant 220250093
2026-09-05 21:28:18,486 [INFO] Retrieved 1 Sales Center opportunities via portal for applicant 220250093
2026-09-05 21:28:18,853 [INFO] Retrieved 50 discussions via portal session for applicant 25156187
2026-09-05 21:28:19,164 [INFO] Retrieved 1 Sales Center opportunities via portal for applicant 25156187
2026-09-05 21:28:19,486 [INFO] Retrieved 50 discussions via portal session for applicant 25721447
2026-09-05 21:28:19,797 [INFO] Retrieved 4 Sales Center opportunities via portal for applicant 25721447
2026-09-05 21:28:20,130 [INFO] Retrieved 50 discussions via portal session for applicant 26042781
2026-09-05 21:28:20,450 [INFO] Retrieved 2 Sales Center opportunities via portal for applicant 26042781
2026-09-05 21:28:20,739 [INFO] Retrieved 50 discussions via portal session for applicant 35209713
2026-09-05 21:28:21,068 [INFO] Retrieved 1 Sales Center opportunities via portal for applicant 35209713
2026-09-05 21:28:21,313 [INFO] Retrieved 50 discussions via portal session for applicant 54893172
2026-09-05 21:28:21,669 [INFO] Retrieved 7 Sales Center opportunities via portal for applicant 54893172
2026-09-05 21:28:21,908 [INFO] Retrieved 50 discussions via portal session for applicant 58768907
2026-09-05 21:28:22,233 [INFO] Retrieved 1 Sales Center opportunities via portal for applicant 58768907
2026-09-05 21:28:22,569 [INFO] Retrieved 50 discussions via portal session for applicant 58866127
2026-09-05 21:28:22,894 [INFO] Retrieved 1 Sales Center opportunities via portal for applicant 58866127
2026-09-05 21:28:23,131 [INFO] Retrieved 50 discussions via portal session for applicant 76858853
2026-09-05 21:28:23,452 [INFO] Retrieved 2 Sales Center opportunities via portal for applicant 76858853
2026-09-05 21:28:23,744 [INFO] Retrieved 50 discussions via portal session for applicant 79002334
2026-09-05 21:28:24,057 [INFO] Retrieved 1 Sales Center opportunities via portal for applicant 79002334
2026-09-05 21:28:24,317 [INFO] Retrieved 50 discussions via portal session for applicant 83571357
2026-09-05 21:28:25,097 [INFO] Retrieved 50 discussions via portal session for applicant 84705043
2026-09-05 21:28:25,434 [INFO] Retrieved 1 Sales Center opportunities via portal for applicant 84705043
2026-09-05 21:28:25,661 [INFO] Retrieved 50 discussions via portal session for applicant 95254866
2026-09-05 21:28:26,458 [INFO] Retrieved 50 discussions via portal session for applicant 99055770
2026-09-05 21:28:26,806 [INFO] Retrieved 1 Sales Center opportunities via portal for applicant 99055770
2026-09-05 21:28:27,061 [INFO] Retrieved 50 discussions via portal session for applicant 99340932
2026-09-05 21:28:27,410 [INFO] Retrieved 1 Sales Center opportunities via portal for applicant 99340932
{
  "applicants_scanned": 39,
  "applicant_ids": [
    "102351931",
    "143979332",
    "144897143",
    "145217363",
    "145834411",
    "148235525",
    "150751441",
    "151382204",
    "151445306",
    "157388228",
    "163863318",
    "173838508",
    "186333470",
    "193438339",
    "196126698",
    "196851140",
    "197389903",
    "197891661",
    "197895504",
    "198604342",
    "198908859",
    "199797602",
    "21587333",
    "21588091",
    "220250093",
    "25156187",
    "25721447",
    "26042781",
    "35209713",
    "54893172",
    "58768907",
    "58866127",
    "76858853",
    "79002334",
    "83571357",
    "84705043",
    "95254866",
    "99055770",
    "99340932"
  ],
  "dispatched": [],
  "errors": [],
  "dry_run": false
}
2026-09-05T21:28:27+00:00 finish robie call label watch rc=0
2026-09-05T21:33:01+00:00 start robie call label watch timeout=90s extra=
2026-09-05 21:33:02,684 [WARNING] Portal GET /EZLynxPortalAPI/Discussions/GetPagedDiscussions returned HTTP 403; falling back to CDP
2026-09-05 21:33:03,709 [INFO] No discussions found for applicant 102351931
2026-09-05 21:33:03,931 [INFO] Retrieved 50 discussions via portal session for applicant 143979332
2026-09-05 21:33:04,448 [INFO] Successfully authenticated with Classic EZLynx API (EZToken issued).
2026-09-05 21:33:05,177 [INFO] Retrieved 50 discussions via portal session for applicant 144897143
2026-09-05 21:33:05,536 [INFO] Retrieved 1 Sales Center opportunities via portal for applicant 144897143
2026-09-05 21:33:05,787 [INFO] Retrieved 50 discussions via portal session for applicant 145217363
2026-09-05 21:33:06,216 [INFO] Retrieved 1 Sales Center opportunities via portal for applicant 145217363
2026-09-05 21:33:06,474 [INFO] Retrieved 50 discussions via portal session for applicant 145834411
2026-09-05 21:33:06,790 [INFO] Retrieved 1 Sales Center opportunities via portal for applicant 145834411
2026-09-05 21:33:07,058 [INFO] Retrieved 50 discussions via portal session for applicant 148235525
2026-09-05 21:33:07,410 [INFO] Retrieved 2 Sales Center opportunities via portal for applicant 148235525
2026-09-05 21:33:07,659 [INFO] Retrieved 50 discussions via portal session for applicant 150751441
2026-09-05 21:33:08,020 [INFO] Retrieved 1 Sales Center opportunities via portal for applicant 150751441
2026-09-05 21:33:08,355 [INFO] Retrieved 50 discussions via portal session for applicant 151382204
2026-09-05 21:33:08,714 [INFO] Retrieved 1 Sales Center opportunities via portal for applicant 151382204
2026-09-05 21:33:09,015 [INFO] Retrieved 50 discussions via portal session for applicant 151445306
2026-09-05 21:33:09,358 [INFO] Retrieved 2 Sales Center opportunities via portal for applicant 151445306
2026-09-05 21:33:09,630 [INFO] Retrieved 50 discussions via portal session for applicant 157388228
2026-09-05 21:33:09,965 [INFO] Retrieved 1 Sales Center opportunities via portal for applicant 157388228
2026-09-05 21:33:10,277 [INFO] Retrieved 50 discussions via portal session for applicant 163863318
2026-09-05 21:33:10,693 [INFO] Retrieved 1 Sales Center opportunities via portal for applicant 163863318
2026-09-05 21:33:10,928 [INFO] Retrieved 50 discussions via portal session for applicant 173838508
2026-09-05 21:33:11,301 [INFO] Retrieved 1 Sales Center opportunities via portal for applicant 173838508
2026-09-05 21:33:11,545 [INFO] Retrieved 50 discussions via portal session for applicant 186333470
2026-09-05 21:33:11,910 [INFO] Retrieved 2 Sales Center opportunities via portal for applicant 186333470
2026-09-05 21:33:12,209 [INFO] Retrieved 50 discussions via portal session for applicant 193438339
2026-09-05 21:33:12,557 [INFO] Retrieved 1 Sales Center opportunities via portal for applicant 193438339
2026-09-05 21:33:12,842 [INFO] Retrieved 27 discussions via portal session for applicant 196126698
2026-09-05 21:33:13,192 [INFO] Retrieved 1 Sales Center opportunities via portal for applicant 196126698
2026-09-05 21:33:13,438 [INFO] Retrieved 50 discussions via portal session for applicant 196851140
2026-09-05 21:33:13,787 [INFO] Retrieved 1 Sales Center opportunities via portal for applicant 196851140
2026-09-05 21:33:14,051 [INFO] Retrieved 50 discussions via portal session for applicant 197389903
2026-09-05 21:33:14,381 [INFO] Retrieved 1 Sales Center opportunities via portal for applicant 197389903
2026-09-05 21:33:14,636 [INFO] Retrieved 50 discussions via portal session for applicant 197891661
2026-09-05 21:33:14,972 [INFO] Retrieved 1 Sales Center opportunities via portal for applicant 197891661
2026-09-05 21:33:15,241 [INFO] Retrieved 50 discussions via portal session for applicant 197895504
2026-09-05 21:33:15,582 [INFO] Retrieved 1 Sales Center opportunities via portal for applicant 197895504
2026-09-05 21:33:15,846 [INFO] Retrieved 50 discussions via portal session for applicant 198604342
2026-09-05 21:33:16,206 [INFO] Retrieved 2 Sales Center opportunities via portal for applicant 198604342
2026-09-05 21:33:16,448 [INFO] Retrieved 50 discussions via portal session for applicant 198908859
2026-09-05 21:33:16,808 [INFO] Retrieved 1 Sales Center opportunities via portal for applicant 198908859
2026-09-05 21:33:17,110 [INFO] Retrieved 50 discussions via portal session for applicant 199797602
2026-09-05 21:33:17,483 [INFO] Retrieved 1 Sales Center opportunities via portal for applicant 199797602
2026-09-05 21:33:17,769 [INFO] Retrieved 50 discussions via portal session for applicant 21587333
2026-09-05 21:33:18,120 [INFO] Retrieved 2 Sales Center opportunities via portal for applicant 21587333
2026-09-05 21:33:18,394 [INFO] Retrieved 50 discussions via portal session for applicant 21588091
2026-09-05 21:33:18,751 [INFO] Retrieved 1 Sales Center opportunities via portal for applicant 21588091
2026-09-05 21:33:18,993 [INFO] Retrieved 23 discussions via portal session for applicant 220250093
2026-09-05 21:33:19,352 [INFO] Retrieved 1 Sales Center opportunities via portal for applicant 220250093
2026-09-05 21:33:19,718 [INFO] Retrieved 50 discussions via portal session for applicant 25156187
2026-09-05 21:33:20,043 [INFO] Retrieved 1 Sales Center opportunities via portal for applicant 25156187
2026-09-05 21:33:20,364 [INFO] Retrieved 50 discussions via portal session for applicant 25721447
2026-09-05 21:33:20,717 [INFO] Retrieved 4 Sales Center opportunities via portal for applicant 25721447
2026-09-05 21:33:21,015 [INFO] Retrieved 50 discussions via portal session for applicant 26042781
2026-09-05 21:33:21,328 [INFO] Retrieved 2 Sales Center opportunities via portal for applicant 26042781
2026-09-05 21:33:21,611 [INFO] Retrieved 50 discussions via portal session for applicant 35209713
2026-09-05 21:33:21,958 [INFO] Retrieved 1 Sales Center opportunities via portal for applicant 35209713
2026-09-05 21:33:22,182 [INFO] Retrieved 50 discussions via portal session for applicant 54893172
2026-09-05 21:33:22,492 [INFO] Retrieved 7 Sales Center opportunities via portal for applicant 54893172
2026-09-05 21:33:23,100 [INFO] Retrieved 50 discussions via portal session for applicant 58768907
2026-09-05 21:33:23,407 [INFO] Retrieved 1 Sales Center opportunities via portal for applicant 58768907
2026-09-05 21:33:23,727 [INFO] Retrieved 50 discussions via portal session for applicant 58866127
2026-09-05 21:33:24,045 [INFO] Retrieved 1 Sales Center opportunities via portal for applicant 58866127
2026-09-05 21:33:24,304 [INFO] Retrieved 50 discussions via portal session for applicant 76858853
2026-09-05 21:33:24,641 [INFO] Retrieved 2 Sales Center opportunities via portal for applicant 76858853
2026-09-05 21:33:24,909 [INFO] Retrieved 50 discussions via portal session for applicant 79002334
2026-09-05 21:33:25,232 [INFO] Retrieved 1 Sales Center opportunities via portal for applicant 79002334
2026-09-05 21:33:25,493 [INFO] Retrieved 50 discussions via portal session for applicant 83571357
2026-09-05 21:33:26,190 [INFO] Retrieved 50 discussions via portal session for applicant 84705043
2026-09-05 21:33:33,686 [INFO] Retrieved 1 Sales Center opportunities via portal for applicant 84705043
2026-09-05 21:33:33,941 [INFO] Retrieved 50 discussions via portal session for applicant 95254866
2026-09-05 21:33:34,702 [INFO] Retrieved 50 discussions via portal session for applicant 99055770
2026-09-05 21:33:35,004 [INFO] Retrieved 1 Sales Center opportunities via portal for applicant 99055770
2026-09-05 21:33:37,302 [INFO] Retrieved 50 discussions via portal session for applicant 99340932
2026-09-05 21:33:37,611 [INFO] Retrieved 1 Sales Center opportunities via portal for applicant 99340932
{
  "applicants_scanned": 39,
  "applicant_ids": [
    "102351931",
    "143979332",
    "144897143",
    "145217363",
    "145834411",
    "148235525",
    "150751441",
    "151382204",
    "151445306",
    "157388228",
    "163863318",
    "173838508",
    "186333470",
    "193438339",
    "196126698",
    "196851140",
    "197389903",
    "197891661",
    "197895504",
    "198604342",
    "198908859",
    "199797602",
    "21587333",
    "21588091",
    "220250093",
    "25156187",
    "25721447",
    "26042781",
    "35209713",
    "54893172",
    "58768907",
    "58866127",
    "76858853",
    "79002334",
    "83571357",
    "84705043",
    "95254866",
    "99055770",
    "99340932"
  ],
  "dispatched": [],
  "errors": [],
  "dry_run": false
}
2026-09-05T21:33:37+00:00 finish robie call label watch rc=0
2026-09-05T21:38:02+00:00 start robie call label watch timeout=90s extra=
2026-09-05 21:38:03,243 [INFO] Retrieved 50 discussions via portal session for applicant 102351931
2026-09-05 21:38:03,793 [INFO] Successfully authenticated with Classic EZLynx API (EZToken issued).
2026-09-05 21:38:04,162 [INFO] Retrieved 1 Sales Center opportunities via portal for applicant 102351931
2026-09-05 21:38:04,425 [INFO] Retrieved 50 discussions via portal session for applicant 143979332
2026-09-05 21:38:05,201 [INFO] Retrieved 50 discussions via portal session for applicant 144897143
2026-09-05 21:38:05,537 [INFO] Retrieved 1 Sales Center opportunities via portal for applicant 144897143
2026-09-05 21:38:05,766 [INFO] Retrieved 50 discussions via portal session for applicant 145217363
2026-09-05 21:38:06,089 [INFO] Retrieved 1 Sales Center opportunities via portal for applicant 145217363
2026-09-05 21:38:06,316 [INFO] Retrieved 50 discussions via portal session for applicant 145834411
2026-09-05 21:38:06,677 [INFO] Retrieved 1 Sales Center opportunities via portal for applicant 145834411
2026-09-05 21:38:06,914 [INFO] Retrieved 50 discussions via portal session for applicant 148235525
2026-09-05 21:38:07,232 [INFO] Retrieved 2 Sales Center opportunities via portal for applicant 148235525
2026-09-05 21:38:07,545 [INFO] Retrieved 50 discussions via portal session for applicant 150751441
2026-09-05 21:38:07,853 [INFO] Retrieved 1 Sales Center opportunities via portal for applicant 150751441
2026-09-05 21:38:08,171 [INFO] Retrieved 50 discussions via portal session for applicant 151382204
2026-09-05 21:38:08,510 [INFO] Retrieved 1 Sales Center opportunities via portal for applicant 151382204
2026-09-05 21:38:08,816 [INFO] Retrieved 50 discussions via portal session for applicant 151445306
2026-09-05 21:38:09,136 [INFO] Retrieved 2 Sales Center opportunities via portal for applicant 151445306
2026-09-05 21:38:09,395 [INFO] Retrieved 50 discussions via portal session for applicant 157388228
2026-09-05 21:38:09,721 [INFO] Retrieved 1 Sales Center opportunities via portal for applicant 157388228
2026-09-05 21:38:10,030 [INFO] Retrieved 50 discussions via portal session for applicant 163863318
2026-09-05 21:38:10,352 [INFO] Retrieved 1 Sales Center opportunities via portal for applicant 163863318
2026-09-05 21:38:10,576 [INFO] Retrieved 50 discussions via portal session for applicant 173838508
2026-09-05 21:38:10,901 [INFO] Retrieved 1 Sales Center opportunities via portal for applicant 173838508
2026-09-05 21:38:11,128 [INFO] Retrieved 50 discussions via portal session for applicant 186333470
2026-09-05 21:38:11,454 [INFO] Retrieved 2 Sales Center opportunities via portal for applicant 186333470
2026-09-05 21:38:11,687 [INFO] Retrieved 50 discussions via portal session for applicant 193438339
2026-09-05 21:38:12,008 [INFO] Retrieved 1 Sales Center opportunities via portal for applicant 193438339
2026-09-05 21:38:12,294 [INFO] Retrieved 27 discussions via portal session for applicant 196126698
2026-09-05 21:38:12,605 [INFO] Retrieved 1 Sales Center opportunities via portal for applicant 196126698
2026-09-05 21:38:12,862 [INFO] Retrieved 50 discussions via portal session for applicant 196851140
2026-09-05 21:38:13,176 [INFO] Retrieved 1 Sales Center opportunities via portal for applicant 196851140
2026-09-05 21:38:13,443 [INFO] Retrieved 50 discussions via portal session for applicant 197389903
2026-09-05 21:38:13,761 [INFO] Retrieved 1 Sales Center opportunities via portal for applicant 197389903
2026-09-05 21:38:13,983 [INFO] Retrieved 50 discussions via portal session for applicant 197891661
2026-09-05 21:38:14,317 [INFO] Retrieved 1 Sales Center opportunities via portal for applicant 197891661
2026-09-05 21:38:14,574 [INFO] Retrieved 50 discussions via portal session for applicant 197895504
2026-09-05 21:38:14,915 [INFO] Retrieved 1 Sales Center opportunities via portal for applicant 197895504
2026-09-05 21:38:15,140 [INFO] Retrieved 50 discussions via portal session for applicant 198604342
2026-09-05 21:38:15,464 [INFO] Retrieved 2 Sales Center opportunities via portal for applicant 198604342
2026-09-05 21:38:15,735 [INFO] Retrieved 50 discussions via portal session for applicant 198908859
2026-09-05 21:38:16,058 [INFO] Retrieved 1 Sales Center opportunities via portal for applicant 198908859
2026-09-05 21:38:16,347 [INFO] Retrieved 50 discussions via portal session for applicant 199797602
2026-09-05 21:38:16,677 [INFO] Retrieved 1 Sales Center opportunities via portal for applicant 199797602
2026-09-05 21:38:16,963 [INFO] Retrieved 50 discussions via portal session for applicant 21587333
2026-09-05 21:38:17,271 [INFO] Retrieved 2 Sales Center opportunities via portal for applicant 21587333
2026-09-05 21:38:17,519 [INFO] Retrieved 50 discussions via portal session for applicant 21588091
2026-09-05 21:38:17,887 [INFO] Retrieved 1 Sales Center opportunities via portal for applicant 21588091
2026-09-05 21:38:18,106 [INFO] Retrieved 23 discussions via portal session for applicant 220250093
2026-09-05 21:38:18,433 [INFO] Retrieved 1 Sales Center opportunities via portal for applicant 220250093
2026-09-05 21:38:18,836 [INFO] Retrieved 50 discussions via portal session for applicant 25156187
2026-09-05 21:38:19,216 [INFO] Retrieved 1 Sales Center opportunities via portal for applicant 25156187
2026-09-05 21:38:19,543 [INFO] Retrieved 50 discussions via portal session for applicant 25721447
2026-09-05 21:38:19,862 [INFO] Retrieved 4 Sales Center opportunities via portal for applicant 25721447
2026-09-05 21:38:20,155 [INFO] Retrieved 50 discussions via portal session for applicant 26042781
2026-09-05 21:38:20,484 [INFO] Retrieved 2 Sales Center opportunities via portal for applicant 26042781
2026-09-05 21:38:20,810 [INFO] Retrieved 50 discussions via portal session for applicant 35209713
2026-09-05 21:38:21,129 [INFO] Retrieved 1 Sales Center opportunities via portal for applicant 35209713
2026-09-05 21:38:21,355 [INFO] Retrieved 50 discussions via portal session for applicant 54893172
2026-09-05 21:38:21,676 [INFO] Retrieved 7 Sales Center opportunities via portal for applicant 54893172
2026-09-05 21:38:21,912 [INFO] Retrieved 50 discussions via portal session for applicant 58768907
2026-09-05 21:38:22,230 [INFO] Retrieved 1 Sales Center opportunities via portal for applicant 58768907
2026-09-05 21:38:22,562 [INFO] Retrieved 50 discussions via portal session for applicant 58866127
2026-09-05 21:38:22,903 [INFO] Retrieved 1 Sales Center opportunities via portal for applicant 58866127
2026-09-05 21:38:23,135 [INFO] Retrieved 50 discussions via portal session for applicant 76858853
2026-09-05 21:38:23,459 [INFO] Retrieved 2 Sales Center opportunities via portal for applicant 76858853
2026-09-05 21:38:23,698 [INFO] Retrieved 50 discussions via portal session for applicant 79002334
2026-09-05 21:38:24,017 [INFO] Retrieved 1 Sales Center opportunities via portal for applicant 79002334
2026-09-05 21:38:24,245 [INFO] Retrieved 50 discussions via portal session for applicant 83571357
2026-09-05 21:38:24,984 [INFO] Retrieved 50 discussions via portal session for applicant 84705043
2026-09-05 21:38:25,304 [INFO] Retrieved 1 Sales Center opportunities via portal for applicant 84705043
2026-09-05 21:38:25,535 [INFO] Retrieved 50 discussions via portal session for applicant 95254866
2026-09-05 21:38:33,488 [INFO] Retrieved 50 discussions via portal session for applicant 99055770
2026-09-05 21:38:33,846 [INFO] Retrieved 1 Sales Center opportunities via portal for applicant 99055770
2026-09-05 21:38:34,076 [INFO] Retrieved 50 discussions via portal session for applicant 99340932
2026-09-05 21:38:34,378 [INFO] Retrieved 1 Sales Center opportunities via portal for applicant 99340932
{
  "applicants_scanned": 39,
  "applicant_ids": [
    "102351931",
    "143979332",
    "144897143",
    "145217363",
    "145834411",
    "148235525",
    "150751441",
    "151382204",
    "151445306",
    "157388228",
    "163863318",
    "173838508",
    "186333470",
    "193438339",
    "196126698",
    "196851140",
    "197389903",
    "197891661",
    "197895504",
    "198604342",
    "198908859",
    "199797602",
    "21587333",
    "21588091",
    "220250093",
    "25156187",
    "25721447",
    "26042781",
    "35209713",
    "54893172",
    "58768907",
    "58866127",
    "76858853",
    "79002334",
    "83571357",
    "84705043",
    "95254866",
    "99055770",
    "99340932"
  ],
  "dispatched": [],
  "errors": [],
  "dry_run": false
}
2026-09-05T21:38:34+00:00 finish robie call label watch rc=0
2026-09-05T21:43:01+00:00 start robie call label watch timeout=90s extra=
2026-09-05 21:43:02,983 [INFO] Retrieved 50 discussions via portal session for applicant 102351931
2026-09-05 21:43:03,506 [INFO] Successfully authenticated with Classic EZLynx API (EZToken issued).
2026-09-05 21:43:03,835 [INFO] Retrieved 1 Sales Center opportunities via portal for applicant 102351931
2026-09-05 21:43:04,092 [INFO] Retrieved 50 discussions via portal session for applicant 143979332
2026-09-05 21:43:04,865 [INFO] Retrieved 50 discussions via portal session for applicant 144897143
2026-09-05 21:43:05,201 [INFO] Retrieved 1 Sales Center opportunities via portal for applicant 144897143
2026-09-05 21:43:05,486 [INFO] Retrieved 50 discussions via portal session for applicant 145217363
2026-09-05 21:43:05,810 [INFO] Retrieved 1 Sales Center opportunities via portal for applicant 145217363
2026-09-05 21:43:06,092 [INFO] Retrieved 50 discussions via portal session for applicant 145834411
2026-09-05 21:43:06,441 [INFO] Retrieved 1 Sales Center opportunities via portal for applicant 145834411
2026-09-05 21:43:06,660 [INFO] Retrieved 50 discussions via portal session for applicant 148235525
2026-09-05 21:43:07,006 [INFO] Retrieved 2 Sales Center opportunities via portal for applicant 148235525
2026-09-05 21:43:07,278 [INFO] Retrieved 50 discussions via portal session for applicant 150751441
2026-09-05 21:43:07,610 [INFO] Retrieved 1 Sales Center opportunities via portal for applicant 150751441
2026-09-05 21:43:07,938 [INFO] Retrieved 50 discussions via portal session for applicant 151382204
2026-09-05 21:43:08,270 [INFO] Retrieved 1 Sales Center opportunities via portal for applicant 151382204
2026-09-05 21:43:08,573 [INFO] Retrieved 50 discussions via portal session for applicant 151445306
2026-09-05 21:43:08,947 [INFO] Retrieved 2 Sales Center opportunities via portal for applicant 151445306
2026-09-05 21:43:09,244 [INFO] Retrieved 50 discussions via portal session for applicant 157388228
2026-09-05 21:43:09,575 [INFO] Retrieved 1 Sales Center opportunities via portal for applicant 157388228
2026-09-05 21:43:09,943 [INFO] Retrieved 50 discussions via portal session for applicant 163863318
2026-09-05 21:43:10,277 [INFO] Retrieved 1 Sales Center opportunities via portal for applicant 163863318
2026-09-05 21:43:10,556 [INFO] Retrieved 50 discussions via portal session for applicant 173838508
2026-09-05 21:43:10,880 [INFO] Retrieved 1 Sales Center opportunities via portal for applicant 173838508
2026-09-05 21:43:11,150 [INFO] Retrieved 50 discussions via portal session for applicant 186333470
2026-09-05 21:43:11,513 [INFO] Retrieved 2 Sales Center opportunities via portal for applicant 186333470
2026-09-05 21:43:11,797 [INFO] Retrieved 50 discussions via portal session for applicant 193438339
2026-09-05 21:43:12,121 [INFO] Retrieved 1 Sales Center opportunities via portal for applicant 193438339
2026-09-05 21:43:12,436 [INFO] Retrieved 27 discussions via portal session for applicant 196126698
2026-09-05 21:43:12,760 [INFO] Retrieved 1 Sales Center opportunities via portal for applicant 196126698
2026-09-05 21:43:13,020 [INFO] Retrieved 50 discussions via portal session for applicant 196851140
2026-09-05 21:43:13,343 [INFO] Retrieved 1 Sales Center opportunities via portal for applicant 196851140
2026-09-05 21:43:13,614 [INFO] Retrieved 50 discussions via portal session for applicant 197389903
2026-09-05 21:43:13,947 [INFO] Retrieved 1 Sales Center opportunities via portal for applicant 197389903
2026-09-05 21:43:14,184 [INFO] Retrieved 50 discussions via portal session for applicant 197891661
2026-09-05 21:43:14,512 [INFO] Retrieved 1 Sales Center opportunities via portal for applicant 197891661
2026-09-05 21:43:14,784 [INFO] Retrieved 50 discussions via portal session for applicant 197895504
2026-09-05 21:43:15,144 [INFO] Retrieved 1 Sales Center opportunities via portal for applicant 197895504
2026-09-05 21:43:15,435 [INFO] Retrieved 50 discussions via portal session for applicant 198604342
2026-09-05 21:43:15,776 [INFO] Retrieved 2 Sales Center opportunities via portal for applicant 198604342
2026-09-05 21:43:16,098 [INFO] Retrieved 50 discussions via portal session for applicant 198908859
2026-09-05 21:43:16,413 [INFO] Retrieved 1 Sales Center opportunities via portal for applicant 198908859
2026-09-05 21:43:16,753 [INFO] Retrieved 50 discussions via portal session for applicant 199797602
2026-09-05 21:43:17,077 [INFO] Retrieved 1 Sales Center opportunities via portal for applicant 199797602
2026-09-05 21:43:17,362 [INFO] Retrieved 50 discussions via portal session for applicant 21587333
2026-09-05 21:43:17,685 [INFO] Retrieved 2 Sales Center opportunities via portal for applicant 21587333
2026-09-05 21:43:17,987 [INFO] Retrieved 50 discussions via portal session for applicant 21588091
2026-09-05 21:43:18,303 [INFO] Retrieved 1 Sales Center opportunities via portal for applicant 21588091
2026-09-05 21:43:18,585 [INFO] Retrieved 23 discussions via portal session for applicant 220250093
2026-09-05 21:43:18,931 [INFO] Retrieved 1 Sales Center opportunities via portal for applicant 220250093
2026-09-05 21:43:19,346 [INFO] Retrieved 50 discussions via portal session for applicant 25156187
2026-09-05 21:43:19,677 [INFO] Retrieved 1 Sales Center opportunities via portal for applicant 25156187
2026-09-05 21:43:19,999 [INFO] Retrieved 50 discussions via portal session for applicant 25721447
2026-09-05 21:43:20,341 [INFO] Retrieved 4 Sales Center opportunities via portal for applicant 25721447
2026-09-05 21:43:20,685 [INFO] Retrieved 50 discussions via portal session for applicant 26042781
2026-09-05 21:43:21,019 [INFO] Retrieved 2 Sales Center opportunities via portal for applicant 26042781
2026-09-05 21:43:21,352 [INFO] Retrieved 50 discussions via portal session for applicant 35209713
2026-09-05 21:43:21,685 [INFO] Retrieved 1 Sales Center opportunities via portal for applicant 35209713
2026-09-05 21:43:21,948 [INFO] Retrieved 50 discussions via portal session for applicant 54893172
2026-09-05 21:43:22,308 [INFO] Retrieved 7 Sales Center opportunities via portal for applicant 54893172
2026-09-05 21:43:22,613 [INFO] Retrieved 50 discussions via portal session for applicant 58768907
2026-09-05 21:43:22,944 [INFO] Retrieved 1 Sales Center opportunities via portal for applicant 58768907
2026-09-05 21:43:23,302 [INFO] Retrieved 50 discussions via portal session for applicant 58866127
2026-09-05 21:43:23,652 [INFO] Retrieved 1 Sales Center opportunities via portal for applicant 58866127
2026-09-05 21:43:23,919 [INFO] Retrieved 50 discussions via portal session for applicant 76858853
2026-09-05 21:43:24,302 [INFO] Retrieved 2 Sales Center opportunities via portal for applicant 76858853
2026-09-05 21:43:24,550 [INFO] Retrieved 50 discussions via portal session for applicant 79002334
2026-09-05 21:43:24,883 [INFO] Retrieved 1 Sales Center opportunities via portal for applicant 79002334
2026-09-05 21:43:25,153 [INFO] Retrieved 50 discussions via portal session for applicant 83571357
2026-09-05 21:43:25,887 [INFO] Retrieved 50 discussions via portal session for applicant 84705043
2026-09-05 21:43:26,249 [INFO] Retrieved 1 Sales Center opportunities via portal for applicant 84705043
2026-09-05 21:43:26,482 [INFO] Retrieved 50 discussions via portal session for applicant 95254866
2026-09-05 21:43:27,359 [INFO] Retrieved 50 discussions via portal session for applicant 99055770
2026-09-05 21:43:27,682 [INFO] Retrieved 1 Sales Center opportunities via portal for applicant 99055770
2026-09-05 21:43:27,963 [INFO] Retrieved 50 discussions via portal session for applicant 99340932
2026-09-05 21:43:28,290 [INFO] Retrieved 1 Sales Center opportunities via portal for applicant 99340932
{
  "applicants_scanned": 39,
  "applicant_ids": [
    "102351931",
    "143979332",
    "144897143",
    "145217363",
    "145834411",
    "148235525",
    "150751441",
    "151382204",
    "151445306",
    "157388228",
    "163863318",
    "173838508",
    "186333470",
    "193438339",
    "196126698",
    "196851140",
    "197389903",
    "197891661",
    "197895504",
    "198604342",
    "198908859",
    "199797602",
    "21587333",
    "21588091",
    "220250093",
    "25156187",
    "25721447",
    "26042781",
    "35209713",
    "54893172",
    "58768907",
    "58866127",
    "76858853",
    "79002334",
    "83571357",
    "84705043",
    "95254866",
    "99055770",
    "99340932"
  ],
  "dispatched": [],
  "errors": [],
  "dry_run": false
}
2026-09-05T21:43:28+00:00 finish robie call label watch rc=0
2026-09-05T21:48:01+00:00 start robie call label watch timeout=90s extra=
2026-09-05 21:48:02,814 [INFO] Retrieved 50 discussions via portal session for applicant 102351931
2026-09-05 21:48:03,331 [INFO] Successfully authenticated with Classic EZLynx API (EZToken issued).
2026-09-05 21:48:03,669 [INFO] Retrieved 1 Sales Center opportunities via portal for applicant 102351931
2026-09-05 21:48:03,903 [INFO] Retrieved 50 discussions via portal session for applicant 143979332
2026-09-05 21:48:04,686 [INFO] Retrieved 50 discussions via portal session for applicant 144897143
2026-09-05 21:48:05,027 [INFO] Retrieved 1 Sales Center opportunities via portal for applicant 144897143
2026-09-05 21:48:05,299 [INFO] Retrieved 50 discussions via portal session for applicant 145217363
2026-09-05 21:48:05,629 [INFO] Retrieved 1 Sales Center opportunities via portal for applicant 145217363
2026-09-05 21:48:05,869 [INFO] Retrieved 50 discussions via portal session for applicant 145834411
2026-09-05 21:48:06,244 [INFO] Retrieved 1 Sales Center opportunities via portal for applicant 145834411
2026-09-05 21:48:06,506 [INFO] Retrieved 50 discussions via portal session for applicant 148235525
2026-09-05 21:48:06,845 [INFO] Retrieved 2 Sales Center opportunities via portal for applicant 148235525
2026-09-05 21:48:07,158 [INFO] Retrieved 50 discussions via portal session for applicant 150751441
2026-09-05 21:48:07,515 [INFO] Retrieved 1 Sales Center opportunities via portal for applicant 150751441
2026-09-05 21:48:07,831 [INFO] Retrieved 50 discussions via portal session for applicant 151382204
2026-09-05 21:48:08,151 [INFO] Retrieved 1 Sales Center opportunities via portal for applicant 151382204
2026-09-05 21:48:08,439 [INFO] Retrieved 50 discussions via portal session for applicant 151445306
2026-09-05 21:48:08,769 [INFO] Retrieved 2 Sales Center opportunities via portal for applicant 151445306
2026-09-05 21:48:09,146 [INFO] Retrieved 50 discussions via portal session for applicant 157388228
2026-09-05 21:48:09,482 [INFO] Retrieved 1 Sales Center opportunities via portal for applicant 157388228
2026-09-05 21:48:09,794 [INFO] Retrieved 50 discussions via portal session for applicant 163863318
2026-09-05 21:48:10,160 [INFO] Retrieved 1 Sales Center opportunities via portal for applicant 163863318
2026-09-05 21:48:10,430 [INFO] Retrieved 50 discussions via portal session for applicant 173838508
2026-09-05 21:48:10,762 [INFO] Retrieved 1 Sales Center opportunities via portal for applicant 173838508
2026-09-05 21:48:11,003 [INFO] Retrieved 50 discussions via portal session for applicant 186333470
2026-09-05 21:48:11,320 [INFO] Retrieved 2 Sales Center opportunities via portal for applicant 186333470
2026-09-05 21:48:11,559 [INFO] Retrieved 50 discussions via portal session for applicant 193438339
2026-09-05 21:48:11,889 [INFO] Retrieved 1 Sales Center opportunities via portal for applicant 193438339
2026-09-05 21:48:12,179 [INFO] Retrieved 27 discussions via portal session for applicant 196126698
2026-09-05 21:48:12,511 [INFO] Retrieved 1 Sales Center opportunities via portal for applicant 196126698
2026-09-05 21:48:12,727 [INFO] Retrieved 50 discussions via portal session for applicant 196851140
2026-09-05 21:48:13,058 [INFO] Retrieved 1 Sales Center opportunities via portal for applicant 196851140
2026-09-05 21:48:13,284 [INFO] Retrieved 50 discussions via portal session for applicant 197389903
2026-09-05 21:48:13,613 [INFO] Retrieved 1 Sales Center opportunities via portal for applicant 197389903
2026-09-05 21:48:13,872 [INFO] Retrieved 50 discussions via portal session for applicant 197891661
2026-09-05 21:48:14,182 [INFO] Retrieved 1 Sales Center opportunities via portal for applicant 197891661
2026-09-05 21:48:14,453 [INFO] Retrieved 50 discussions via portal session for applicant 197895504
2026-09-05 21:48:14,782 [INFO] Retrieved 1 Sales Center opportunities via portal for applicant 197895504
2026-09-05 21:48:15,019 [INFO] Retrieved 50 discussions via portal session for applicant 198604342
2026-09-05 21:48:15,350 [INFO] Retrieved 2 Sales Center opportunities via portal for applicant 198604342
2026-09-05 21:48:15,690 [INFO] Retrieved 50 discussions via portal session for applicant 198908859
2026-09-05 21:48:16,018 [INFO] Retrieved 1 Sales Center opportunities via portal for applicant 198908859
2026-09-05 21:48:16,357 [INFO] Retrieved 50 discussions via portal session for applicant 199797602
2026-09-05 21:48:16,685 [INFO] Retrieved 1 Sales Center opportunities via portal for applicant 199797602
2026-09-05 21:48:16,970 [INFO] Retrieved 50 discussions via portal session for applicant 21587333
2026-09-05 21:48:17,310 [INFO] Retrieved 2 Sales Center opportunities via portal for applicant 21587333
2026-09-05 21:48:17,634 [INFO] Retrieved 50 discussions via portal session for applicant 21588091
2026-09-05 21:48:17,968 [INFO] Retrieved 1 Sales Center opportunities via portal for applicant 21588091
2026-09-05 21:48:18,247 [INFO] Retrieved 23 discussions via portal session for applicant 220250093
2026-09-05 21:48:18,573 [INFO] Retrieved 1 Sales Center opportunities via portal for applicant 220250093
2026-09-05 21:48:18,975 [INFO] Retrieved 50 discussions via portal session for applicant 25156187
2026-09-05 21:48:19,315 [INFO] Retrieved 1 Sales Center opportunities via portal for applicant 25156187
2026-09-05 21:48:19,686 [INFO] Retrieved 50 discussions via portal session for applicant 25721447
2026-09-05 21:48:20,017 [INFO] Retrieved 4 Sales Center opportunities via portal for applicant 25721447
2026-09-05 21:48:20,353 [INFO] Retrieved 50 discussions via portal session for applicant 26042781
2026-09-05 21:48:20,674 [INFO] Retrieved 2 Sales Center opportunities via portal for applicant 26042781
2026-09-05 21:48:20,988 [INFO] Retrieved 50 discussions via portal session for applicant 35209713
2026-09-05 21:48:21,302 [INFO] Retrieved 1 Sales Center opportunities via portal for applicant 35209713
2026-09-05 21:48:21,529 [INFO] Retrieved 50 discussions via portal session for applicant 54893172
2026-09-05 21:48:21,867 [INFO] Retrieved 7 Sales Center opportunities via portal for applicant 54893172
2026-09-05 21:48:22,159 [INFO] Retrieved 50 discussions via portal session for applicant 58768907
2026-09-05 21:48:22,481 [INFO] Retrieved 1 Sales Center opportunities via portal for applicant 58768907
2026-09-05 21:48:22,798 [INFO] Retrieved 50 discussions via portal session for applicant 58866127
2026-09-05 21:48:23,155 [INFO] Retrieved 1 Sales Center opportunities via portal for applicant 58866127
2026-09-05 21:48:23,417 [INFO] Retrieved 50 discussions via portal session for applicant 76858853
2026-09-05 21:48:31,768 [INFO] Retrieved 2 Sales Center opportunities via portal for applicant 76858853
2026-09-05 21:48:39,237 [INFO] Retrieved 50 discussions via portal session for applicant 79002334
2026-09-05 21:48:39,584 [INFO] Retrieved 1 Sales Center opportunities via portal for applicant 79002334
2026-09-05 21:48:39,835 [INFO] Retrieved 50 discussions via portal session for applicant 83571357
2026-09-05 21:48:40,618 [INFO] Retrieved 50 discussions via portal session for applicant 84705043
2026-09-05 21:48:40,971 [INFO] Retrieved 1 Sales Center opportunities via portal for applicant 84705043
2026-09-05 21:48:41,221 [INFO] Retrieved 50 discussions via portal session for applicant 95254866
2026-09-05 21:48:42,153 [INFO] Retrieved 50 discussions via portal session for applicant 99055770
2026-09-05 21:48:42,510 [INFO] Retrieved 1 Sales Center opportunities via portal for applicant 99055770
2026-09-05 21:48:42,765 [INFO] Retrieved 50 discussions via portal session for applicant 99340932
2026-09-05 21:48:43,086 [INFO] Retrieved 1 Sales Center opportunities via portal for applicant 99340932
{
  "applicants_scanned": 39,
  "applicant_ids": [
    "102351931",
    "143979332",
    "144897143",
    "145217363",
    "145834411",
    "148235525",
    "150751441",
    "151382204",
    "151445306",
    "157388228",
    "163863318",
    "173838508",
    "186333470",
    "193438339",
    "196126698",
    "196851140",
    "197389903",
    "197891661",
    "197895504",
    "198604342",
    "198908859",
    "199797602",
    "21587333",
    "21588091",
    "220250093",
    "25156187",
    "25721447",
    "26042781",
    "35209713",
    "54893172",
    "58768907",
    "58866127",
    "76858853",
    "79002334",
    "83571357",
    "84705043",
    "95254866",
    "99055770",
    "99340932"
  ],
  "dispatched": [],
  "errors": [],
  "dry_run": false
}
2026-09-05T21:48:43+00:00 finish robie call label watch rc=0
2026-09-05T21:53:01+00:00 start robie call label watch timeout=90s extra=
2026-09-05 21:53:02,780 [INFO] Retrieved 50 discussions via portal session for applicant 102351931
2026-09-05 21:53:03,306 [INFO] Successfully authenticated with Classic EZLynx API (EZToken issued).
2026-09-05 21:53:03,655 [INFO] Retrieved 1 Sales Center opportunities via portal for applicant 102351931
2026-09-05 21:53:03,921 [INFO] Retrieved 50 discussions via portal session for applicant 143979332
2026-09-05 21:53:04,776 [INFO] Retrieved 50 discussions via portal session for applicant 144897143
2026-09-05 21:53:05,143 [INFO] Retrieved 1 Sales Center opportunities via portal for applicant 144897143
2026-09-05 21:53:05,382 [INFO] Retrieved 50 discussions via portal session for applicant 145217363
2026-09-05 21:53:05,722 [INFO] Retrieved 1 Sales Center opportunities via portal for applicant 145217363
2026-09-05 21:53:05,999 [INFO] Retrieved 50 discussions via portal session for applicant 145834411
2026-09-05 21:53:06,353 [INFO] Retrieved 1 Sales Center opportunities via portal for applicant 145834411
2026-09-05 21:53:06,640 [INFO] Retrieved 50 discussions via portal session for applicant 148235525
2026-09-05 21:53:06,963 [INFO] Retrieved 2 Sales Center opportunities via portal for applicant 148235525
2026-09-05 21:53:07,262 [INFO] Retrieved 50 discussions via portal session for applicant 150751441
2026-09-05 21:53:07,591 [INFO] Retrieved 1 Sales Center opportunities via portal for applicant 150751441
2026-09-05 21:53:07,905 [INFO] Retrieved 50 discussions via portal session for applicant 151382204
2026-09-05 21:53:08,264 [INFO] Retrieved 1 Sales Center opportunities via portal for applicant 151382204
2026-09-05 21:53:08,621 [INFO] Retrieved 50 discussions via portal session for applicant 151445306
2026-09-05 21:53:08,941 [INFO] Retrieved 2 Sales Center opportunities via portal for applicant 151445306
2026-09-05 21:53:09,257 [INFO] Retrieved 50 discussions via portal session for applicant 157388228
2026-09-05 21:53:09,581 [INFO] Retrieved 1 Sales Center opportunities via portal for applicant 157388228
2026-09-05 21:53:09,985 [INFO] Retrieved 50 discussions via portal session for applicant 163863318
2026-09-05 21:53:10,319 [INFO] Retrieved 1 Sales Center opportunities via portal for applicant 163863318
2026-09-05 21:53:10,596 [INFO] Retrieved 50 discussions via portal session for applicant 173838508
2026-09-05 21:53:10,928 [INFO] Retrieved 1 Sales Center opportunities via portal for applicant 173838508
2026-09-05 21:53:11,164 [INFO] Retrieved 50 discussions via portal session for applicant 186333470
2026-09-05 21:53:11,498 [INFO] Retrieved 2 Sales Center opportunities via portal for applicant 186333470
2026-09-05 21:53:11,804 [INFO] Retrieved 50 discussions via portal session for applicant 193438339
2026-09-05 21:53:12,134 [INFO] Retrieved 1 Sales Center opportunities via portal for applicant 193438339
2026-09-05 21:53:12,414 [INFO] Retrieved 27 discussions via portal session for applicant 196126698
2026-09-05 21:53:12,746 [INFO] Retrieved 1 Sales Center opportunities via portal for applicant 196126698
2026-09-05 21:53:12,966 [INFO] Retrieved 50 discussions via portal session for applicant 196851140
2026-09-05 21:53:13,313 [INFO] Retrieved 1 Sales Center opportunities via portal for applicant 196851140
2026-09-05 21:53:13,598 [INFO] Retrieved 50 discussions via portal session for applicant 197389903
2026-09-05 21:53:13,925 [INFO] Retrieved 1 Sales Center opportunities via portal for applicant 197389903
2026-09-05 21:53:14,205 [INFO] Retrieved 50 discussions via portal session for applicant 197891661
2026-09-05 21:53:14,540 [INFO] Retrieved 1 Sales Center opportunities via portal for applicant 197891661
2026-09-05 21:53:14,832 [INFO] Retrieved 50 discussions via portal session for applicant 197895504
2026-09-05 21:53:15,171 [INFO] Retrieved 1 Sales Center opportunities via portal for applicant 197895504
2026-09-05 21:53:15,399 [INFO] Retrieved 50 discussions via portal session for applicant 198604342
2026-09-05 21:53:15,770 [INFO] Retrieved 2 Sales Center opportunities via portal for applicant 198604342
2026-09-05 21:53:16,043 [INFO] Retrieved 50 discussions via portal session for applicant 198908859
2026-09-05 21:53:16,398 [INFO] Retrieved 1 Sales Center opportunities via portal for applicant 198908859
2026-09-05 21:53:16,727 [INFO] Retrieved 50 discussions via portal session for applicant 199797602
2026-09-05 21:53:17,130 [INFO] Retrieved 1 Sales Center opportunities via portal for applicant 199797602
2026-09-05 21:53:17,454 [INFO] Retrieved 50 discussions via portal session for applicant 21587333
2026-09-05 21:53:17,781 [INFO] Retrieved 2 Sales Center opportunities via portal for applicant 21587333
2026-09-05 21:53:18,113 [INFO] Retrieved 50 discussions via portal session for applicant 21588091
2026-09-05 21:53:18,463 [INFO] Retrieved 1 Sales Center opportunities via portal for applicant 21588091
2026-09-05 21:53:18,696 [INFO] Retrieved 23 discussions via portal session for applicant 220250093
2026-09-05 21:53:19,056 [INFO] Retrieved 1 Sales Center opportunities via portal for applicant 220250093
2026-09-05 21:53:19,498 [INFO] Retrieved 50 discussions via portal session for applicant 25156187
2026-09-05 21:53:19,837 [INFO] Retrieved 1 Sales Center opportunities via portal for applicant 25156187
2026-09-05 21:53:20,185 [INFO] Retrieved 50 discussions via portal session for applicant 25721447
2026-09-05 21:53:20,525 [INFO] Retrieved 4 Sales Center opportunities via portal for applicant 25721447
2026-09-05 21:53:20,878 [INFO] Retrieved 50 discussions via portal session for applicant 26042781
2026-09-05 21:53:21,210 [INFO] Retrieved 2 Sales Center opportunities via portal for applicant 26042781
2026-09-05 21:53:21,548 [INFO] Retrieved 50 discussions via portal session for applicant 35209713
2026-09-05 21:53:21,872 [INFO] Retrieved 1 Sales Center opportunities via portal for applicant 35209713
2026-09-05 21:53:22,128 [INFO] Retrieved 50 discussions via portal session for applicant 54893172
2026-09-05 21:53:22,492 [INFO] Retrieved 7 Sales Center opportunities via portal for applicant 54893172
2026-09-05 21:53:22,749 [INFO] Retrieved 50 discussions via portal session for applicant 58768907
2026-09-05 21:53:23,082 [INFO] Retrieved 1 Sales Center opportunities via portal for applicant 58768907
2026-09-05 21:53:23,406 [INFO] Retrieved 50 discussions via portal session for applicant 58866127
2026-09-05 21:53:23,746 [INFO] Retrieved 1 Sales Center opportunities via portal for applicant 58866127
2026-09-05 21:53:23,982 [INFO] Retrieved 50 discussions via portal session for applicant 76858853
2026-09-05 21:53:24,391 [INFO] Retrieved 2 Sales Center opportunities via portal for applicant 76858853
2026-09-05 21:53:32,647 [INFO] Retrieved 50 discussions via portal session for applicant 79002334
2026-09-05 21:53:32,990 [INFO] Retrieved 1 Sales Center opportunities via portal for applicant 79002334
2026-09-05 21:53:37,375 [INFO] Retrieved 50 discussions via portal session for applicant 83571357
2026-09-05 21:53:38,126 [INFO] Retrieved 50 discussions via portal session for applicant 84705043
2026-09-05 21:53:38,443 [INFO] Retrieved 1 Sales Center opportunities via portal for applicant 84705043
2026-09-05 21:53:38,705 [INFO] Retrieved 50 discussions via portal session for applicant 95254866
2026-09-05 21:53:39,623 [INFO] Retrieved 50 discussions via portal session for applicant 99055770
2026-09-05 21:53:39,937 [INFO] Retrieved 1 Sales Center opportunities via portal for applicant 99055770
2026-09-05 21:53:40,165 [INFO] Retrieved 50 discussions via portal session for applicant 99340932
2026-09-05 21:53:40,494 [INFO] Retrieved 1 Sales Center opportunities via portal for applicant 99340932
{
  "applicants_scanned": 39,
  "applicant_ids": [
    "102351931",
    "143979332",
    "144897143",
    "145217363",
    "145834411",
    "148235525",
    "150751441",
    "151382204",
    "151445306",
    "157388228",
    "163863318",
    "173838508",
    "186333470",
    "193438339",
    "196126698",
    "196851140",
    "197389903",
    "197891661",
    "197895504",
    "198604342",
    "198908859",
    "199797602",
    "21587333",
    "21588091",
    "220250093",
    "25156187",
    "25721447",
    "26042781",
    "35209713",
    "54893172",
    "58768907",
    "58866127",
    "76858853",
    "79002334",
    "83571357",
    "84705043",
    "95254866",
    "99055770",
    "99340932"
  ],
  "dispatched": [],
  "errors": [],
  "dry_run": false
}
2026-09-05T21:53:40+00:00 finish robie call label watch rc=0
2026-09-05T21:58:01+00:00 start robie call label watch timeout=90s extra=
2026-09-05 21:58:02,984 [INFO] Retrieved 50 discussions via portal session for applicant 102351931
2026-09-05 21:58:03,496 [INFO] Successfully authenticated with Classic EZLynx API (EZToken issued).
2026-09-05 21:58:03,838 [INFO] Retrieved 1 Sales Center opportunities via portal for applicant 102351931
2026-09-05 21:58:04,108 [INFO] Retrieved 50 discussions via portal session for applicant 143979332
2026-09-05 21:58:04,846 [INFO] Retrieved 50 discussions via portal session for applicant 144897143
2026-09-05 21:58:05,199 [INFO] Retrieved 1 Sales Center opportunities via portal for applicant 144897143
2026-09-05 21:58:05,444 [INFO] Retrieved 50 discussions via portal session for applicant 145217363
2026-09-05 21:58:05,780 [INFO] Retrieved 1 Sales Center opportunities via portal for applicant 145217363
2026-09-05 21:58:06,043 [INFO] Retrieved 50 discussions via portal session for applicant 145834411
2026-09-05 21:58:06,377 [INFO] Retrieved 1 Sales Center opportunities via portal for applicant 145834411
2026-09-05 21:58:06,610 [INFO] Retrieved 50 discussions via portal session for applicant 148235525
2026-09-05 21:58:06,946 [INFO] Retrieved 2 Sales Center opportunities via portal for applicant 148235525
2026-09-05 21:58:07,252 [INFO] Retrieved 50 discussions via portal session for applicant 150751441
2026-09-05 21:58:07,628 [INFO] Retrieved 1 Sales Center opportunities via portal for applicant 150751441
2026-09-05 21:58:07,989 [INFO] Retrieved 50 discussions via portal session for applicant 151382204
2026-09-05 21:58:08,320 [INFO] Retrieved 1 Sales Center opportunities via portal for applicant 151382204
2026-09-05 21:58:08,615 [INFO] Retrieved 50 discussions via portal session for applicant 151445306
2026-09-05 21:58:08,995 [INFO] Retrieved 2 Sales Center opportunities via portal for applicant 151445306
2026-09-05 21:58:09,247 [INFO] Retrieved 50 discussions via portal session for applicant 157388228
2026-09-05 21:58:09,586 [INFO] Retrieved 1 Sales Center opportunities via portal for applicant 157388228
2026-09-05 21:58:09,946 [INFO] Retrieved 50 discussions via portal session for applicant 163863318
2026-09-05 21:58:10,279 [INFO] Retrieved 1 Sales Center opportunities via portal for applicant 163863318
2026-09-05 21:58:10,514 [INFO] Retrieved 50 discussions via portal session for applicant 173838508
2026-09-05 21:58:10,840 [INFO] Retrieved 1 Sales Center opportunities via portal for applicant 173838508
2026-09-05 21:58:11,073 [INFO] Retrieved 50 discussions via portal session for applicant 186333470
2026-09-05 21:58:11,438 [INFO] Retrieved 2 Sales Center opportunities via portal for applicant 186333470
2026-09-05 21:58:11,699 [INFO] Retrieved 50 discussions via portal session for applicant 193438339
2026-09-05 21:58:12,042 [INFO] Retrieved 1 Sales Center opportunities via portal for applicant 193438339
2026-09-05 21:58:12,321 [INFO] Retrieved 27 discussions via portal session for applicant 196126698
2026-09-05 21:58:12,656 [INFO] Retrieved 1 Sales Center opportunities via portal for applicant 196126698
2026-09-05 21:58:12,895 [INFO] Retrieved 50 discussions via portal session for applicant 196851140
2026-09-05 21:58:13,236 [INFO] Retrieved 1 Sales Center opportunities via portal for applicant 196851140
2026-09-05 21:58:13,474 [INFO] Retrieved 50 discussions via portal session for applicant 197389903
2026-09-05 21:58:13,851 [INFO] Retrieved 1 Sales Center opportunities via portal for applicant 197389903
2026-09-05 21:58:14,154 [INFO] Retrieved 50 discussions via portal session for applicant 197891661
2026-09-05 21:58:14,549 [INFO] Retrieved 1 Sales Center opportunities via portal for applicant 197891661
2026-09-05 21:58:14,900 [INFO] Retrieved 50 discussions via portal session for applicant 197895504
2026-09-05 21:58:15,298 [INFO] Retrieved 1 Sales Center opportunities via portal for applicant 197895504
2026-09-05 21:58:15,574 [INFO] Retrieved 50 discussions via portal session for applicant 198604342
2026-09-05 21:58:15,964 [INFO] Retrieved 2 Sales Center opportunities via portal for applicant 198604342
2026-09-05 21:58:16,343 [INFO] Retrieved 50 discussions via portal session for applicant 198908859
2026-09-05 21:58:16,714 [INFO] Retrieved 1 Sales Center opportunities via portal for applicant 198908859
2026-09-05 21:58:17,097 [INFO] Retrieved 50 discussions via portal session for applicant 199797602
2026-09-05 21:58:17,503 [INFO] Retrieved 1 Sales Center opportunities via portal for applicant 199797602
2026-09-05 21:58:17,814 [INFO] Retrieved 50 discussions via portal session for applicant 21587333
2026-09-05 21:58:18,179 [INFO] Retrieved 2 Sales Center opportunities via portal for applicant 21587333
2026-09-05 21:58:18,570 [INFO] Retrieved 50 discussions via portal session for applicant 21588091
2026-09-05 21:58:18,913 [INFO] Retrieved 1 Sales Center opportunities via portal for applicant 21588091
2026-09-05 21:58:19,186 [INFO] Retrieved 23 discussions via portal session for applicant 220250093
2026-09-05 21:58:19,530 [INFO] Retrieved 1 Sales Center opportunities via portal for applicant 220250093
2026-09-05 21:58:19,913 [INFO] Retrieved 50 discussions via portal session for applicant 25156187
2026-09-05 21:58:20,237 [INFO] Retrieved 1 Sales Center opportunities via portal for applicant 25156187
2026-09-05 21:58:20,531 [INFO] Retrieved 50 discussions via portal session for applicant 25721447
2026-09-05 21:58:20,849 [INFO] Retrieved 4 Sales Center opportunities via portal for applicant 25721447
2026-09-05 21:58:21,194 [INFO] Retrieved 50 discussions via portal session for applicant 26042781
2026-09-05 21:58:21,561 [INFO] Retrieved 2 Sales Center opportunities via portal for applicant 26042781
2026-09-05 21:58:21,877 [INFO] Retrieved 50 discussions via portal session for applicant 35209713
2026-09-05 21:58:22,194 [INFO] Retrieved 1 Sales Center opportunities via portal for applicant 35209713
2026-09-05 21:58:22,434 [INFO] Retrieved 50 discussions via portal session for applicant 54893172
2026-09-05 21:58:22,768 [INFO] Retrieved 7 Sales Center opportunities via portal for applicant 54893172
2026-09-05 21:58:23,083 [INFO] Retrieved 50 discussions via portal session for applicant 58768907
2026-09-05 21:58:23,414 [INFO] Retrieved 1 Sales Center opportunities via portal for applicant 58768907
2026-09-05 21:58:23,764 [INFO] Retrieved 50 discussions via portal session for applicant 58866127
2026-09-05 21:58:24,108 [INFO] Retrieved 1 Sales Center opportunities via portal for applicant 58866127
2026-09-05 21:58:24,421 [INFO] Retrieved 50 discussions via portal session for applicant 76858853
2026-09-05 21:58:24,773 [INFO] Retrieved 2 Sales Center opportunities via portal for applicant 76858853
2026-09-05 21:58:25,059 [INFO] Retrieved 50 discussions via portal session for applicant 79002334
2026-09-05 21:58:25,393 [INFO] Retrieved 1 Sales Center opportunities via portal for applicant 79002334
2026-09-05 21:58:25,664 [INFO] Retrieved 50 discussions via portal session for applicant 83571357
2026-09-05 21:58:26,411 [INFO] Retrieved 50 discussions via portal session for applicant 84705043
2026-09-05 21:58:33,959 [INFO] Retrieved 1 Sales Center opportunities via portal for applicant 84705043
2026-09-05 21:58:34,213 [INFO] Retrieved 50 discussions via portal session for applicant 95254866
2026-09-05 21:58:35,053 [INFO] Retrieved 50 discussions via portal session for applicant 99055770
2026-09-05 21:58:37,456 [INFO] Retrieved 1 Sales Center opportunities via portal for applicant 99055770
2026-09-05 21:58:37,682 [INFO] Retrieved 50 discussions via portal session for applicant 99340932
2026-09-05 21:58:38,009 [INFO] Retrieved 1 Sales Center opportunities via portal for applicant 99340932
{
  "applicants_scanned": 39,
  "applicant_ids": [
    "102351931",
    "143979332",
    "144897143",
    "145217363",
    "145834411",
    "148235525",
    "150751441",
    "151382204",
    "151445306",
    "157388228",
    "163863318",
    "173838508",
    "186333470",
    "193438339",
    "196126698",
    "196851140",
    "197389903",
    "197891661",
    "197895504",
    "198604342",
    "198908859",
    "199797602",
    "21587333",
    "21588091",
    "220250093",
    "25156187",
    "25721447",
    "26042781",
    "35209713",
    "54893172",
    "58768907",
    "58866127",
    "76858853",
    "79002334",
    "83571357",
    "84705043",
    "95254866",
    "99055770",
    "99340932"
  ],
  "dispatched": [],
  "errors": [],
  "dry_run": false
}
2026-09-05T21:58:38+00:00 finish robie call label watch rc=0
2026-09-05T22:03:01+00:00 start robie call label watch timeout=90s extra=
2026-09-05 22:03:02,584 [INFO] Retrieved 50 discussions via portal session for applicant 102351931
2026-09-05 22:03:03,098 [INFO] Successfully authenticated with Classic EZLynx API (EZToken issued).
2026-09-05 22:03:03,433 [INFO] Retrieved 1 Sales Center opportunities via portal for applicant 102351931
2026-09-05 22:03:03,683 [INFO] Retrieved 50 discussions via portal session for applicant 143979332
2026-09-05 22:03:04,470 [INFO] Retrieved 50 discussions via portal session for applicant 144897143
2026-09-05 22:03:04,849 [INFO] Retrieved 1 Sales Center opportunities via portal for applicant 144897143
2026-09-05 22:03:05,110 [INFO] Retrieved 50 discussions via portal session for applicant 145217363
2026-09-05 22:03:05,464 [INFO] Retrieved 1 Sales Center opportunities via portal for applicant 145217363
2026-09-05 22:03:05,771 [INFO] Retrieved 50 discussions via portal session for applicant 145834411
2026-09-05 22:03:06,181 [INFO] Retrieved 1 Sales Center opportunities via portal for applicant 145834411
2026-09-05 22:03:06,465 [INFO] Retrieved 50 discussions via portal session for applicant 148235525
2026-09-05 22:03:06,924 [INFO] Retrieved 2 Sales Center opportunities via portal for applicant 148235525
2026-09-05 22:03:07,272 [INFO] Retrieved 50 discussions via portal session for applicant 150751441
2026-09-05 22:03:07,670 [INFO] Retrieved 1 Sales Center opportunities via portal for applicant 150751441
2026-09-05 22:03:08,125 [INFO] Retrieved 50 discussions via portal session for applicant 151382204
2026-09-05 22:03:08,504 [INFO] Retrieved 1 Sales Center opportunities via portal for applicant 151382204
2026-09-05 22:03:08,834 [INFO] Retrieved 50 discussions via portal session for applicant 151445306
2026-09-05 22:03:09,194 [INFO] Retrieved 2 Sales Center opportunities via portal for applicant 151445306
2026-09-05 22:03:09,509 [INFO] Retrieved 50 discussions via portal session for applicant 157388228
2026-09-05 22:03:09,846 [INFO] Retrieved 1 Sales Center opportunities via portal for applicant 157388228
2026-09-05 22:03:10,205 [INFO] Retrieved 50 discussions via portal session for applicant 163863318
2026-09-05 22:03:10,552 [INFO] Retrieved 1 Sales Center opportunities via portal for applicant 163863318
2026-09-05 22:03:10,818 [INFO] Retrieved 50 discussions via portal session for applicant 173838508
2026-09-05 22:03:11,222 [INFO] Retrieved 1 Sales Center opportunities via portal for applicant 173838508
2026-09-05 22:03:11,496 [INFO] Retrieved 50 discussions via portal session for applicant 186333470
2026-09-05 22:03:11,877 [INFO] Retrieved 2 Sales Center opportunities via portal for applicant 186333470
2026-09-05 22:03:12,153 [INFO] Retrieved 50 discussions via portal session for applicant 193438339
2026-09-05 22:03:12,500 [INFO] Retrieved 1 Sales Center opportunities via portal for applicant 193438339
2026-09-05 22:03:12,829 [INFO] Retrieved 27 discussions via portal session for applicant 196126698
2026-09-05 22:03:13,170 [INFO] Retrieved 1 Sales Center opportunities via portal for applicant 196126698
2026-09-05 22:03:13,431 [INFO] Retrieved 50 discussions via portal session for applicant 196851140
2026-09-05 22:03:13,787 [INFO] Retrieved 1 Sales Center opportunities via portal for applicant 196851140
2026-09-05 22:03:14,022 [INFO] Retrieved 50 discussions via portal session for applicant 197389903
2026-09-05 22:03:14,363 [INFO] Retrieved 1 Sales Center opportunities via portal for applicant 197389903
2026-09-05 22:03:14,631 [INFO] Retrieved 50 discussions via portal session for applicant 197891661
2026-09-05 22:03:14,975 [INFO] Retrieved 1 Sales Center opportunities via portal for applicant 197891661
2026-09-05 22:03:15,381 [INFO] Retrieved 50 discussions via portal session for applicant 197895504
2026-09-05 22:03:15,792 [INFO] Retrieved 1 Sales Center opportunities via portal for applicant 197895504
2026-09-05 22:03:16,038 [INFO] Retrieved 50 discussions via portal session for applicant 198604342
2026-09-05 22:03:16,390 [INFO] Retrieved 2 Sales Center opportunities via portal for applicant 198604342
2026-09-05 22:03:16,762 [INFO] Retrieved 50 discussions via portal session for applicant 198908859
2026-09-05 22:03:17,135 [INFO] Retrieved 1 Sales Center opportunities via portal for applicant 198908859
2026-09-05 22:03:17,451 [INFO] Retrieved 50 discussions via portal session for applicant 199797602
2026-09-05 22:03:17,800 [INFO] Retrieved 1 Sales Center opportunities via portal for applicant 199797602
2026-09-05 22:03:18,137 [INFO] Retrieved 50 discussions via portal session for applicant 21587333
2026-09-05 22:03:18,471 [INFO] Retrieved 2 Sales Center opportunities via portal for applicant 21587333
2026-09-05 22:03:18,760 [INFO] Retrieved 50 discussions via portal session for applicant 21588091
2026-09-05 22:03:19,104 [INFO] Retrieved 1 Sales Center opportunities via portal for applicant 21588091
2026-09-05 22:03:19,355 [INFO] Retrieved 23 discussions via portal session for applicant 220250093
2026-09-05 22:03:19,713 [INFO] Retrieved 1 Sales Center opportunities via portal for applicant 220250093
2026-09-05 22:03:20,107 [INFO] Retrieved 50 discussions via portal session for applicant 25156187
2026-09-05 22:03:20,520 [INFO] Retrieved 1 Sales Center opportunities via portal for applicant 25156187
2026-09-05 22:03:20,885 [INFO] Retrieved 50 discussions via portal session for applicant 25721447
2026-09-05 22:03:21,252 [INFO] Retrieved 4 Sales Center opportunities via portal for applicant 25721447
2026-09-05 22:03:21,660 [INFO] Retrieved 50 discussions via portal session for applicant 26042781
2026-09-05 22:03:22,032 [INFO] Retrieved 2 Sales Center opportunities via portal for applicant 26042781
2026-09-05 22:03:22,634 [INFO] Retrieved 50 discussions via portal session for applicant 35209713
2026-09-05 22:03:22,999 [INFO] Retrieved 1 Sales Center opportunities via portal for applicant 35209713
2026-09-05 22:03:23,309 [INFO] Retrieved 50 discussions via portal session for applicant 54893172
2026-09-05 22:03:23,631 [INFO] Retrieved 7 Sales Center opportunities via portal for applicant 54893172
2026-09-05 22:03:23,919 [INFO] Retrieved 50 discussions via portal session for applicant 58768907
2026-09-05 22:03:24,249 [INFO] Retrieved 1 Sales Center opportunities via portal for applicant 58768907
2026-09-05 22:03:24,619 [INFO] Retrieved 50 discussions via portal session for applicant 58866127
2026-09-05 22:03:24,953 [INFO] Retrieved 1 Sales Center opportunities via portal for applicant 58866127
2026-09-05 22:03:25,194 [INFO] Retrieved 50 discussions via portal session for applicant 76858853
2026-09-05 22:03:25,555 [INFO] Retrieved 2 Sales Center opportunities via portal for applicant 76858853
2026-09-05 22:03:25,818 [INFO] Retrieved 50 discussions via portal session for applicant 79002334
2026-09-05 22:03:26,159 [INFO] Retrieved 1 Sales Center opportunities via portal for applicant 79002334
2026-09-05 22:03:26,406 [INFO] Retrieved 50 discussions via portal session for applicant 83571357
2026-09-05 22:03:34,311 [INFO] Retrieved 50 discussions via portal session for applicant 84705043
2026-09-05 22:03:37,708 [INFO] Retrieved 1 Sales Center opportunities via portal for applicant 84705043
2026-09-05 22:03:37,953 [INFO] Retrieved 50 discussions via portal session for applicant 95254866
2026-09-05 22:03:38,807 [INFO] Retrieved 50 discussions via portal session for applicant 99055770
2026-09-05 22:03:39,169 [INFO] Retrieved 1 Sales Center opportunities via portal for applicant 99055770
2026-09-05 22:03:39,400 [INFO] Retrieved 50 discussions via portal session for applicant 99340932
2026-09-05 22:03:39,732 [INFO] Retrieved 1 Sales Center opportunities via portal for applicant 99340932
{
  "applicants_scanned": 39,
  "applicant_ids": [
    "102351931",
    "143979332",
    "144897143",
    "145217363",
    "145834411",
    "148235525",
    "150751441",
    "151382204",
    "151445306",
    "157388228",
    "163863318",
    "173838508",
    "186333470",
    "193438339",
    "196126698",
    "196851140",
    "197389903",
    "197891661",
    "197895504",
    "198604342",
    "198908859",
    "199797602",
    "21587333",
    "21588091",
    "220250093",
    "25156187",
    "25721447",
    "26042781",
    "35209713",
    "54893172",
    "58768907",
    "58866127",
    "76858853",
    "79002334",
    "83571357",
    "84705043",
    "95254866",
    "99055770",
    "99340932"
  ],
  "dispatched": [],
  "errors": [],
  "dry_run": false
}
2026-09-05T22:03:39+00:00 finish robie call label watch rc=0
2026-09-05T22:08:01+00:00 start robie call label watch timeout=90s extra=
2026-09-05 22:08:02,218 [INFO] Retrieved 50 discussions via portal session for applicant 102351931
2026-09-05 22:08:02,739 [INFO] Successfully authenticated with Classic EZLynx API (EZToken issued).
2026-09-05 22:08:03,072 [INFO] Retrieved 1 Sales Center opportunities via portal for applicant 102351931
2026-09-05 22:08:03,383 [INFO] Retrieved 50 discussions via portal session for applicant 143979332
2026-09-05 22:08:04,096 [INFO] Retrieved 50 discussions via portal session for applicant 144897143
2026-09-05 22:08:04,408 [INFO] Retrieved 1 Sales Center opportunities via portal for applicant 144897143
2026-09-05 22:08:04,645 [INFO] Retrieved 50 discussions via portal session for applicant 145217363
2026-09-05 22:08:04,967 [INFO] Retrieved 1 Sales Center opportunities via portal for applicant 145217363
2026-09-05 22:08:05,224 [INFO] Retrieved 50 discussions via portal session for applicant 145834411
2026-09-05 22:08:05,544 [INFO] Retrieved 1 Sales Center opportunities via portal for applicant 145834411
2026-09-05 22:08:05,803 [INFO] Retrieved 50 discussions via portal session for applicant 148235525
2026-09-05 22:08:06,126 [INFO] Retrieved 2 Sales Center opportunities via portal for applicant 148235525
2026-09-05 22:08:06,416 [INFO] Retrieved 50 discussions via portal session for applicant 150751441
2026-09-05 22:08:06,759 [INFO] Retrieved 1 Sales Center opportunities via portal for applicant 150751441
2026-09-05 22:08:07,098 [INFO] Retrieved 50 discussions via portal session for applicant 151382204
2026-09-05 22:08:07,435 [INFO] Retrieved 1 Sales Center opportunities via portal for applicant 151382204
2026-09-05 22:08:07,735 [INFO] Retrieved 50 discussions via portal session for applicant 151445306
2026-09-05 22:08:08,057 [INFO] Retrieved 2 Sales Center opportunities via portal for applicant 151445306
2026-09-05 22:08:08,309 [INFO] Retrieved 50 discussions via portal session for applicant 157388228
2026-09-05 22:08:08,634 [INFO] Retrieved 1 Sales Center opportunities via portal for applicant 157388228
2026-09-05 22:08:08,954 [INFO] Retrieved 50 discussions via portal session for applicant 163863318
2026-09-05 22:08:09,261 [INFO] Retrieved 1 Sales Center opportunities via portal for applicant 163863318
2026-09-05 22:08:09,519 [INFO] Retrieved 50 discussions via portal session for applicant 173838508
2026-09-05 22:08:09,882 [INFO] Retrieved 1 Sales Center opportunities via portal for applicant 173838508
2026-09-05 22:08:10,114 [INFO] Retrieved 50 discussions via portal session for applicant 186333470
2026-09-05 22:08:10,431 [INFO] Retrieved 2 Sales Center opportunities via portal for applicant 186333470
2026-09-05 22:08:10,674 [INFO] Retrieved 50 discussions via portal session for applicant 193438339
2026-09-05 22:08:10,989 [INFO] Retrieved 1 Sales Center opportunities via portal for applicant 193438339
2026-09-05 22:08:11,226 [INFO] Retrieved 27 discussions via portal session for applicant 196126698
2026-09-05 22:08:11,589 [INFO] Retrieved 1 Sales Center opportunities via portal for applicant 196126698
2026-09-05 22:08:11,804 [INFO] Retrieved 50 discussions via portal session for applicant 196851140
2026-09-05 22:08:12,126 [INFO] Retrieved 1 Sales Center opportunities via portal for applicant 196851140
2026-09-05 22:08:12,344 [INFO] Retrieved 50 discussions via portal session for applicant 197389903
2026-09-05 22:08:12,665 [INFO] Retrieved 1 Sales Center opportunities via portal for applicant 197389903
2026-09-05 22:08:12,889 [INFO] Retrieved 50 discussions via portal session for applicant 197891661
2026-09-05 22:08:13,205 [INFO] Retrieved 1 Sales Center opportunities via portal for applicant 197891661
2026-09-05 22:08:13,514 [INFO] Retrieved 50 discussions via portal session for applicant 197895504
2026-09-05 22:08:13,825 [INFO] Retrieved 1 Sales Center opportunities via portal for applicant 197895504
2026-09-05 22:08:14,062 [INFO] Retrieved 50 discussions via portal session for applicant 198604342
2026-09-05 22:08:14,398 [INFO] Retrieved 2 Sales Center opportunities via portal for applicant 198604342
2026-09-05 22:08:14,724 [INFO] Retrieved 50 discussions via portal session for applicant 198908859
2026-09-05 22:08:15,031 [INFO] Retrieved 1 Sales Center opportunities via portal for applicant 198908859
2026-09-05 22:08:15,343 [INFO] Retrieved 50 discussions via portal session for applicant 199797602
2026-09-05 22:08:15,797 [INFO] Retrieved 1 Sales Center opportunities via portal for applicant 199797602
2026-09-05 22:08:16,130 [INFO] Retrieved 50 discussions via portal session for applicant 21587333
2026-09-05 22:08:16,457 [INFO] Retrieved 2 Sales Center opportunities via portal for applicant 21587333
2026-09-05 22:08:16,713 [INFO] Retrieved 50 discussions via portal session for applicant 21588091
2026-09-05 22:08:17,061 [INFO] Retrieved 1 Sales Center opportunities via portal for applicant 21588091
2026-09-05 22:08:17,309 [INFO] Retrieved 23 discussions via portal session for applicant 220250093
2026-09-05 22:08:17,624 [INFO] Retrieved 1 Sales Center opportunities via portal for applicant 220250093
2026-09-05 22:08:18,021 [INFO] Retrieved 50 discussions via portal session for applicant 25156187
2026-09-05 22:08:18,498 [INFO] Retrieved 1 Sales Center opportunities via portal for applicant 25156187
2026-09-05 22:08:18,798 [INFO] Retrieved 50 discussions via portal session for applicant 25721447
2026-09-05 22:08:19,120 [INFO] Retrieved 4 Sales Center opportunities via portal for applicant 25721447
2026-09-05 22:08:19,471 [INFO] Retrieved 50 discussions via portal session for applicant 26042781
2026-09-05 22:08:19,792 [INFO] Retrieved 2 Sales Center opportunities via portal for applicant 26042781
2026-09-05 22:08:20,117 [INFO] Retrieved 50 discussions via portal session for applicant 35209713
2026-09-05 22:08:20,449 [INFO] Retrieved 1 Sales Center opportunities via portal for applicant 35209713
2026-09-05 22:08:20,726 [INFO] Retrieved 50 discussions via portal session for applicant 54893172
2026-09-05 22:08:21,054 [INFO] Retrieved 7 Sales Center opportunities via portal for applicant 54893172
2026-09-05 22:08:21,322 [INFO] Retrieved 50 discussions via portal session for applicant 58768907
2026-09-05 22:08:21,634 [INFO] Retrieved 1 Sales Center opportunities via portal for applicant 58768907
2026-09-05 22:08:21,992 [INFO] Retrieved 50 discussions via portal session for applicant 58866127
2026-09-05 22:08:22,308 [INFO] Retrieved 1 Sales Center opportunities via portal for applicant 58866127
2026-09-05 22:08:22,562 [INFO] Retrieved 50 discussions via portal session for applicant 76858853
2026-09-05 22:08:22,906 [INFO] Retrieved 2 Sales Center opportunities via portal for applicant 76858853
2026-09-05 22:08:23,195 [INFO] Retrieved 50 discussions via portal session for applicant 79002334
2026-09-05 22:08:23,524 [INFO] Retrieved 1 Sales Center opportunities via portal for applicant 79002334
2026-09-05 22:08:23,788 [INFO] Retrieved 50 discussions via portal session for applicant 83571357
2026-09-05 22:08:25,539 [INFO] Retrieved 50 discussions via portal session for applicant 84705043
2026-09-05 22:08:25,879 [INFO] Retrieved 1 Sales Center opportunities via portal for applicant 84705043
2026-09-05 22:08:26,112 [INFO] Retrieved 50 discussions via portal session for applicant 95254866
2026-09-05 22:08:26,930 [INFO] Retrieved 50 discussions via portal session for applicant 99055770
2026-09-05 22:08:27,252 [INFO] Retrieved 1 Sales Center opportunities via portal for applicant 99055770
2026-09-05 22:08:27,502 [INFO] Retrieved 50 discussions via portal session for applicant 99340932
2026-09-05 22:08:27,837 [INFO] Retrieved 1 Sales Center opportunities via portal for applicant 99340932
{
  "applicants_scanned": 39,
  "applicant_ids": [
    "102351931",
    "143979332",
    "144897143",
    "145217363",
    "145834411",
    "148235525",
    "150751441",
    "151382204",
    "151445306",
    "157388228",
    "163863318",
    "173838508",
    "186333470",
    "193438339",
    "196126698",
    "196851140",
    "197389903",
    "197891661",
    "197895504",
    "198604342",
    "198908859",
    "199797602",
    "21587333",
    "21588091",
    "220250093",
    "25156187",
    "25721447",
    "26042781",
    "35209713",
    "54893172",
    "58768907",
    "58866127",
    "76858853",
    "79002334",
    "83571357",
    "84705043",
    "95254866",
    "99055770",
    "99340932"
  ],
  "dispatched": [],
  "errors": [],
  "dry_run": false
}
2026-09-05T22:08:28+00:00 finish robie call label watch rc=0
2026-09-05T22:13:01+00:00 start robie call label watch timeout=90s extra=
2026-09-05 22:13:02,374 [INFO] Retrieved 50 discussions via portal session for applicant 102351931
2026-09-05 22:13:02,895 [INFO] Successfully authenticated with Classic EZLynx API (EZToken issued).
2026-09-05 22:13:03,282 [INFO] Retrieved 1 Sales Center opportunities via portal for applicant 102351931
2026-09-05 22:13:03,535 [INFO] Retrieved 50 discussions via portal session for applicant 143979332
2026-09-05 22:13:04,279 [INFO] Retrieved 50 discussions via portal session for applicant 144897143
2026-09-05 22:13:04,637 [INFO] Retrieved 1 Sales Center opportunities via portal for applicant 144897143
2026-09-05 22:13:04,875 [INFO] Retrieved 50 discussions via portal session for applicant 145217363
2026-09-05 22:13:05,196 [INFO] Retrieved 1 Sales Center opportunities via portal for applicant 145217363
2026-09-05 22:13:05,459 [INFO] Retrieved 50 discussions via portal session for applicant 145834411
2026-09-05 22:13:05,832 [INFO] Retrieved 1 Sales Center opportunities via portal for applicant 145834411
2026-09-05 22:13:06,115 [INFO] Retrieved 50 discussions via portal session for applicant 148235525
2026-09-05 22:13:06,463 [INFO] Retrieved 2 Sales Center opportunities via portal for applicant 148235525
2026-09-05 22:13:06,787 [INFO] Retrieved 50 discussions via portal session for applicant 150751441
2026-09-05 22:13:07,115 [INFO] Retrieved 1 Sales Center opportunities via portal for applicant 150751441
2026-09-05 22:13:07,471 [INFO] Retrieved 50 discussions via portal session for applicant 151382204
2026-09-05 22:13:07,796 [INFO] Retrieved 1 Sales Center opportunities via portal for applicant 151382204
2026-09-05 22:13:08,102 [INFO] Retrieved 50 discussions via portal session for applicant 151445306
2026-09-05 22:13:08,432 [INFO] Retrieved 2 Sales Center opportunities via portal for applicant 151445306
2026-09-05 22:13:08,730 [INFO] Retrieved 50 discussions via portal session for applicant 157388228
2026-09-05 22:13:09,054 [INFO] Retrieved 1 Sales Center opportunities via portal for applicant 157388228
2026-09-05 22:13:09,367 [INFO] Retrieved 50 discussions via portal session for applicant 163863318
2026-09-05 22:13:09,690 [INFO] Retrieved 1 Sales Center opportunities via portal for applicant 163863318
2026-09-05 22:13:09,932 [INFO] Retrieved 50 discussions via portal session for applicant 173838508
2026-09-05 22:13:10,266 [INFO] Retrieved 1 Sales Center opportunities via portal for applicant 173838508
2026-09-05 22:13:10,498 [INFO] Retrieved 50 discussions via portal session for applicant 186333470
2026-09-05 22:13:10,854 [INFO] Retrieved 2 Sales Center opportunities via portal for applicant 186333470
2026-09-05 22:13:11,097 [INFO] Retrieved 50 discussions via portal session for applicant 193438339
2026-09-05 22:13:11,423 [INFO] Retrieved 1 Sales Center opportunities via portal for applicant 193438339
2026-09-05 22:13:11,704 [INFO] Retrieved 27 discussions via portal session for applicant 196126698
2026-09-05 22:13:12,028 [INFO] Retrieved 1 Sales Center opportunities via portal for applicant 196126698
2026-09-05 22:13:12,261 [INFO] Retrieved 50 discussions via portal session for applicant 196851140
2026-09-05 22:13:12,598 [INFO] Retrieved 1 Sales Center opportunities via portal for applicant 196851140
2026-09-05 22:13:12,857 [INFO] Retrieved 50 discussions via portal session for applicant 197389903
2026-09-05 22:13:13,194 [INFO] Retrieved 1 Sales Center opportunities via portal for applicant 197389903
2026-09-05 22:13:13,446 [INFO] Retrieved 50 discussions via portal session for applicant 197891661
2026-09-05 22:13:13,765 [INFO] Retrieved 1 Sales Center opportunities via portal for applicant 197891661
2026-09-05 22:13:14,056 [INFO] Retrieved 50 discussions via portal session for applicant 197895504
2026-09-05 22:13:14,394 [INFO] Retrieved 1 Sales Center opportunities via portal for applicant 197895504
2026-09-05 22:13:14,687 [INFO] Retrieved 50 discussions via portal session for applicant 198604342
2026-09-05 22:13:15,009 [INFO] Retrieved 2 Sales Center opportunities via portal for applicant 198604342
2026-09-05 22:13:15,309 [INFO] Retrieved 50 discussions via portal session for applicant 198908859
2026-09-05 22:13:15,664 [INFO] Retrieved 1 Sales Center opportunities via portal for applicant 198908859
2026-09-05 22:13:15,991 [INFO] Retrieved 50 discussions via portal session for applicant 199797602
2026-09-05 22:13:16,331 [INFO] Retrieved 1 Sales Center opportunities via portal for applicant 199797602
2026-09-05 22:13:16,636 [INFO] Retrieved 50 discussions via portal session for applicant 21587333
2026-09-05 22:13:16,963 [INFO] Retrieved 2 Sales Center opportunities via portal for applicant 21587333
2026-09-05 22:13:17,255 [INFO] Retrieved 50 discussions via portal session for applicant 21588091
2026-09-05 22:13:17,596 [INFO] Retrieved 1 Sales Center opportunities via portal for applicant 21588091
2026-09-05 22:13:17,900 [INFO] Retrieved 23 discussions via portal session for applicant 220250093
2026-09-05 22:13:18,231 [INFO] Retrieved 1 Sales Center opportunities via portal for applicant 220250093
2026-09-05 22:13:18,625 [INFO] Retrieved 50 discussions via portal session for applicant 25156187
2026-09-05 22:13:18,978 [INFO] Retrieved 1 Sales Center opportunities via portal for applicant 25156187
2026-09-05 22:13:19,288 [INFO] Retrieved 50 discussions via portal session for applicant 25721447
2026-09-05 22:13:19,615 [INFO] Retrieved 4 Sales Center opportunities via portal for applicant 25721447
2026-09-05 22:13:19,957 [INFO] Retrieved 50 discussions via portal session for applicant 26042781
2026-09-05 22:13:20,324 [INFO] Retrieved 2 Sales Center opportunities via portal for applicant 26042781
2026-09-05 22:13:20,621 [INFO] Retrieved 50 discussions via portal session for applicant 35209713
2026-09-05 22:13:20,944 [INFO] Retrieved 1 Sales Center opportunities via portal for applicant 35209713
2026-09-05 22:13:21,170 [INFO] Retrieved 50 discussions via portal session for applicant 54893172
2026-09-05 22:13:21,496 [INFO] Retrieved 7 Sales Center opportunities via portal for applicant 54893172
2026-09-05 22:13:21,790 [INFO] Retrieved 50 discussions via portal session for applicant 58768907
2026-09-05 22:13:22,160 [INFO] Retrieved 1 Sales Center opportunities via portal for applicant 58768907
2026-09-05 22:13:22,465 [INFO] Retrieved 50 discussions via portal session for applicant 58866127
2026-09-05 22:13:22,775 [INFO] Retrieved 1 Sales Center opportunities via portal for applicant 58866127
2026-09-05 22:13:23,033 [INFO] Retrieved 50 discussions via portal session for applicant 76858853
2026-09-05 22:13:23,521 [INFO] Retrieved 2 Sales Center opportunities via portal for applicant 76858853
2026-09-05 22:13:23,922 [INFO] Retrieved 50 discussions via portal session for applicant 79002334
2026-09-05 22:13:24,466 [INFO] Retrieved 1 Sales Center opportunities via portal for applicant 79002334
2026-09-05 22:13:24,958 [INFO] Retrieved 50 discussions via portal session for applicant 83571357
2026-09-05 22:13:26,274 [INFO] Retrieved 50 discussions via portal session for applicant 84705043
2026-09-05 22:13:26,832 [INFO] Retrieved 1 Sales Center opportunities via portal for applicant 84705043
2026-09-05 22:13:27,186 [INFO] Retrieved 50 discussions via portal session for applicant 95254866
2026-09-05 22:13:33,721 [INFO] Retrieved 50 discussions via portal session for applicant 99055770
2026-09-05 22:13:34,191 [INFO] Retrieved 1 Sales Center opportunities via portal for applicant 99055770
2026-09-05 22:13:34,602 [INFO] Retrieved 50 discussions via portal session for applicant 99340932
2026-09-05 22:13:35,120 [INFO] Retrieved 1 Sales Center opportunities via portal for applicant 99340932
{
  "applicants_scanned": 39,
  "applicant_ids": [
    "102351931",
    "143979332",
    "144897143",
    "145217363",
    "145834411",
    "148235525",
    "150751441",
    "151382204",
    "151445306",
    "157388228",
    "163863318",
    "173838508",
    "186333470",
    "193438339",
    "196126698",
    "196851140",
    "197389903",
    "197891661",
    "197895504",
    "198604342",
    "198908859",
    "199797602",
    "21587333",
    "21588091",
    "220250093",
    "25156187",
    "25721447",
    "26042781",
    "35209713",
    "54893172",
    "58768907",
    "58866127",
    "76858853",
    "79002334",
    "83571357",
    "84705043",
    "95254866",
    "99055770",
    "99340932"
  ],
  "dispatched": [],
  "errors": [],
  "dry_run": false
}
2026-09-05T22:13:35+00:00 finish robie call label watch rc=0
2026-09-05T22:18:01+00:00 start robie call label watch timeout=90s extra=
2026-09-05 22:18:03,155 [INFO] Retrieved 50 discussions via portal session for applicant 102351931
2026-09-05 22:18:03,682 [INFO] Successfully authenticated with Classic EZLynx API (EZToken issued).
2026-09-05 22:18:04,066 [INFO] Retrieved 1 Sales Center opportunities via portal for applicant 102351931
2026-09-05 22:18:04,332 [INFO] Retrieved 50 discussions via portal session for applicant 143979332
2026-09-05 22:18:05,098 [INFO] Retrieved 50 discussions via portal session for applicant 144897143
2026-09-05 22:18:05,416 [INFO] Retrieved 1 Sales Center opportunities via portal for applicant 144897143
2026-09-05 22:18:05,657 [INFO] Retrieved 50 discussions via portal session for applicant 145217363
2026-09-05 22:18:05,974 [INFO] Retrieved 1 Sales Center opportunities via portal for applicant 145217363
2026-09-05 22:18:06,263 [INFO] Retrieved 50 discussions via portal session for applicant 145834411
2026-09-05 22:18:06,583 [INFO] Retrieved 1 Sales Center opportunities via portal for applicant 145834411
2026-09-05 22:18:06,817 [INFO] Retrieved 50 discussions via portal session for applicant 148235525
2026-09-05 22:18:07,146 [INFO] Retrieved 2 Sales Center opportunities via portal for applicant 148235525
2026-09-05 22:18:07,475 [INFO] Retrieved 50 discussions via portal session for applicant 150751441
2026-09-05 22:18:07,799 [INFO] Retrieved 1 Sales Center opportunities via portal for applicant 150751441
2026-09-05 22:18:08,121 [INFO] Retrieved 50 discussions via portal session for applicant 151382204
2026-09-05 22:18:08,444 [INFO] Retrieved 1 Sales Center opportunities via portal for applicant 151382204
2026-09-05 22:18:08,744 [INFO] Retrieved 50 discussions via portal session for applicant 151445306
2026-09-05 22:18:09,093 [INFO] Retrieved 2 Sales Center opportunities via portal for applicant 151445306
2026-09-05 22:18:09,346 [INFO] Retrieved 50 discussions via portal session for applicant 157388228
2026-09-05 22:18:09,667 [INFO] Retrieved 1 Sales Center opportunities via portal for applicant 157388228
2026-09-05 22:18:10,012 [INFO] Retrieved 50 discussions via portal session for applicant 163863318
2026-09-05 22:18:10,338 [INFO] Retrieved 1 Sales Center opportunities via portal for applicant 163863318
2026-09-05 22:18:10,590 [INFO] Retrieved 50 discussions via portal session for applicant 173838508
2026-09-05 22:18:10,921 [INFO] Retrieved 1 Sales Center opportunities via portal for applicant 173838508
2026-09-05 22:18:11,186 [INFO] Retrieved 50 discussions via portal session for applicant 186333470
2026-09-05 22:18:11,511 [INFO] Retrieved 2 Sales Center opportunities via portal for applicant 186333470
2026-09-05 22:18:11,752 [INFO] Retrieved 50 discussions via portal session for applicant 193438339
2026-09-05 22:18:12,078 [INFO] Retrieved 1 Sales Center opportunities via portal for applicant 193438339
2026-09-05 22:18:12,345 [INFO] Retrieved 27 discussions via portal session for applicant 196126698
2026-09-05 22:18:12,672 [INFO] Retrieved 1 Sales Center opportunities via portal for applicant 196126698
2026-09-05 22:18:12,933 [INFO] Retrieved 50 discussions via portal session for applicant 196851140
2026-09-05 22:18:13,253 [INFO] Retrieved 1 Sales Center opportunities via portal for applicant 196851140
2026-09-05 22:18:13,496 [INFO] Retrieved 50 discussions via portal session for applicant 197389903
2026-09-05 22:18:13,813 [INFO] Retrieved 1 Sales Center opportunities via portal for applicant 197389903
2026-09-05 22:18:14,043 [INFO] Retrieved 50 discussions via portal session for applicant 197891661
2026-09-05 22:18:14,365 [INFO] Retrieved 1 Sales Center opportunities via portal for applicant 197891661
2026-09-05 22:18:14,697 [INFO] Retrieved 50 discussions via portal session for applicant 197895504
2026-09-05 22:18:15,223 [INFO] Retrieved 1 Sales Center opportunities via portal for applicant 197895504
2026-09-05 22:18:15,488 [INFO] Retrieved 50 discussions via portal session for applicant 198604342
2026-09-05 22:18:15,805 [INFO] Retrieved 2 Sales Center opportunities via portal for applicant 198604342
2026-09-05 22:18:16,110 [INFO] Retrieved 50 discussions via portal session for applicant 198908859
2026-09-05 22:18:16,429 [INFO] Retrieved 1 Sales Center opportunities via portal for applicant 198908859
2026-09-05 22:18:16,768 [INFO] Retrieved 50 discussions via portal session for applicant 199797602
2026-09-05 22:18:17,143 [INFO] Retrieved 1 Sales Center opportunities via portal for applicant 199797602
2026-09-05 22:18:17,504 [INFO] Retrieved 50 discussions via portal session for applicant 21587333
2026-09-05 22:18:17,890 [INFO] Retrieved 2 Sales Center opportunities via portal for applicant 21587333
2026-09-05 22:18:18,199 [INFO] Retrieved 50 discussions via portal session for applicant 21588091
2026-09-05 22:18:18,528 [INFO] Retrieved 1 Sales Center opportunities via portal for applicant 21588091
2026-09-05 22:18:18,758 [INFO] Retrieved 23 discussions via portal session for applicant 220250093
2026-09-05 22:18:19,212 [INFO] Retrieved 1 Sales Center opportunities via portal for applicant 220250093
2026-09-05 22:18:19,632 [INFO] Retrieved 50 discussions via portal session for applicant 25156187
2026-09-05 22:18:19,967 [INFO] Retrieved 1 Sales Center opportunities via portal for applicant 25156187
2026-09-05 22:18:20,318 [INFO] Retrieved 50 discussions via portal session for applicant 25721447
2026-09-05 22:18:20,651 [INFO] Retrieved 4 Sales Center opportunities via portal for applicant 25721447
2026-09-05 22:18:21,017 [INFO] Retrieved 50 discussions via portal session for applicant 26042781
2026-09-05 22:18:21,343 [INFO] Retrieved 2 Sales Center opportunities via portal for applicant 26042781
2026-09-05 22:18:21,649 [INFO] Retrieved 50 discussions via portal session for applicant 35209713
2026-09-05 22:18:22,001 [INFO] Retrieved 1 Sales Center opportunities via portal for applicant 35209713
2026-09-05 22:18:22,236 [INFO] Retrieved 50 discussions via portal session for applicant 54893172
2026-09-05 22:18:22,567 [INFO] Retrieved 7 Sales Center opportunities via portal for applicant 54893172
2026-09-05 22:18:22,860 [INFO] Retrieved 50 discussions via portal session for applicant 58768907
2026-09-05 22:18:23,184 [INFO] Retrieved 1 Sales Center opportunities via portal for applicant 58768907
2026-09-05 22:18:23,554 [INFO] Retrieved 50 discussions via portal session for applicant 58866127
2026-09-05 22:18:23,917 [INFO] Retrieved 1 Sales Center opportunities via portal for applicant 58866127
2026-09-05 22:18:24,199 [INFO] Retrieved 50 discussions via portal session for applicant 76858853
2026-09-05 22:18:24,555 [INFO] Retrieved 2 Sales Center opportunities via portal for applicant 76858853
2026-09-05 22:18:24,799 [INFO] Retrieved 50 discussions via portal session for applicant 79002334
2026-09-05 22:18:25,114 [INFO] Retrieved 1 Sales Center opportunities via portal for applicant 79002334
2026-09-05 22:18:25,370 [INFO] Retrieved 50 discussions via portal session for applicant 83571357
2026-09-05 22:18:26,125 [INFO] Retrieved 50 discussions via portal session for applicant 84705043
2026-09-05 22:18:26,457 [INFO] Retrieved 1 Sales Center opportunities via portal for applicant 84705043
2026-09-05 22:18:26,739 [INFO] Retrieved 50 discussions via portal session for applicant 95254866
2026-09-05 22:18:27,607 [INFO] Retrieved 50 discussions via portal session for applicant 99055770
2026-09-05 22:18:27,939 [INFO] Retrieved 1 Sales Center opportunities via portal for applicant 99055770
2026-09-05 22:18:28,205 [INFO] Retrieved 50 discussions via portal session for applicant 99340932
2026-09-05 22:18:28,572 [INFO] Retrieved 1 Sales Center opportunities via portal for applicant 99340932
{
  "applicants_scanned": 39,
  "applicant_ids": [
    "102351931",
    "143979332",
    "144897143",
    "145217363",
    "145834411",
    "148235525",
    "150751441",
    "151382204",
    "151445306",
    "157388228",
    "163863318",
    "173838508",
    "186333470",
    "193438339",
    "196126698",
    "196851140",
    "197389903",
    "197891661",
    "197895504",
    "198604342",
    "198908859",
    "199797602",
    "21587333",
    "21588091",
    "220250093",
    "25156187",
    "25721447",
    "26042781",
    "35209713",
    "54893172",
    "58768907",
    "58866127",
    "76858853",
    "79002334",
    "83571357",
    "84705043",
    "95254866",
    "99055770",
    "99340932"
  ],
  "dispatched": [],
  "errors": [],
  "dry_run": false
}
2026-09-05T22:18:28+00:00 finish robie call label watch rc=0
2026-09-05T22:23:01+00:00 start robie call label watch timeout=90s extra=
2026-09-05 22:23:02,390 [INFO] Retrieved 50 discussions via portal session for applicant 102351931
2026-09-05 22:23:02,917 [INFO] Successfully authenticated with Classic EZLynx API (EZToken issued).
2026-09-05 22:23:03,255 [INFO] Retrieved 1 Sales Center opportunities via portal for applicant 102351931
2026-09-05 22:23:03,511 [INFO] Retrieved 50 discussions via portal session for applicant 143979332
2026-09-05 22:23:04,275 [INFO] Retrieved 50 discussions via portal session for applicant 144897143
2026-09-05 22:23:04,631 [INFO] Retrieved 1 Sales Center opportunities via portal for applicant 144897143
2026-09-05 22:23:04,867 [INFO] Retrieved 50 discussions via portal session for applicant 145217363
2026-09-05 22:23:05,223 [INFO] Retrieved 1 Sales Center opportunities via portal for applicant 145217363
2026-09-05 22:23:05,487 [INFO] Retrieved 50 discussions via portal session for applicant 145834411
2026-09-05 22:23:05,818 [INFO] Retrieved 1 Sales Center opportunities via portal for applicant 145834411
2026-09-05 22:23:06,039 [INFO] Retrieved 50 discussions via portal session for applicant 148235525
2026-09-05 22:23:06,360 [INFO] Retrieved 2 Sales Center opportunities via portal for applicant 148235525
2026-09-05 22:23:06,621 [INFO] Retrieved 50 discussions via portal session for applicant 150751441
2026-09-05 22:23:06,936 [INFO] Retrieved 1 Sales Center opportunities via portal for applicant 150751441
2026-09-05 22:23:07,310 [INFO] Retrieved 50 discussions via portal session for applicant 151382204
2026-09-05 22:23:07,650 [INFO] Retrieved 1 Sales Center opportunities via portal for applicant 151382204
2026-09-05 22:23:07,937 [INFO] Retrieved 50 discussions via portal session for applicant 151445306
2026-09-05 22:23:08,265 [INFO] Retrieved 2 Sales Center opportunities via portal for applicant 151445306
2026-09-05 22:23:08,558 [INFO] Retrieved 50 discussions via portal session for applicant 157388228
2026-09-05 22:23:08,894 [INFO] Retrieved 1 Sales Center opportunities via portal for applicant 157388228
2026-09-05 22:23:09,254 [INFO] Retrieved 50 discussions via portal session for applicant 163863318
2026-09-05 22:23:09,580 [INFO] Retrieved 1 Sales Center opportunities via portal for applicant 163863318
2026-09-05 22:23:09,807 [INFO] Retrieved 50 discussions via portal session for applicant 173838508
2026-09-05 22:23:10,138 [INFO] Retrieved 1 Sales Center opportunities via portal for applicant 173838508
2026-09-05 22:23:10,376 [INFO] Retrieved 50 discussions via portal session for applicant 186333470
2026-09-05 22:23:10,700 [INFO] Retrieved 2 Sales Center opportunities via portal for applicant 186333470
2026-09-05 22:23:10,973 [INFO] Retrieved 50 discussions via portal session for applicant 193438339
2026-09-05 22:23:11,300 [INFO] Retrieved 1 Sales Center opportunities via portal for applicant 193438339
2026-09-05 22:23:11,592 [INFO] Retrieved 27 discussions via portal session for applicant 196126698
2026-09-05 22:23:11,911 [INFO] Retrieved 1 Sales Center opportunities via portal for applicant 196126698
2026-09-05 22:23:12,175 [INFO] Retrieved 50 discussions via portal session for applicant 196851140
2026-09-05 22:23:12,548 [INFO] Retrieved 1 Sales Center opportunities via portal for applicant 196851140
2026-09-05 22:23:12,774 [INFO] Retrieved 50 discussions via portal session for applicant 197389903
2026-09-05 22:23:13,134 [INFO] Retrieved 1 Sales Center opportunities via portal for applicant 197389903
2026-09-05 22:23:13,360 [INFO] Retrieved 50 discussions via portal session for applicant 197891661
2026-09-05 22:23:13,694 [INFO] Retrieved 1 Sales Center opportunities via portal for applicant 197891661
2026-09-05 22:23:14,031 [INFO] Retrieved 50 discussions via portal session for applicant 197895504
2026-09-05 22:23:14,372 [INFO] Retrieved 1 Sales Center opportunities via portal for applicant 197895504
2026-09-05 22:23:14,606 [INFO] Retrieved 50 discussions via portal session for applicant 198604342
2026-09-05 22:23:14,949 [INFO] Retrieved 2 Sales Center opportunities via portal for applicant 198604342
2026-09-05 22:23:15,275 [INFO] Retrieved 50 discussions via portal session for applicant 198908859
2026-09-05 22:23:15,601 [INFO] Retrieved 1 Sales Center opportunities via portal for applicant 198908859
2026-09-05 22:23:15,911 [INFO] Retrieved 50 discussions via portal session for applicant 199797602
2026-09-05 22:23:16,235 [INFO] Retrieved 1 Sales Center opportunities via portal for applicant 199797602
2026-09-05 22:23:16,546 [INFO] Retrieved 50 discussions via portal session for applicant 21587333
2026-09-05 22:23:16,905 [INFO] Retrieved 2 Sales Center opportunities via portal for applicant 21587333
2026-09-05 22:23:17,181 [INFO] Retrieved 50 discussions via portal session for applicant 21588091
2026-09-05 22:23:17,527 [INFO] Retrieved 1 Sales Center opportunities via portal for applicant 21588091
2026-09-05 22:23:17,765 [INFO] Retrieved 23 discussions via portal session for applicant 220250093
2026-09-05 22:23:18,085 [INFO] Retrieved 1 Sales Center opportunities via portal for applicant 220250093
2026-09-05 22:23:18,522 [INFO] Retrieved 50 discussions via portal session for applicant 25156187
2026-09-05 22:23:18,842 [INFO] Retrieved 1 Sales Center opportunities via portal for applicant 25156187
2026-09-05 22:23:19,154 [INFO] Retrieved 50 discussions via portal session for applicant 25721447
2026-09-05 22:23:19,468 [INFO] Retrieved 4 Sales Center opportunities via portal for applicant 25721447
2026-09-05 22:23:19,862 [INFO] Retrieved 50 discussions via portal session for applicant 26042781
2026-09-05 22:23:20,201 [INFO] Retrieved 2 Sales Center opportunities via portal for applicant 26042781
2026-09-05 22:23:20,501 [INFO] Retrieved 50 discussions via portal session for applicant 35209713
2026-09-05 22:23:20,851 [INFO] Retrieved 1 Sales Center opportunities via portal for applicant 35209713
2026-09-05 22:23:21,088 [INFO] Retrieved 50 discussions via portal session for applicant 54893172
2026-09-05 22:23:21,421 [INFO] Retrieved 7 Sales Center opportunities via portal for applicant 54893172
2026-09-05 22:23:21,716 [INFO] Retrieved 50 discussions via portal session for applicant 58768907
2026-09-05 22:23:22,050 [INFO] Retrieved 1 Sales Center opportunities via portal for applicant 58768907
2026-09-05 22:23:22,377 [INFO] Retrieved 50 discussions via portal session for applicant 58866127
2026-09-05 22:23:22,698 [INFO] Retrieved 1 Sales Center opportunities via portal for applicant 58866127
2026-09-05 22:23:22,965 [INFO] Retrieved 50 discussions via portal session for applicant 76858853
2026-09-05 22:23:23,308 [INFO] Retrieved 2 Sales Center opportunities via portal for applicant 76858853
2026-09-05 22:23:23,564 [INFO] Retrieved 50 discussions via portal session for applicant 79002334
2026-09-05 22:23:23,887 [INFO] Retrieved 1 Sales Center opportunities via portal for applicant 79002334
2026-09-05 22:23:24,156 [INFO] Retrieved 50 discussions via portal session for applicant 83571357
2026-09-05 22:23:24,963 [INFO] Retrieved 50 discussions via portal session for applicant 84705043
2026-09-05 22:23:25,305 [INFO] Retrieved 1 Sales Center opportunities via portal for applicant 84705043
2026-09-05 22:23:25,549 [INFO] Retrieved 50 discussions via portal session for applicant 95254866
2026-09-05 22:23:26,421 [INFO] Retrieved 50 discussions via portal session for applicant 99055770
2026-09-05 22:23:26,757 [INFO] Retrieved 1 Sales Center opportunities via portal for applicant 99055770
2026-09-05 22:23:26,987 [INFO] Retrieved 50 discussions via portal session for applicant 99340932
2026-09-05 22:23:37,573 [INFO] Retrieved 1 Sales Center opportunities via portal for applicant 99340932
{
  "applicants_scanned": 39,
  "applicant_ids": [
    "102351931",
    "143979332",
    "144897143",
    "145217363",
    "145834411",
    "148235525",
    "150751441",
    "151382204",
    "151445306",
    "157388228",
    "163863318",
    "173838508",
    "186333470",
    "193438339",
    "196126698",
    "196851140",
    "197389903",
    "197891661",
    "197895504",
    "198604342",
    "198908859",
    "199797602",
    "21587333",
    "21588091",
    "220250093",
    "25156187",
    "25721447",
    "26042781",
    "35209713",
    "54893172",
    "58768907",
    "58866127",
    "76858853",
    "79002334",
    "83571357",
    "84705043",
    "95254866",
    "99055770",
    "99340932"
  ],
  "dispatched": [],
  "errors": [],
  "dry_run": false
}
2026-09-05T22:23:37+00:00 finish robie call label watch rc=0
2026-09-05T22:28:02+00:00 start robie call label watch timeout=90s extra=
2026-09-05 22:28:03,161 [INFO] Retrieved 50 discussions via portal session for applicant 102351931
2026-09-05 22:28:03,696 [INFO] Successfully authenticated with Classic EZLynx API (EZToken issued).
2026-09-05 22:28:04,099 [INFO] Retrieved 1 Sales Center opportunities via portal for applicant 102351931
2026-09-05 22:28:04,338 [INFO] Retrieved 50 discussions via portal session for applicant 143979332
2026-09-05 22:28:05,132 [INFO] Retrieved 50 discussions via portal session for applicant 144897143
2026-09-05 22:28:05,466 [INFO] Retrieved 1 Sales Center opportunities via portal for applicant 144897143
2026-09-05 22:28:05,797 [INFO] Retrieved 50 discussions via portal session for applicant 145217363
2026-09-05 22:28:06,136 [INFO] Retrieved 1 Sales Center opportunities via portal for applicant 145217363
2026-09-05 22:28:06,397 [INFO] Retrieved 50 discussions via portal session for applicant 145834411
2026-09-05 22:28:06,737 [INFO] Retrieved 1 Sales Center opportunities via portal for applicant 145834411
2026-09-05 22:28:06,989 [INFO] Retrieved 50 discussions via portal session for applicant 148235525
2026-09-05 22:28:07,337 [INFO] Retrieved 2 Sales Center opportunities via portal for applicant 148235525
2026-09-05 22:28:07,658 [INFO] Retrieved 50 discussions via portal session for applicant 150751441
2026-09-05 22:28:07,989 [INFO] Retrieved 1 Sales Center opportunities via portal for applicant 150751441
2026-09-05 22:28:08,327 [INFO] Retrieved 50 discussions via portal session for applicant 151382204
2026-09-05 22:28:08,687 [INFO] Retrieved 1 Sales Center opportunities via portal for applicant 151382204
2026-09-05 22:28:09,014 [INFO] Retrieved 50 discussions via portal session for applicant 151445306
2026-09-05 22:28:09,368 [INFO] Retrieved 2 Sales Center opportunities via portal for applicant 151445306
2026-09-05 22:28:09,630 [INFO] Retrieved 50 discussions via portal session for applicant 157388228
2026-09-05 22:28:09,974 [INFO] Retrieved 1 Sales Center opportunities via portal for applicant 157388228
2026-09-05 22:28:10,324 [INFO] Retrieved 50 discussions via portal session for applicant 163863318
2026-09-05 22:28:10,653 [INFO] Retrieved 1 Sales Center opportunities via portal for applicant 163863318
2026-09-05 22:28:10,913 [INFO] Retrieved 50 discussions via portal session for applicant 173838508
2026-09-05 22:28:11,245 [INFO] Retrieved 1 Sales Center opportunities via portal for applicant 173838508
2026-09-05 22:28:11,480 [INFO] Retrieved 50 discussions via portal session for applicant 186333470
2026-09-05 22:28:11,839 [INFO] Retrieved 2 Sales Center opportunities via portal for applicant 186333470
2026-09-05 22:28:12,120 [INFO] Retrieved 50 discussions via portal session for applicant 193438339
2026-09-05 22:28:12,463 [INFO] Retrieved 1 Sales Center opportunities via portal for applicant 193438339
2026-09-05 22:28:12,751 [INFO] Retrieved 27 discussions via portal session for applicant 196126698
2026-09-05 22:28:13,080 [INFO] Retrieved 1 Sales Center opportunities via portal for applicant 196126698
2026-09-05 22:28:13,302 [INFO] Retrieved 50 discussions via portal session for applicant 196851140
2026-09-05 22:28:13,633 [INFO] Retrieved 1 Sales Center opportunities via portal for applicant 196851140
2026-09-05 22:28:13,864 [INFO] Retrieved 50 discussions via portal session for applicant 197389903
2026-09-05 22:28:14,202 [INFO] Retrieved 1 Sales Center opportunities via portal for applicant 197389903
2026-09-05 22:28:14,440 [INFO] Retrieved 50 discussions via portal session for applicant 197891661
2026-09-05 22:28:14,752 [INFO] Retrieved 1 Sales Center opportunities via portal for applicant 197891661
2026-09-05 22:28:15,038 [INFO] Retrieved 50 discussions via portal session for applicant 197895504
2026-09-05 22:28:15,364 [INFO] Retrieved 1 Sales Center opportunities via portal for applicant 197895504
2026-09-05 22:28:15,605 [INFO] Retrieved 50 discussions via portal session for applicant 198604342
2026-09-05 22:28:15,933 [INFO] Retrieved 2 Sales Center opportunities via portal for applicant 198604342
2026-09-05 22:28:16,239 [INFO] Retrieved 50 discussions via portal session for applicant 198908859
2026-09-05 22:28:16,571 [INFO] Retrieved 1 Sales Center opportunities via portal for applicant 198908859
2026-09-05 22:28:16,923 [INFO] Retrieved 50 discussions via portal session for applicant 199797602
2026-09-05 22:28:17,260 [INFO] Retrieved 1 Sales Center opportunities via portal for applicant 199797602
2026-09-05 22:28:17,554 [INFO] Retrieved 50 discussions via portal session for applicant 21587333
2026-09-05 22:28:17,883 [INFO] Retrieved 2 Sales Center opportunities via portal for applicant 21587333
2026-09-05 22:28:18,186 [INFO] Retrieved 50 discussions via portal session for applicant 21588091
2026-09-05 22:28:18,520 [INFO] Retrieved 1 Sales Center opportunities via portal for applicant 21588091
2026-09-05 22:28:18,779 [INFO] Retrieved 23 discussions via portal session for applicant 220250093
2026-09-05 22:28:19,108 [INFO] Retrieved 1 Sales Center opportunities via portal for applicant 220250093
2026-09-05 22:28:19,495 [INFO] Retrieved 50 discussions via portal session for applicant 25156187
2026-09-05 22:28:19,833 [INFO] Retrieved 1 Sales Center opportunities via portal for applicant 25156187
2026-09-05 22:28:20,157 [INFO] Retrieved 50 discussions via portal session for applicant 25721447
2026-09-05 22:28:20,529 [INFO] Retrieved 4 Sales Center opportunities via portal for applicant 25721447
2026-09-05 22:28:20,850 [INFO] Retrieved 50 discussions via portal session for applicant 26042781
2026-09-05 22:28:21,189 [INFO] Retrieved 2 Sales Center opportunities via portal for applicant 26042781
2026-09-05 22:28:21,484 [INFO] Retrieved 50 discussions via portal session for applicant 35209713
2026-09-05 22:28:21,806 [INFO] Retrieved 1 Sales Center opportunities via portal for applicant 35209713
2026-09-05 22:28:22,054 [INFO] Retrieved 50 discussions via portal session for applicant 54893172
2026-09-05 22:28:22,392 [INFO] Retrieved 7 Sales Center opportunities via portal for applicant 54893172
2026-09-05 22:28:22,692 [INFO] Retrieved 50 discussions via portal session for applicant 58768907
2026-09-05 22:28:23,028 [INFO] Retrieved 1 Sales Center opportunities via portal for applicant 58768907
2026-09-05 22:28:23,370 [INFO] Retrieved 50 discussions via portal session for applicant 58866127
2026-09-05 22:28:23,694 [INFO] Retrieved 1 Sales Center opportunities via portal for applicant 58866127
2026-09-05 22:28:23,928 [INFO] Retrieved 50 discussions via portal session for applicant 76858853
2026-09-05 22:28:24,275 [INFO] Retrieved 2 Sales Center opportunities via portal for applicant 76858853
2026-09-05 22:28:24,532 [INFO] Retrieved 50 discussions via portal session for applicant 79002334
2026-09-05 22:28:24,855 [INFO] Retrieved 1 Sales Center opportunities via portal for applicant 79002334
2026-09-05 22:28:25,136 [INFO] Retrieved 50 discussions via portal session for applicant 83571357
2026-09-05 22:28:38,034 [INFO] Retrieved 50 discussions via portal session for applicant 84705043
2026-09-05 22:28:38,376 [INFO] Retrieved 1 Sales Center opportunities via portal for applicant 84705043
2026-09-05 22:28:38,620 [INFO] Retrieved 50 discussions via portal session for applicant 95254866
2026-09-05 22:28:39,471 [INFO] Retrieved 50 discussions via portal session for applicant 99055770
2026-09-05 22:28:39,818 [INFO] Retrieved 1 Sales Center opportunities via portal for applicant 99055770
2026-09-05 22:28:40,053 [INFO] Retrieved 50 discussions via portal session for applicant 99340932
2026-09-05 22:28:42,410 [INFO] Retrieved 1 Sales Center opportunities via portal for applicant 99340932
{
  "applicants_scanned": 39,
  "applicant_ids": [
    "102351931",
    "143979332",
    "144897143",
    "145217363",
    "145834411",
    "148235525",
    "150751441",
    "151382204",
    "151445306",
    "157388228",
    "163863318",
    "173838508",
    "186333470",
    "193438339",
    "196126698",
    "196851140",
    "197389903",
    "197891661",
    "197895504",
    "198604342",
    "198908859",
    "199797602",
    "21587333",
    "21588091",
    "220250093",
    "25156187",
    "25721447",
    "26042781",
    "35209713",
    "54893172",
    "58768907",
    "58866127",
    "76858853",
    "79002334",
    "83571357",
    "84705043",
    "95254866",
    "99055770",
    "99340932"
  ],
  "dispatched": [],
  "errors": [],
  "dry_run": false
}
2026-09-05T22:28:42+00:00 finish robie call label watch rc=0
2026-09-05T22:33:01+00:00 start robie call label watch timeout=90s extra=
2026-09-05 22:33:03,021 [INFO] Retrieved 50 discussions via portal session for applicant 102351931
2026-09-05 22:33:03,537 [INFO] Successfully authenticated with Classic EZLynx API (EZToken issued).
2026-09-05 22:33:03,945 [INFO] Retrieved 1 Sales Center opportunities via portal for applicant 102351931
2026-09-05 22:33:04,232 [INFO] Retrieved 50 discussions via portal session for applicant 143979332
2026-09-05 22:33:05,026 [INFO] Retrieved 50 discussions via portal session for applicant 144897143
2026-09-05 22:33:05,437 [INFO] Retrieved 1 Sales Center opportunities via portal for applicant 144897143
2026-09-05 22:33:05,718 [INFO] Retrieved 50 discussions via portal session for applicant 145217363
2026-09-05 22:33:06,048 [INFO] Retrieved 1 Sales Center opportunities via portal for applicant 145217363
2026-09-05 22:33:06,299 [INFO] Retrieved 50 discussions via portal session for applicant 145834411
2026-09-05 22:33:06,656 [INFO] Retrieved 1 Sales Center opportunities via portal for applicant 145834411
2026-09-05 22:33:06,873 [INFO] Retrieved 50 discussions via portal session for applicant 148235525
2026-09-05 22:33:07,200 [INFO] Retrieved 2 Sales Center opportunities via portal for applicant 148235525
2026-09-05 22:33:07,458 [INFO] Retrieved 50 discussions via portal session for applicant 150751441
2026-09-05 22:33:07,787 [INFO] Retrieved 1 Sales Center opportunities via portal for applicant 150751441
2026-09-05 22:33:08,136 [INFO] Retrieved 50 discussions via portal session for applicant 151382204
2026-09-05 22:33:08,495 [INFO] Retrieved 1 Sales Center opportunities via portal for applicant 151382204
2026-09-05 22:33:08,780 [INFO] Retrieved 50 discussions via portal session for applicant 151445306
2026-09-05 22:33:09,103 [INFO] Retrieved 2 Sales Center opportunities via portal for applicant 151445306
2026-09-05 22:33:09,357 [INFO] Retrieved 50 discussions via portal session for applicant 157388228
2026-09-05 22:33:09,689 [INFO] Retrieved 1 Sales Center opportunities via portal for applicant 157388228
2026-09-05 22:33:10,020 [INFO] Retrieved 50 discussions via portal session for applicant 163863318
2026-09-05 22:33:10,342 [INFO] Retrieved 1 Sales Center opportunities via portal for applicant 163863318
2026-09-05 22:33:10,566 [INFO] Retrieved 50 discussions via portal session for applicant 173838508
2026-09-05 22:33:10,968 [INFO] Retrieved 1 Sales Center opportunities via portal for applicant 173838508
2026-09-05 22:33:11,229 [INFO] Retrieved 50 discussions via portal session for applicant 186333470
2026-09-05 22:33:11,560 [INFO] Retrieved 2 Sales Center opportunities via portal for applicant 186333470
2026-09-05 22:33:11,794 [INFO] Retrieved 50 discussions via portal session for applicant 193438339
2026-09-05 22:33:12,109 [INFO] Retrieved 1 Sales Center opportunities via portal for applicant 193438339
2026-09-05 22:33:12,370 [INFO] Retrieved 27 discussions via portal session for applicant 196126698
2026-09-05 22:33:12,699 [INFO] Retrieved 1 Sales Center opportunities via portal for applicant 196126698
2026-09-05 22:33:12,912 [INFO] Retrieved 50 discussions via portal session for applicant 196851140
2026-09-05 22:33:13,246 [INFO] Retrieved 1 Sales Center opportunities via portal for applicant 196851140
2026-09-05 22:33:13,472 [INFO] Retrieved 50 discussions via portal session for applicant 197389903
2026-09-05 22:33:13,794 [INFO] Retrieved 1 Sales Center opportunities via portal for applicant 197389903
2026-09-05 22:33:14,070 [INFO] Retrieved 50 discussions via portal session for applicant 197891661
2026-09-05 22:33:14,398 [INFO] Retrieved 1 Sales Center opportunities via portal for applicant 197891661
2026-09-05 22:33:14,674 [INFO] Retrieved 50 discussions via portal session for applicant 197895504
2026-09-05 22:33:15,014 [INFO] Retrieved 1 Sales Center opportunities via portal for applicant 197895504
2026-09-05 22:33:15,293 [INFO] Retrieved 50 discussions via portal session for applicant 198604342
2026-09-05 22:33:15,632 [INFO] Retrieved 2 Sales Center opportunities via portal for applicant 198604342
2026-09-05 22:33:15,906 [INFO] Retrieved 50 discussions via portal session for applicant 198908859
2026-09-05 22:33:16,253 [INFO] Retrieved 1 Sales Center opportunities via portal for applicant 198908859
2026-09-05 22:33:16,568 [INFO] Retrieved 50 discussions via portal session for applicant 199797602
2026-09-05 22:33:16,908 [INFO] Retrieved 1 Sales Center opportunities via portal for applicant 199797602
2026-09-05 22:33:17,261 [INFO] Retrieved 50 discussions via portal session for applicant 21587333
2026-09-05 22:33:17,623 [INFO] Retrieved 2 Sales Center opportunities via portal for applicant 21587333
2026-09-05 22:33:17,936 [INFO] Retrieved 50 discussions via portal session for applicant 21588091
2026-09-05 22:33:18,273 [INFO] Retrieved 1 Sales Center opportunities via portal for applicant 21588091
2026-09-05 22:33:18,559 [INFO] Retrieved 23 discussions via portal session for applicant 220250093
2026-09-05 22:33:18,981 [INFO] Retrieved 1 Sales Center opportunities via portal for applicant 220250093
2026-09-05 22:33:19,393 [INFO] Retrieved 50 discussions via portal session for applicant 25156187
2026-09-05 22:33:19,728 [INFO] Retrieved 1 Sales Center opportunities via portal for applicant 25156187
2026-09-05 22:33:20,029 [INFO] Retrieved 50 discussions via portal session for applicant 25721447
2026-09-05 22:33:20,351 [INFO] Retrieved 4 Sales Center opportunities via portal for applicant 25721447
2026-09-05 22:33:20,655 [INFO] Retrieved 50 discussions via portal session for applicant 26042781
2026-09-05 22:33:20,994 [INFO] Retrieved 2 Sales Center opportunities via portal for applicant 26042781
2026-09-05 22:33:21,341 [INFO] Retrieved 50 discussions via portal session for applicant 35209713
2026-09-05 22:33:21,680 [INFO] Retrieved 1 Sales Center opportunities via portal for applicant 35209713
2026-09-05 22:33:21,938 [INFO] Retrieved 50 discussions via portal session for applicant 54893172
2026-09-05 22:33:22,282 [INFO] Retrieved 7 Sales Center opportunities via portal for applicant 54893172
2026-09-05 22:33:22,561 [INFO] Retrieved 50 discussions via portal session for applicant 58768907
2026-09-05 22:33:22,899 [INFO] Retrieved 1 Sales Center opportunities via portal for applicant 58768907
2026-09-05 22:33:23,226 [INFO] Retrieved 50 discussions via portal session for applicant 58866127
2026-09-05 22:33:23,561 [INFO] Retrieved 1 Sales Center opportunities via portal for applicant 58866127
2026-09-05 22:33:23,811 [INFO] Retrieved 50 discussions via portal session for applicant 76858853
2026-09-05 22:33:24,141 [INFO] Retrieved 2 Sales Center opportunities via portal for applicant 76858853
2026-09-05 22:33:24,427 [INFO] Retrieved 50 discussions via portal session for applicant 79002334
2026-09-05 22:33:24,813 [INFO] Retrieved 1 Sales Center opportunities via portal for applicant 79002334
2026-09-05 22:33:25,056 [INFO] Retrieved 50 discussions via portal session for applicant 83571357
2026-09-05 22:33:25,825 [INFO] Retrieved 50 discussions via portal session for applicant 84705043
2026-09-05 22:33:26,160 [INFO] Retrieved 1 Sales Center opportunities via portal for applicant 84705043
2026-09-05 22:33:26,518 [INFO] Retrieved 50 discussions via portal session for applicant 95254866
2026-09-05 22:33:27,395 [INFO] Retrieved 50 discussions via portal session for applicant 99055770
2026-09-05 22:33:27,723 [INFO] Retrieved 1 Sales Center opportunities via portal for applicant 99055770
2026-09-05 22:33:27,991 [INFO] Retrieved 50 discussions via portal session for applicant 99340932
2026-09-05 22:33:28,326 [INFO] Retrieved 1 Sales Center opportunities via portal for applicant 99340932
{
  "applicants_scanned": 39,
  "applicant_ids": [
    "102351931",
    "143979332",
    "144897143",
    "145217363",
    "145834411",
    "148235525",
    "150751441",
    "151382204",
    "151445306",
    "157388228",
    "163863318",
    "173838508",
    "186333470",
    "193438339",
    "196126698",
    "196851140",
    "197389903",
    "197891661",
    "197895504",
    "198604342",
    "198908859",
    "199797602",
    "21587333",
    "21588091",
    "220250093",
    "25156187",
    "25721447",
    "26042781",
    "35209713",
    "54893172",
    "58768907",
    "58866127",
    "76858853",
    "79002334",
    "83571357",
    "84705043",
    "95254866",
    "99055770",
    "99340932"
  ],
  "dispatched": [],
  "errors": [],
  "dry_run": false
}
2026-09-05T22:33:28+00:00 finish robie call label watch rc=0
2026-09-05T22:38:01+00:00 start robie call label watch timeout=90s extra=
2026-09-05 22:38:02,922 [INFO] Retrieved 50 discussions via portal session for applicant 102351931
2026-09-05 22:38:03,452 [INFO] Successfully authenticated with Classic EZLynx API (EZToken issued).
2026-09-05 22:38:03,788 [INFO] Retrieved 1 Sales Center opportunities via portal for applicant 102351931
2026-09-05 22:38:04,021 [INFO] Retrieved 50 discussions via portal session for applicant 143979332
2026-09-05 22:38:04,780 [INFO] Retrieved 50 discussions via portal session for applicant 144897143
2026-09-05 22:38:05,118 [INFO] Retrieved 1 Sales Center opportunities via portal for applicant 144897143
2026-09-05 22:38:05,361 [INFO] Retrieved 50 discussions via portal session for applicant 145217363
2026-09-05 22:38:05,677 [INFO] Retrieved 1 Sales Center opportunities via portal for applicant 145217363
2026-09-05 22:38:05,924 [INFO] Retrieved 50 discussions via portal session for applicant 145834411
2026-09-05 22:38:06,256 [INFO] Retrieved 1 Sales Center opportunities via portal for applicant 145834411
2026-09-05 22:38:06,477 [INFO] Retrieved 50 discussions via portal session for applicant 148235525
2026-09-05 22:38:06,836 [INFO] Retrieved 2 Sales Center opportunities via portal for applicant 148235525
2026-09-05 22:38:07,123 [INFO] Retrieved 50 discussions via portal session for applicant 150751441
2026-09-05 22:38:07,503 [INFO] Retrieved 1 Sales Center opportunities via portal for applicant 150751441
2026-09-05 22:38:07,829 [INFO] Retrieved 50 discussions via portal session for applicant 151382204
2026-09-05 22:38:08,192 [INFO] Retrieved 1 Sales Center opportunities via portal for applicant 151382204
2026-09-05 22:38:08,473 [INFO] Retrieved 50 discussions via portal session for applicant 151445306
2026-09-05 22:38:08,953 [INFO] Retrieved 2 Sales Center opportunities via portal for applicant 151445306
2026-09-05 22:38:09,216 [INFO] Retrieved 50 discussions via portal session for applicant 157388228
2026-09-05 22:38:09,527 [INFO] Retrieved 1 Sales Center opportunities via portal for applicant 157388228
2026-09-05 22:38:09,844 [INFO] Retrieved 50 discussions via portal session for applicant 163863318
2026-09-05 22:38:10,196 [INFO] Retrieved 1 Sales Center opportunities via portal for applicant 163863318
2026-09-05 22:38:10,646 [INFO] Retrieved 50 discussions via portal session for applicant 173838508
2026-09-05 22:38:10,966 [INFO] Retrieved 1 Sales Center opportunities via portal for applicant 173838508
2026-09-05 22:38:11,248 [INFO] Retrieved 50 discussions via portal session for applicant 186333470
2026-09-05 22:38:11,610 [INFO] Retrieved 2 Sales Center opportunities via portal for applicant 186333470
2026-09-05 22:38:11,877 [INFO] Retrieved 50 discussions via portal session for applicant 193438339
2026-09-05 22:38:12,215 [INFO] Retrieved 1 Sales Center opportunities via portal for applicant 193438339
2026-09-05 22:38:12,490 [INFO] Retrieved 27 discussions via portal session for applicant 196126698
2026-09-05 22:38:12,851 [INFO] Retrieved 1 Sales Center opportunities via portal for applicant 196126698
2026-09-05 22:38:13,118 [INFO] Retrieved 50 discussions via portal session for applicant 196851140
2026-09-05 22:38:13,439 [INFO] Retrieved 1 Sales Center opportunities via portal for applicant 196851140
2026-09-05 22:38:13,674 [INFO] Retrieved 50 discussions via portal session for applicant 197389903
2026-09-05 22:38:13,999 [INFO] Retrieved 1 Sales Center opportunities via portal for applicant 197389903
2026-09-05 22:38:14,263 [INFO] Retrieved 50 discussions via portal session for applicant 197891661
2026-09-05 22:38:14,633 [INFO] Retrieved 1 Sales Center opportunities via portal for applicant 197891661
2026-09-05 22:38:14,911 [INFO] Retrieved 50 discussions via portal session for applicant 197895504
2026-09-05 22:38:15,232 [INFO] Retrieved 1 Sales Center opportunities via portal for applicant 197895504
2026-09-05 22:38:15,462 [INFO] Retrieved 50 discussions via portal session for applicant 198604342
2026-09-05 22:38:15,781 [INFO] Retrieved 2 Sales Center opportunities via portal for applicant 198604342
2026-09-05 22:38:16,082 [INFO] Retrieved 50 discussions via portal session for applicant 198908859
2026-09-05 22:38:16,415 [INFO] Retrieved 1 Sales Center opportunities via portal for applicant 198908859
2026-09-05 22:38:16,727 [INFO] Retrieved 50 discussions via portal session for applicant 199797602
2026-09-05 22:38:17,042 [INFO] Retrieved 1 Sales Center opportunities via portal for applicant 199797602
2026-09-05 22:38:17,339 [INFO] Retrieved 50 discussions via portal session for applicant 21587333
2026-09-05 22:38:17,662 [INFO] Retrieved 2 Sales Center opportunities via portal for applicant 21587333
2026-09-05 22:38:17,921 [INFO] Retrieved 50 discussions via portal session for applicant 21588091
2026-09-05 22:38:18,234 [INFO] Retrieved 1 Sales Center opportunities via portal for applicant 21588091
2026-09-05 22:38:18,456 [INFO] Retrieved 23 discussions via portal session for applicant 220250093
2026-09-05 22:38:18,881 [INFO] Retrieved 1 Sales Center opportunities via portal for applicant 220250093
2026-09-05 22:38:19,239 [INFO] Retrieved 50 discussions via portal session for applicant 25156187
2026-09-05 22:38:19,548 [INFO] Retrieved 1 Sales Center opportunities via portal for applicant 25156187
2026-09-05 22:38:19,872 [INFO] Retrieved 50 discussions via portal session for applicant 25721447
2026-09-05 22:38:20,200 [INFO] Retrieved 4 Sales Center opportunities via portal for applicant 25721447
2026-09-05 22:38:20,545 [INFO] Retrieved 50 discussions via portal session for applicant 26042781
2026-09-05 22:38:20,863 [INFO] Retrieved 2 Sales Center opportunities via portal for applicant 26042781
2026-09-05 22:38:21,166 [INFO] Retrieved 50 discussions via portal session for applicant 35209713
2026-09-05 22:38:21,496 [INFO] Retrieved 1 Sales Center opportunities via portal for applicant 35209713
2026-09-05 22:38:21,760 [INFO] Retrieved 50 discussions via portal session for applicant 54893172
2026-09-05 22:38:22,081 [INFO] Retrieved 7 Sales Center opportunities via portal for applicant 54893172
2026-09-05 22:38:22,365 [INFO] Retrieved 50 discussions via portal session for applicant 58768907
2026-09-05 22:38:22,775 [INFO] Retrieved 1 Sales Center opportunities via portal for applicant 58768907
2026-09-05 22:38:23,161 [INFO] Retrieved 50 discussions via portal session for applicant 58866127
2026-09-05 22:38:23,506 [INFO] Retrieved 1 Sales Center opportunities via portal for applicant 58866127
2026-09-05 22:38:23,754 [INFO] Retrieved 50 discussions via portal session for applicant 76858853
2026-09-05 22:38:24,073 [INFO] Retrieved 2 Sales Center opportunities via portal for applicant 76858853
2026-09-05 22:38:24,320 [INFO] Retrieved 50 discussions via portal session for applicant 79002334
2026-09-05 22:38:24,631 [INFO] Retrieved 1 Sales Center opportunities via portal for applicant 79002334
2026-09-05 22:38:24,886 [INFO] Retrieved 50 discussions via portal session for applicant 83571357
2026-09-05 22:38:32,806 [INFO] Retrieved 50 discussions via portal session for applicant 84705043
2026-09-05 22:38:33,132 [INFO] Retrieved 1 Sales Center opportunities via portal for applicant 84705043
2026-09-05 22:38:33,390 [INFO] Retrieved 50 discussions via portal session for applicant 95254866
2026-09-05 22:38:34,241 [INFO] Retrieved 50 discussions via portal session for applicant 99055770
2026-09-05 22:38:34,559 [INFO] Retrieved 1 Sales Center opportunities via portal for applicant 99055770
2026-09-05 22:38:34,791 [INFO] Retrieved 50 discussions via portal session for applicant 99340932
2026-09-05 22:38:35,118 [INFO] Retrieved 1 Sales Center opportunities via portal for applicant 99340932
{
  "applicants_scanned": 39,
  "applicant_ids": [
    "102351931",
    "143979332",
    "144897143",
    "145217363",
    "145834411",
    "148235525",
    "150751441",
    "151382204",
    "151445306",
    "157388228",
    "163863318",
    "173838508",
    "186333470",
    "193438339",
    "196126698",
    "196851140",
    "197389903",
    "197891661",
    "197895504",
    "198604342",
    "198908859",
    "199797602",
    "21587333",
    "21588091",
    "220250093",
    "25156187",
    "25721447",
    "26042781",
    "35209713",
    "54893172",
    "58768907",
    "58866127",
    "76858853",
    "79002334",
    "83571357",
    "84705043",
    "95254866",
    "99055770",
    "99340932"
  ],
  "dispatched": [],
  "errors": [],
  "dry_run": false
}
2026-09-05T22:38:35+00:00 finish robie call label watch rc=0
2026-09-05T22:43:01+00:00 start robie call label watch timeout=90s extra=
2026-09-05 22:43:02,621 [INFO] Retrieved 50 discussions via portal session for applicant 102351931
2026-09-05 22:43:03,146 [INFO] Successfully authenticated with Classic EZLynx API (EZToken issued).
2026-09-05 22:43:03,499 [INFO] Retrieved 1 Sales Center opportunities via portal for applicant 102351931
2026-09-05 22:43:03,760 [INFO] Retrieved 50 discussions via portal session for applicant 143979332
2026-09-05 22:43:04,529 [INFO] Retrieved 50 discussions via portal session for applicant 144897143
2026-09-05 22:43:04,845 [INFO] Retrieved 1 Sales Center opportunities via portal for applicant 144897143
2026-09-05 22:43:05,108 [INFO] Retrieved 50 discussions via portal session for applicant 145217363
2026-09-05 22:43:05,422 [INFO] Retrieved 1 Sales Center opportunities via portal for applicant 145217363
2026-09-05 22:43:05,669 [INFO] Retrieved 50 discussions via portal session for applicant 145834411
2026-09-05 22:43:05,992 [INFO] Retrieved 1 Sales Center opportunities via portal for applicant 145834411
2026-09-05 22:43:06,245 [INFO] Retrieved 50 discussions via portal session for applicant 148235525
2026-09-05 22:43:06,552 [INFO] Retrieved 2 Sales Center opportunities via portal for applicant 148235525
2026-09-05 22:43:06,855 [INFO] Retrieved 50 discussions via portal session for applicant 150751441
2026-09-05 22:43:07,178 [INFO] Retrieved 1 Sales Center opportunities via portal for applicant 150751441
2026-09-05 22:43:07,498 [INFO] Retrieved 50 discussions via portal session for applicant 151382204
2026-09-05 22:43:07,820 [INFO] Retrieved 1 Sales Center opportunities via portal for applicant 151382204
2026-09-05 22:43:08,105 [INFO] Retrieved 50 discussions via portal session for applicant 151445306
2026-09-05 22:43:08,428 [INFO] Retrieved 2 Sales Center opportunities via portal for applicant 151445306
2026-09-05 22:43:08,726 [INFO] Retrieved 50 discussions via portal session for applicant 157388228
2026-09-05 22:43:09,047 [INFO] Retrieved 1 Sales Center opportunities via portal for applicant 157388228
2026-09-05 22:43:09,434 [INFO] Retrieved 50 discussions via portal session for applicant 163863318
2026-09-05 22:43:09,749 [INFO] Retrieved 1 Sales Center opportunities via portal for applicant 163863318
2026-09-05 22:43:10,058 [INFO] Retrieved 50 discussions via portal session for applicant 173838508
2026-09-05 22:43:10,376 [INFO] Retrieved 1 Sales Center opportunities via portal for applicant 173838508
2026-09-05 22:43:10,604 [INFO] Retrieved 50 discussions via portal session for applicant 186333470
2026-09-05 22:43:10,936 [INFO] Retrieved 2 Sales Center opportunities via portal for applicant 186333470
2026-09-05 22:43:11,181 [INFO] Retrieved 50 discussions via portal session for applicant 193438339
2026-09-05 22:43:11,536 [INFO] Retrieved 1 Sales Center opportunities via portal for applicant 193438339
2026-09-05 22:43:11,781 [INFO] Retrieved 27 discussions via portal session for applicant 196126698
2026-09-05 22:43:12,116 [INFO] Retrieved 1 Sales Center opportunities via portal for applicant 196126698
2026-09-05 22:43:12,331 [INFO] Retrieved 50 discussions via portal session for applicant 196851140
2026-09-05 22:43:12,651 [INFO] Retrieved 1 Sales Center opportunities via portal for applicant 196851140
2026-09-05 22:43:12,896 [INFO] Retrieved 50 discussions via portal session for applicant 197389903
2026-09-05 22:43:13,246 [INFO] Retrieved 1 Sales Center opportunities via portal for applicant 197389903
2026-09-05 22:43:13,503 [INFO] Retrieved 50 discussions via portal session for applicant 197891661
2026-09-05 22:43:13,827 [INFO] Retrieved 1 Sales Center opportunities via portal for applicant 197891661
2026-09-05 22:43:14,133 [INFO] Retrieved 50 discussions via portal session for applicant 197895504
2026-09-05 22:43:14,446 [INFO] Retrieved 1 Sales Center opportunities via portal for applicant 197895504
2026-09-05 22:43:14,713 [INFO] Retrieved 50 discussions via portal session for applicant 198604342
2026-09-05 22:43:15,035 [INFO] Retrieved 2 Sales Center opportunities via portal for applicant 198604342
2026-09-05 22:43:15,323 [INFO] Retrieved 50 discussions via portal session for applicant 198908859
2026-09-05 22:43:15,662 [INFO] Retrieved 1 Sales Center opportunities via portal for applicant 198908859
2026-09-05 22:43:15,991 [INFO] Retrieved 50 discussions via portal session for applicant 199797602
2026-09-05 22:43:16,335 [INFO] Retrieved 1 Sales Center opportunities via portal for applicant 199797602
2026-09-05 22:43:16,620 [INFO] Retrieved 50 discussions via portal session for applicant 21587333
2026-09-05 22:43:16,936 [INFO] Retrieved 2 Sales Center opportunities via portal for applicant 21587333
2026-09-05 22:43:17,236 [INFO] Retrieved 50 discussions via portal session for applicant 21588091
2026-09-05 22:43:17,544 [INFO] Retrieved 1 Sales Center opportunities via portal for applicant 21588091
2026-09-05 22:43:17,786 [INFO] Retrieved 23 discussions via portal session for applicant 220250093
2026-09-05 22:43:18,104 [INFO] Retrieved 1 Sales Center opportunities via portal for applicant 220250093
2026-09-05 22:43:18,476 [INFO] Retrieved 50 discussions via portal session for applicant 25156187
2026-09-05 22:43:18,795 [INFO] Retrieved 1 Sales Center opportunities via portal for applicant 25156187
2026-09-05 22:43:19,091 [INFO] Retrieved 50 discussions via portal session for applicant 25721447
2026-09-05 22:43:19,411 [INFO] Retrieved 4 Sales Center opportunities via portal for applicant 25721447
2026-09-05 22:43:19,741 [INFO] Retrieved 50 discussions via portal session for applicant 26042781
2026-09-05 22:43:20,054 [INFO] Retrieved 2 Sales Center opportunities via portal for applicant 26042781
2026-09-05 22:43:20,390 [INFO] Retrieved 50 discussions via portal session for applicant 35209713
2026-09-05 22:43:20,706 [INFO] Retrieved 1 Sales Center opportunities via portal for applicant 35209713
2026-09-05 22:43:20,985 [INFO] Retrieved 50 discussions via portal session for applicant 54893172
2026-09-05 22:43:21,318 [INFO] Retrieved 7 Sales Center opportunities via portal for applicant 54893172
2026-09-05 22:43:21,570 [INFO] Retrieved 50 discussions via portal session for applicant 58768907
2026-09-05 22:43:21,894 [INFO] Retrieved 1 Sales Center opportunities via portal for applicant 58768907
2026-09-05 22:43:22,224 [INFO] Retrieved 50 discussions via portal session for applicant 58866127
2026-09-05 22:43:22,575 [INFO] Retrieved 1 Sales Center opportunities via portal for applicant 58866127
2026-09-05 22:43:22,839 [INFO] Retrieved 50 discussions via portal session for applicant 76858853
2026-09-05 22:43:23,160 [INFO] Retrieved 2 Sales Center opportunities via portal for applicant 76858853
2026-09-05 22:43:23,460 [INFO] Retrieved 50 discussions via portal session for applicant 79002334
2026-09-05 22:43:23,777 [INFO] Retrieved 1 Sales Center opportunities via portal for applicant 79002334
2026-09-05 22:43:24,069 [INFO] Retrieved 50 discussions via portal session for applicant 83571357
2026-09-05 22:43:24,757 [INFO] Retrieved 50 discussions via portal session for applicant 84705043
2026-09-05 22:43:25,073 [INFO] Retrieved 1 Sales Center opportunities via portal for applicant 84705043
2026-09-05 22:43:25,340 [INFO] Retrieved 50 discussions via portal session for applicant 95254866
2026-09-05 22:43:26,167 [INFO] Retrieved 50 discussions via portal session for applicant 99055770
2026-09-05 22:43:33,680 [INFO] Retrieved 1 Sales Center opportunities via portal for applicant 99055770
2026-09-05 22:43:33,940 [INFO] Retrieved 50 discussions via portal session for applicant 99340932
2026-09-05 22:43:34,267 [INFO] Retrieved 1 Sales Center opportunities via portal for applicant 99340932
{
  "applicants_scanned": 39,
  "applicant_ids": [
    "102351931",
    "143979332",
    "144897143",
    "145217363",
    "145834411",
    "148235525",
    "150751441",
    "151382204",
    "151445306",
    "157388228",
    "163863318",
    "173838508",
    "186333470",
    "193438339",
    "196126698",
    "196851140",
    "197389903",
    "197891661",
    "197895504",
    "198604342",
    "198908859",
    "199797602",
    "21587333",
    "21588091",
    "220250093",
    "25156187",
    "25721447",
    "26042781",
    "35209713",
    "54893172",
    "58768907",
    "58866127",
    "76858853",
    "79002334",
    "83571357",
    "84705043",
    "95254866",
    "99055770",
    "99340932"
  ],
  "dispatched": [],
  "errors": [],
  "dry_run": false
}
2026-09-05T22:43:34+00:00 finish robie call label watch rc=0
2026-09-05T22:48:01+00:00 start robie call label watch timeout=90s extra=
2026-09-05 22:48:03,042 [INFO] Retrieved 50 discussions via portal session for applicant 102351931
2026-09-05 22:48:03,564 [INFO] Successfully authenticated with Classic EZLynx API (EZToken issued).
2026-09-05 22:48:03,888 [INFO] Retrieved 1 Sales Center opportunities via portal for applicant 102351931
2026-09-05 22:48:04,241 [INFO] Retrieved 50 discussions via portal session for applicant 143979332
2026-09-05 22:48:05,020 [INFO] Retrieved 50 discussions via portal session for applicant 144897143
2026-09-05 22:48:05,345 [INFO] Retrieved 1 Sales Center opportunities via portal for applicant 144897143
2026-09-05 22:48:05,614 [INFO] Retrieved 50 discussions via portal session for applicant 145217363
2026-09-05 22:48:05,933 [INFO] Retrieved 1 Sales Center opportunities via portal for applicant 145217363
2026-09-05 22:48:06,154 [INFO] Retrieved 50 discussions via portal session for applicant 145834411
2026-09-05 22:48:06,471 [INFO] Retrieved 1 Sales Center opportunities via portal for applicant 145834411
2026-09-05 22:48:06,704 [INFO] Retrieved 50 discussions via portal session for applicant 148235525
2026-09-05 22:48:07,065 [INFO] Retrieved 2 Sales Center opportunities via portal for applicant 148235525
2026-09-05 22:48:07,375 [INFO] Retrieved 50 discussions via portal session for applicant 150751441
2026-09-05 22:48:07,697 [INFO] Retrieved 1 Sales Center opportunities via portal for applicant 150751441
2026-09-05 22:48:08,012 [INFO] Retrieved 50 discussions via portal session for applicant 151382204
2026-09-05 22:48:08,341 [INFO] Retrieved 1 Sales Center opportunities via portal for applicant 151382204
2026-09-05 22:48:08,669 [INFO] Retrieved 50 discussions via portal session for applicant 151445306
2026-09-05 22:48:09,001 [INFO] Retrieved 2 Sales Center opportunities via portal for applicant 151445306
2026-09-05 22:48:09,296 [INFO] Retrieved 50 discussions via portal session for applicant 157388228
2026-09-05 22:48:09,606 [INFO] Retrieved 1 Sales Center opportunities via portal for applicant 157388228
2026-09-05 22:48:09,968 [INFO] Retrieved 50 discussions via portal session for applicant 163863318
2026-09-05 22:48:10,345 [INFO] Retrieved 1 Sales Center opportunities via portal for applicant 163863318
2026-09-05 22:48:10,583 [INFO] Retrieved 50 discussions via portal session for applicant 173838508
2026-09-05 22:48:10,910 [INFO] Retrieved 1 Sales Center opportunities via portal for applicant 173838508
2026-09-05 22:48:11,139 [INFO] Retrieved 50 discussions via portal session for applicant 186333470
2026-09-05 22:48:11,457 [INFO] Retrieved 2 Sales Center opportunities via portal for applicant 186333470
2026-09-05 22:48:11,690 [INFO] Retrieved 50 discussions via portal session for applicant 193438339
2026-09-05 22:48:12,001 [INFO] Retrieved 1 Sales Center opportunities via portal for applicant 193438339
2026-09-05 22:48:12,282 [INFO] Retrieved 27 discussions via portal session for applicant 196126698
2026-09-05 22:48:12,615 [INFO] Retrieved 1 Sales Center opportunities via portal for applicant 196126698
2026-09-05 22:48:12,865 [INFO] Retrieved 50 discussions via portal session for applicant 196851140
2026-09-05 22:48:13,196 [INFO] Retrieved 1 Sales Center opportunities via portal for applicant 196851140
2026-09-05 22:48:13,432 [INFO] Retrieved 50 discussions via portal session for applicant 197389903
2026-09-05 22:48:13,746 [INFO] Retrieved 1 Sales Center opportunities via portal for applicant 197389903
2026-09-05 22:48:13,968 [INFO] Retrieved 50 discussions via portal session for applicant 197891661
2026-09-05 22:48:14,295 [INFO] Retrieved 1 Sales Center opportunities via portal for applicant 197891661
2026-09-05 22:48:14,620 [INFO] Retrieved 50 discussions via portal session for applicant 197895504
2026-09-05 22:48:14,930 [INFO] Retrieved 1 Sales Center opportunities via portal for applicant 197895504
2026-09-05 22:48:15,221 [INFO] Retrieved 50 discussions via portal session for applicant 198604342
2026-09-05 22:48:15,579 [INFO] Retrieved 2 Sales Center opportunities via portal for applicant 198604342
2026-09-05 22:48:15,863 [INFO] Retrieved 50 discussions via portal session for applicant 198908859
2026-09-05 22:48:16,170 [INFO] Retrieved 1 Sales Center opportunities via portal for applicant 198908859
2026-09-05 22:48:16,491 [INFO] Retrieved 50 discussions via portal session for applicant 199797602
2026-09-05 22:48:16,800 [INFO] Retrieved 1 Sales Center opportunities via portal for applicant 199797602
2026-09-05 22:48:17,105 [INFO] Retrieved 50 discussions via portal session for applicant 21587333
2026-09-05 22:48:17,416 [INFO] Retrieved 2 Sales Center opportunities via portal for applicant 21587333
2026-09-05 22:48:17,684 [INFO] Retrieved 50 discussions via portal session for applicant 21588091
2026-09-05 22:48:18,003 [INFO] Retrieved 1 Sales Center opportunities via portal for applicant 21588091
2026-09-05 22:48:18,240 [INFO] Retrieved 23 discussions via portal session for applicant 220250093
2026-09-05 22:48:18,551 [INFO] Retrieved 1 Sales Center opportunities via portal for applicant 220250093
2026-09-05 22:48:18,948 [INFO] Retrieved 50 discussions via portal session for applicant 25156187
2026-09-05 22:48:19,262 [INFO] Retrieved 1 Sales Center opportunities via portal for applicant 25156187
2026-09-05 22:48:19,580 [INFO] Retrieved 50 discussions via portal session for applicant 25721447
2026-09-05 22:48:19,889 [INFO] Retrieved 4 Sales Center opportunities via portal for applicant 25721447
2026-09-05 22:48:20,239 [INFO] Retrieved 50 discussions via portal session for applicant 26042781
2026-09-05 22:48:20,542 [INFO] Retrieved 2 Sales Center opportunities via portal for applicant 26042781
2026-09-05 22:48:20,864 [INFO] Retrieved 50 discussions via portal session for applicant 35209713
2026-09-05 22:48:21,180 [INFO] Retrieved 1 Sales Center opportunities via portal for applicant 35209713
2026-09-05 22:48:21,427 [INFO] Retrieved 50 discussions via portal session for applicant 54893172
2026-09-05 22:48:21,781 [INFO] Retrieved 7 Sales Center opportunities via portal for applicant 54893172
2026-09-05 22:48:22,046 [INFO] Retrieved 50 discussions via portal session for applicant 58768907
2026-09-05 22:48:22,361 [INFO] Retrieved 1 Sales Center opportunities via portal for applicant 58768907
2026-09-05 22:48:22,689 [INFO] Retrieved 50 discussions via portal session for applicant 58866127
2026-09-05 22:48:23,020 [INFO] Retrieved 1 Sales Center opportunities via portal for applicant 58866127
2026-09-05 22:48:23,272 [INFO] Retrieved 50 discussions via portal session for applicant 76858853
2026-09-05 22:48:23,590 [INFO] Retrieved 2 Sales Center opportunities via portal for applicant 76858853
2026-09-05 22:48:23,874 [INFO] Retrieved 50 discussions via portal session for applicant 79002334
2026-09-05 22:48:24,204 [INFO] Retrieved 1 Sales Center opportunities via portal for applicant 79002334
2026-09-05 22:48:24,504 [INFO] Retrieved 50 discussions via portal session for applicant 83571357
2026-09-05 22:48:25,277 [INFO] Retrieved 50 discussions via portal session for applicant 84705043
2026-09-05 22:48:25,610 [INFO] Retrieved 1 Sales Center opportunities via portal for applicant 84705043
2026-09-05 22:48:25,878 [INFO] Retrieved 50 discussions via portal session for applicant 95254866
2026-09-05 22:48:26,773 [INFO] Retrieved 50 discussions via portal session for applicant 99055770
2026-09-05 22:48:27,089 [INFO] Retrieved 1 Sales Center opportunities via portal for applicant 99055770
2026-09-05 22:48:32,482 [INFO] Retrieved 50 discussions via portal session for applicant 99340932
2026-09-05 22:48:32,828 [INFO] Retrieved 1 Sales Center opportunities via portal for applicant 99340932
{
  "applicants_scanned": 39,
  "applicant_ids": [
    "102351931",
    "143979332",
    "144897143",
    "145217363",
    "145834411",
    "148235525",
    "150751441",
    "151382204",
    "151445306",
    "157388228",
    "163863318",
    "173838508",
    "186333470",
    "193438339",
    "196126698",
    "196851140",
    "197389903",
    "197891661",
    "197895504",
    "198604342",
    "198908859",
    "199797602",
    "21587333",
    "21588091",
    "220250093",
    "25156187",
    "25721447",
    "26042781",
    "35209713",
    "54893172",
    "58768907",
    "58866127",
    "76858853",
    "79002334",
    "83571357",
    "84705043",
    "95254866",
    "99055770",
    "99340932"
  ],
  "dispatched": [],
  "errors": [],
  "dry_run": false
}
2026-09-05T22:48:33+00:00 finish robie call label watch rc=0
2026-09-05T22:53:01+00:00 start robie call label watch timeout=90s extra=
2026-09-05 22:53:02,279 [INFO] Retrieved 50 discussions via portal session for applicant 102351931
2026-09-05 22:53:02,803 [INFO] Successfully authenticated with Classic EZLynx API (EZToken issued).
2026-09-05 22:53:03,170 [INFO] Retrieved 1 Sales Center opportunities via portal for applicant 102351931
2026-09-05 22:53:03,448 [INFO] Retrieved 50 discussions via portal session for applicant 143979332
2026-09-05 22:53:04,219 [INFO] Retrieved 50 discussions via portal session for applicant 144897143
2026-09-05 22:53:04,545 [INFO] Retrieved 1 Sales Center opportunities via portal for applicant 144897143
2026-09-05 22:53:04,832 [INFO] Retrieved 50 discussions via portal session for applicant 145217363
2026-09-05 22:53:05,158 [INFO] Retrieved 1 Sales Center opportunities via portal for applicant 145217363
2026-09-05 22:53:05,389 [INFO] Retrieved 50 discussions via portal session for applicant 145834411
2026-09-05 22:53:05,734 [INFO] Retrieved 1 Sales Center opportunities via portal for applicant 145834411
2026-09-05 22:53:06,001 [INFO] Retrieved 50 discussions via portal session for applicant 148235525
2026-09-05 22:53:06,328 [INFO] Retrieved 2 Sales Center opportunities via portal for applicant 148235525
2026-09-05 22:53:06,601 [INFO] Retrieved 50 discussions via portal session for applicant 150751441
2026-09-05 22:53:06,931 [INFO] Retrieved 1 Sales Center opportunities via portal for applicant 150751441
2026-09-05 22:53:07,285 [INFO] Retrieved 50 discussions via portal session for applicant 151382204
2026-09-05 22:53:07,616 [INFO] Retrieved 1 Sales Center opportunities via portal for applicant 151382204
2026-09-05 22:53:07,906 [INFO] Retrieved 50 discussions via portal session for applicant 151445306
2026-09-05 22:53:08,242 [INFO] Retrieved 2 Sales Center opportunities via portal for applicant 151445306
2026-09-05 22:53:08,523 [INFO] Retrieved 50 discussions via portal session for applicant 157388228
2026-09-05 22:53:08,862 [INFO] Retrieved 1 Sales Center opportunities via portal for applicant 157388228
2026-09-05 22:53:09,179 [INFO] Retrieved 50 discussions via portal session for applicant 163863318
2026-09-05 22:53:09,529 [INFO] Retrieved 1 Sales Center opportunities via portal for applicant 163863318
2026-09-05 22:53:09,821 [INFO] Retrieved 50 discussions via portal session for applicant 173838508
2026-09-05 22:53:10,222 [INFO] Retrieved 1 Sales Center opportunities via portal for applicant 173838508
2026-09-05 22:53:10,488 [INFO] Retrieved 50 discussions via portal session for applicant 186333470
2026-09-05 22:53:10,839 [INFO] Retrieved 2 Sales Center opportunities via portal for applicant 186333470
2026-09-05 22:53:11,116 [INFO] Retrieved 50 discussions via portal session for applicant 193438339
2026-09-05 22:53:11,446 [INFO] Retrieved 1 Sales Center opportunities via portal for applicant 193438339
2026-09-05 22:53:11,726 [INFO] Retrieved 27 discussions via portal session for applicant 196126698
2026-09-05 22:53:12,048 [INFO] Retrieved 1 Sales Center opportunities via portal for applicant 196126698
2026-09-05 22:53:12,271 [INFO] Retrieved 50 discussions via portal session for applicant 196851140
2026-09-05 22:53:12,596 [INFO] Retrieved 1 Sales Center opportunities via portal for applicant 196851140
2026-09-05 22:53:12,870 [INFO] Retrieved 50 discussions via portal session for applicant 197389903
2026-09-05 22:53:13,210 [INFO] Retrieved 1 Sales Center opportunities via portal for applicant 197389903
2026-09-05 22:53:13,466 [INFO] Retrieved 50 discussions via portal session for applicant 197891661
2026-09-05 22:53:13,800 [INFO] Retrieved 1 Sales Center opportunities via portal for applicant 197891661
2026-09-05 22:53:14,071 [INFO] Retrieved 50 discussions via portal session for applicant 197895504
2026-09-05 22:53:14,404 [INFO] Retrieved 1 Sales Center opportunities via portal for applicant 197895504
2026-09-05 22:53:14,651 [INFO] Retrieved 50 discussions via portal session for applicant 198604342
2026-09-05 22:53:14,989 [INFO] Retrieved 2 Sales Center opportunities via portal for applicant 198604342
2026-09-05 22:53:15,288 [INFO] Retrieved 50 discussions via portal session for applicant 198908859
2026-09-05 22:53:15,618 [INFO] Retrieved 1 Sales Center opportunities via portal for applicant 198908859
2026-09-05 22:53:15,936 [INFO] Retrieved 50 discussions via portal session for applicant 199797602
2026-09-05 22:53:16,280 [INFO] Retrieved 1 Sales Center opportunities via portal for applicant 199797602
2026-09-05 22:53:16,610 [INFO] Retrieved 50 discussions via portal session for applicant 21587333
2026-09-05 22:53:16,938 [INFO] Retrieved 2 Sales Center opportunities via portal for applicant 21587333
2026-09-05 22:53:17,251 [INFO] Retrieved 50 discussions via portal session for applicant 21588091
2026-09-05 22:53:17,580 [INFO] Retrieved 1 Sales Center opportunities via portal for applicant 21588091
2026-09-05 22:53:17,847 [INFO] Retrieved 23 discussions via portal session for applicant 220250093
2026-09-05 22:53:18,177 [INFO] Retrieved 1 Sales Center opportunities via portal for applicant 220250093
2026-09-05 22:53:18,604 [INFO] Retrieved 50 discussions via portal session for applicant 25156187
2026-09-05 22:53:18,938 [INFO] Retrieved 1 Sales Center opportunities via portal for applicant 25156187
2026-09-05 22:53:19,241 [INFO] Retrieved 50 discussions via portal session for applicant 25721447
2026-09-05 22:53:19,585 [INFO] Retrieved 4 Sales Center opportunities via portal for applicant 25721447
2026-09-05 22:53:19,918 [INFO] Retrieved 50 discussions via portal session for applicant 26042781
2026-09-05 22:53:20,278 [INFO] Retrieved 2 Sales Center opportunities via portal for applicant 26042781
2026-09-05 22:53:20,623 [INFO] Retrieved 50 discussions via portal session for applicant 35209713
2026-09-05 22:53:20,949 [INFO] Retrieved 1 Sales Center opportunities via portal for applicant 35209713
2026-09-05 22:53:21,215 [INFO] Retrieved 50 discussions via portal session for applicant 54893172
2026-09-05 22:53:21,545 [INFO] Retrieved 7 Sales Center opportunities via portal for applicant 54893172
2026-09-05 22:53:21,812 [INFO] Retrieved 50 discussions via portal session for applicant 58768907
2026-09-05 22:53:22,141 [INFO] Retrieved 1 Sales Center opportunities via portal for applicant 58768907
2026-09-05 22:53:22,490 [INFO] Retrieved 50 discussions via portal session for applicant 58866127
2026-09-05 22:53:22,860 [INFO] Retrieved 1 Sales Center opportunities via portal for applicant 58866127
2026-09-05 22:53:23,100 [INFO] Retrieved 50 discussions via portal session for applicant 76858853
2026-09-05 22:53:23,449 [INFO] Retrieved 2 Sales Center opportunities via portal for applicant 76858853
2026-09-05 22:53:23,708 [INFO] Retrieved 50 discussions via portal session for applicant 79002334
2026-09-05 22:53:24,041 [INFO] Retrieved 1 Sales Center opportunities via portal for applicant 79002334
2026-09-05 22:53:24,305 [INFO] Retrieved 50 discussions via portal session for applicant 83571357
2026-09-05 22:53:25,047 [INFO] Retrieved 50 discussions via portal session for applicant 84705043
2026-09-05 22:53:25,385 [INFO] Retrieved 1 Sales Center opportunities via portal for applicant 84705043
2026-09-05 22:53:25,620 [INFO] Retrieved 50 discussions via portal session for applicant 95254866
2026-09-05 22:53:45,879 [INFO] Retrieved 50 discussions via portal session for applicant 99055770
2026-09-05 22:53:46,205 [INFO] Retrieved 1 Sales Center opportunities via portal for applicant 99055770
2026-09-05 22:53:46,437 [INFO] Retrieved 50 discussions via portal session for applicant 99340932
2026-09-05 22:53:46,774 [INFO] Retrieved 1 Sales Center opportunities via portal for applicant 99340932
{
  "applicants_scanned": 39,
  "applicant_ids": [
    "102351931",
    "143979332",
    "144897143",
    "145217363",
    "145834411",
    "148235525",
    "150751441",
    "151382204",
    "151445306",
    "157388228",
    "163863318",
    "173838508",
    "186333470",
    "193438339",
    "196126698",
    "196851140",
    "197389903",
    "197891661",
    "197895504",
    "198604342",
    "198908859",
    "199797602",
    "21587333",
    "21588091",
    "220250093",
    "25156187",
    "25721447",
    "26042781",
    "35209713",
    "54893172",
    "58768907",
    "58866127",
    "76858853",
    "79002334",
    "83571357",
    "84705043",
    "95254866",
    "99055770",
    "99340932"
  ],
  "dispatched": [],
  "errors": [],
  "dry_run": false
}
2026-09-05T22:53:47+00:00 finish robie call label watch rc=0
2026-09-05T22:58:01+00:00 start robie call label watch timeout=90s extra=
2026-09-05 22:58:02,475 [INFO] Retrieved 50 discussions via portal session for applicant 102351931
2026-09-05 22:58:03,007 [INFO] Successfully authenticated with Classic EZLynx API (EZToken issued).
2026-09-05 22:58:03,341 [INFO] Retrieved 1 Sales Center opportunities via portal for applicant 102351931
2026-09-05 22:58:03,603 [INFO] Retrieved 50 discussions via portal session for applicant 143979332
2026-09-05 22:58:04,412 [INFO] Retrieved 50 discussions via portal session for applicant 144897143
2026-09-05 22:58:04,805 [INFO] Retrieved 1 Sales Center opportunities via portal for applicant 144897143
2026-09-05 22:58:05,043 [INFO] Retrieved 50 discussions via portal session for applicant 145217363
2026-09-05 22:58:05,399 [INFO] Retrieved 1 Sales Center opportunities via portal for applicant 145217363
2026-09-05 22:58:05,672 [INFO] Retrieved 50 discussions via portal session for applicant 145834411
2026-09-05 22:58:06,014 [INFO] Retrieved 1 Sales Center opportunities via portal for applicant 145834411
2026-09-05 22:58:06,267 [INFO] Retrieved 50 discussions via portal session for applicant 148235525
2026-09-05 22:58:06,606 [INFO] Retrieved 2 Sales Center opportunities via portal for applicant 148235525
2026-09-05 22:58:06,902 [INFO] Retrieved 50 discussions via portal session for applicant 150751441
2026-09-05 22:58:07,236 [INFO] Retrieved 1 Sales Center opportunities via portal for applicant 150751441
2026-09-05 22:58:07,572 [INFO] Retrieved 50 discussions via portal session for applicant 151382204
2026-09-05 22:58:07,930 [INFO] Retrieved 1 Sales Center opportunities via portal for applicant 151382204
2026-09-05 22:58:08,289 [INFO] Retrieved 50 discussions via portal session for applicant 151445306
2026-09-05 22:58:08,619 [INFO] Retrieved 2 Sales Center opportunities via portal for applicant 151445306
2026-09-05 22:58:08,896 [INFO] Retrieved 50 discussions via portal session for applicant 157388228
2026-09-05 22:58:09,234 [INFO] Retrieved 1 Sales Center opportunities via portal for applicant 157388228
2026-09-05 22:58:09,567 [INFO] Retrieved 50 discussions via portal session for applicant 163863318
2026-09-05 22:58:09,894 [INFO] Retrieved 1 Sales Center opportunities via portal for applicant 163863318
2026-09-05 22:58:10,176 [INFO] Retrieved 50 discussions via portal session for applicant 173838508
2026-09-05 22:58:10,521 [INFO] Retrieved 1 Sales Center opportunities via portal for applicant 173838508
2026-09-05 22:58:10,755 [INFO] Retrieved 50 discussions via portal session for applicant 186333470
2026-09-05 22:58:11,150 [INFO] Retrieved 2 Sales Center opportunities via portal for applicant 186333470
2026-09-05 22:58:11,401 [INFO] Retrieved 50 discussions via portal session for applicant 193438339
2026-09-05 22:58:11,738 [INFO] Retrieved 1 Sales Center opportunities via portal for applicant 193438339
2026-09-05 22:58:11,999 [INFO] Retrieved 27 discussions via portal session for applicant 196126698
2026-09-05 22:58:12,337 [INFO] Retrieved 1 Sales Center opportunities via portal for applicant 196126698
2026-09-05 22:58:12,573 [INFO] Retrieved 50 discussions via portal session for applicant 196851140
2026-09-05 22:58:12,915 [INFO] Retrieved 1 Sales Center opportunities via portal for applicant 196851140
2026-09-05 22:58:13,142 [INFO] Retrieved 50 discussions via portal session for applicant 197389903
2026-09-05 22:58:13,483 [INFO] Retrieved 1 Sales Center opportunities via portal for applicant 197389903
2026-09-05 22:58:13,719 [INFO] Retrieved 50 discussions via portal session for applicant 197891661
2026-09-05 22:58:14,093 [INFO] Retrieved 1 Sales Center opportunities via portal for applicant 197891661
2026-09-05 22:58:14,401 [INFO] Retrieved 50 discussions via portal session for applicant 197895504
2026-09-05 22:58:14,723 [INFO] Retrieved 1 Sales Center opportunities via portal for applicant 197895504
2026-09-05 22:58:14,986 [INFO] Retrieved 50 discussions via portal session for applicant 198604342
2026-09-05 22:58:15,349 [INFO] Retrieved 2 Sales Center opportunities via portal for applicant 198604342
2026-09-05 22:58:15,673 [INFO] Retrieved 50 discussions via portal session for applicant 198908859
2026-09-05 22:58:16,030 [INFO] Retrieved 1 Sales Center opportunities via portal for applicant 198908859
2026-09-05 22:58:16,389 [INFO] Retrieved 50 discussions via portal session for applicant 199797602
2026-09-05 22:58:16,744 [INFO] Retrieved 1 Sales Center opportunities via portal for applicant 199797602
2026-09-05 22:58:17,042 [INFO] Retrieved 50 discussions via portal session for applicant 21587333
2026-09-05 22:58:17,391 [INFO] Retrieved 2 Sales Center opportunities via portal for applicant 21587333
2026-09-05 22:58:17,707 [INFO] Retrieved 50 discussions via portal session for applicant 21588091
2026-09-05 22:58:18,055 [INFO] Retrieved 1 Sales Center opportunities via portal for applicant 21588091
2026-09-05 22:58:18,289 [INFO] Retrieved 23 discussions via portal session for applicant 220250093
2026-09-05 22:58:18,665 [INFO] Retrieved 1 Sales Center opportunities via portal for applicant 220250093
2026-09-05 22:58:19,072 [INFO] Retrieved 50 discussions via portal session for applicant 25156187
2026-09-05 22:58:19,428 [INFO] Retrieved 1 Sales Center opportunities via portal for applicant 25156187
2026-09-05 22:58:19,801 [INFO] Retrieved 50 discussions via portal session for applicant 25721447
2026-09-05 22:58:20,143 [INFO] Retrieved 4 Sales Center opportunities via portal for applicant 25721447
2026-09-05 22:58:20,620 [INFO] Retrieved 50 discussions via portal session for applicant 26042781
2026-09-05 22:58:20,960 [INFO] Retrieved 2 Sales Center opportunities via portal for applicant 26042781
2026-09-05 22:58:21,384 [INFO] Retrieved 50 discussions via portal session for applicant 35209713
2026-09-05 22:58:21,733 [INFO] Retrieved 1 Sales Center opportunities via portal for applicant 35209713
2026-09-05 22:58:22,007 [INFO] Retrieved 50 discussions via portal session for applicant 54893172
2026-09-05 22:58:22,341 [INFO] Retrieved 7 Sales Center opportunities via portal for applicant 54893172
2026-09-05 22:58:22,634 [INFO] Retrieved 50 discussions via portal session for applicant 58768907
2026-09-05 22:58:22,970 [INFO] Retrieved 1 Sales Center opportunities via portal for applicant 58768907
2026-09-05 22:58:23,335 [INFO] Retrieved 50 discussions via portal session for applicant 58866127
2026-09-05 22:58:23,672 [INFO] Retrieved 1 Sales Center opportunities via portal for applicant 58866127
2026-09-05 22:58:23,918 [INFO] Retrieved 50 discussions via portal session for applicant 76858853
2026-09-05 22:58:24,266 [INFO] Retrieved 2 Sales Center opportunities via portal for applicant 76858853
2026-09-05 22:58:24,568 [INFO] Retrieved 50 discussions via portal session for applicant 79002334
2026-09-05 22:58:24,925 [INFO] Retrieved 1 Sales Center opportunities via portal for applicant 79002334
2026-09-05 22:58:25,177 [INFO] Retrieved 50 discussions via portal session for applicant 83571357
2026-09-05 22:58:25,989 [INFO] Retrieved 50 discussions via portal session for applicant 84705043
2026-09-05 22:58:26,341 [INFO] Retrieved 1 Sales Center opportunities via portal for applicant 84705043
2026-09-05 22:58:26,635 [INFO] Retrieved 50 discussions via portal session for applicant 95254866
2026-09-05 22:58:27,509 [INFO] Retrieved 50 discussions via portal session for applicant 99055770
2026-09-05 22:58:27,857 [INFO] Retrieved 1 Sales Center opportunities via portal for applicant 99055770
2026-09-05 22:58:28,132 [INFO] Retrieved 50 discussions via portal session for applicant 99340932
2026-09-05 22:58:28,471 [INFO] Retrieved 1 Sales Center opportunities via portal for applicant 99340932
{
  "applicants_scanned": 39,
  "applicant_ids": [
    "102351931",
    "143979332",
    "144897143",
    "145217363",
    "145834411",
    "148235525",
    "150751441",
    "151382204",
    "151445306",
    "157388228",
    "163863318",
    "173838508",
    "186333470",
    "193438339",
    "196126698",
    "196851140",
    "197389903",
    "197891661",
    "197895504",
    "198604342",
    "198908859",
    "199797602",
    "21587333",
    "21588091",
    "220250093",
    "25156187",
    "25721447",
    "26042781",
    "35209713",
    "54893172",
    "58768907",
    "58866127",
    "76858853",
    "79002334",
    "83571357",
    "84705043",
    "95254866",
    "99055770",
    "99340932"
  ],
  "dispatched": [],
  "errors": [],
  "dry_run": false
}
2026-09-05T22:58:28+00:00 finish robie call label watch rc=0
2026-09-05T23:03:01+00:00 start robie call label watch timeout=90s extra=
2026-09-05 23:03:02,955 [INFO] Retrieved 50 discussions via portal session for applicant 102351931
2026-09-05 23:03:03,495 [INFO] Successfully authenticated with Classic EZLynx API (EZToken issued).
2026-09-05 23:03:03,836 [INFO] Retrieved 1 Sales Center opportunities via portal for applicant 102351931
2026-09-05 23:03:04,075 [INFO] Retrieved 50 discussions via portal session for applicant 143979332
2026-09-05 23:03:04,816 [INFO] Retrieved 50 discussions via portal session for applicant 144897143
2026-09-05 23:03:05,170 [INFO] Retrieved 1 Sales Center opportunities via portal for applicant 144897143
2026-09-05 23:03:05,448 [INFO] Retrieved 50 discussions via portal session for applicant 145217363
2026-09-05 23:03:05,785 [INFO] Retrieved 1 Sales Center opportunities via portal for applicant 145217363
2026-09-05 23:03:06,041 [INFO] Retrieved 50 discussions via portal session for applicant 145834411
2026-09-05 23:03:06,371 [INFO] Retrieved 1 Sales Center opportunities via portal for applicant 145834411
2026-09-05 23:03:06,599 [INFO] Retrieved 50 discussions via portal session for applicant 148235525
2026-09-05 23:03:06,941 [INFO] Retrieved 2 Sales Center opportunities via portal for applicant 148235525
2026-09-05 23:03:07,203 [INFO] Retrieved 50 discussions via portal session for applicant 150751441
2026-09-05 23:03:07,536 [INFO] Retrieved 1 Sales Center opportunities via portal for applicant 150751441
2026-09-05 23:03:07,897 [INFO] Retrieved 50 discussions via portal session for applicant 151382204
2026-09-05 23:03:08,270 [INFO] Retrieved 1 Sales Center opportunities via portal for applicant 151382204
2026-09-05 23:03:08,563 [INFO] Retrieved 50 discussions via portal session for applicant 151445306
2026-09-05 23:03:08,899 [INFO] Retrieved 2 Sales Center opportunities via portal for applicant 151445306
2026-09-05 23:03:09,193 [INFO] Retrieved 50 discussions via portal session for applicant 157388228
2026-09-05 23:03:09,567 [INFO] Retrieved 1 Sales Center opportunities via portal for applicant 157388228
2026-09-05 23:03:09,916 [INFO] Retrieved 50 discussions via portal session for applicant 163863318
2026-09-05 23:03:10,246 [INFO] Retrieved 1 Sales Center opportunities via portal for applicant 163863318
2026-09-05 23:03:10,476 [INFO] Retrieved 50 discussions via portal session for applicant 173838508
2026-09-05 23:03:10,800 [INFO] Retrieved 1 Sales Center opportunities via portal for applicant 173838508
2026-09-05 23:03:11,069 [INFO] Retrieved 50 discussions via portal session for applicant 186333470
2026-09-05 23:03:11,389 [INFO] Retrieved 2 Sales Center opportunities via portal for applicant 186333470
2026-09-05 23:03:11,622 [INFO] Retrieved 50 discussions via portal session for applicant 193438339
2026-09-05 23:03:11,957 [INFO] Retrieved 1 Sales Center opportunities via portal for applicant 193438339
2026-09-05 23:03:12,203 [INFO] Retrieved 27 discussions via portal session for applicant 196126698
2026-09-05 23:03:12,524 [INFO] Retrieved 1 Sales Center opportunities via portal for applicant 196126698
2026-09-05 23:03:12,752 [INFO] Retrieved 50 discussions via portal session for applicant 196851140
2026-09-05 23:03:13,108 [INFO] Retrieved 1 Sales Center opportunities via portal for applicant 196851140
2026-09-05 23:03:13,331 [INFO] Retrieved 50 discussions via portal session for applicant 197389903
2026-09-05 23:03:13,662 [INFO] Retrieved 1 Sales Center opportunities via portal for applicant 197389903
2026-09-05 23:03:13,909 [INFO] Retrieved 50 discussions via portal session for applicant 197891661
2026-09-05 23:03:14,235 [INFO] Retrieved 1 Sales Center opportunities via portal for applicant 197891661
2026-09-05 23:03:14,544 [INFO] Retrieved 50 discussions via portal session for applicant 197895504
2026-09-05 23:03:14,889 [INFO] Retrieved 1 Sales Center opportunities via portal for applicant 197895504
2026-09-05 23:03:15,164 [INFO] Retrieved 50 discussions via portal session for applicant 198604342
2026-09-05 23:03:15,496 [INFO] Retrieved 2 Sales Center opportunities via portal for applicant 198604342
2026-09-05 23:03:15,773 [INFO] Retrieved 50 discussions via portal session for applicant 198908859
2026-09-05 23:03:16,105 [INFO] Retrieved 1 Sales Center opportunities via portal for applicant 198908859
2026-09-05 23:03:16,395 [INFO] Retrieved 50 discussions via portal session for applicant 199797602
2026-09-05 23:03:16,763 [INFO] Retrieved 1 Sales Center opportunities via portal for applicant 199797602
2026-09-05 23:03:17,075 [INFO] Retrieved 50 discussions via portal session for applicant 21587333
2026-09-05 23:03:17,404 [INFO] Retrieved 2 Sales Center opportunities via portal for applicant 21587333
2026-09-05 23:03:17,705 [INFO] Retrieved 50 discussions via portal session for applicant 21588091
2026-09-05 23:03:18,035 [INFO] Retrieved 1 Sales Center opportunities via portal for applicant 21588091
2026-09-05 23:03:18,301 [INFO] Retrieved 23 discussions via portal session for applicant 220250093
2026-09-05 23:03:18,645 [INFO] Retrieved 1 Sales Center opportunities via portal for applicant 220250093
2026-09-05 23:03:19,030 [INFO] Retrieved 50 discussions via portal session for applicant 25156187
2026-09-05 23:03:19,350 [INFO] Retrieved 1 Sales Center opportunities via portal for applicant 25156187
2026-09-05 23:03:19,673 [INFO] Retrieved 50 discussions via portal session for applicant 25721447
2026-09-05 23:03:20,038 [INFO] Retrieved 4 Sales Center opportunities via portal for applicant 25721447
2026-09-05 23:03:20,372 [INFO] Retrieved 50 discussions via portal session for applicant 26042781
2026-09-05 23:03:20,687 [INFO] Retrieved 2 Sales Center opportunities via portal for applicant 26042781
2026-09-05 23:03:21,020 [INFO] Retrieved 50 discussions via portal session for applicant 35209713
2026-09-05 23:03:21,338 [INFO] Retrieved 1 Sales Center opportunities via portal for applicant 35209713
2026-09-05 23:03:21,597 [INFO] Retrieved 50 discussions via portal session for applicant 54893172
2026-09-05 23:03:21,919 [INFO] Retrieved 7 Sales Center opportunities via portal for applicant 54893172
2026-09-05 23:03:22,210 [INFO] Retrieved 50 discussions via portal session for applicant 58768907
2026-09-05 23:03:22,538 [INFO] Retrieved 1 Sales Center opportunities via portal for applicant 58768907
2026-09-05 23:03:22,897 [INFO] Retrieved 50 discussions via portal session for applicant 58866127
2026-09-05 23:03:23,240 [INFO] Retrieved 1 Sales Center opportunities via portal for applicant 58866127
2026-09-05 23:03:23,480 [INFO] Retrieved 50 discussions via portal session for applicant 76858853
2026-09-05 23:03:23,808 [INFO] Retrieved 2 Sales Center opportunities via portal for applicant 76858853
2026-09-05 23:03:32,092 [INFO] Retrieved 50 discussions via portal session for applicant 79002334
2026-09-05 23:03:32,426 [INFO] Retrieved 1 Sales Center opportunities via portal for applicant 79002334
2026-09-05 23:03:37,868 [INFO] Retrieved 50 discussions via portal session for applicant 83571357
2026-09-05 23:03:38,618 [INFO] Retrieved 50 discussions via portal session for applicant 84705043
2026-09-05 23:03:38,940 [INFO] Retrieved 1 Sales Center opportunities via portal for applicant 84705043
2026-09-05 23:03:39,205 [INFO] Retrieved 50 discussions via portal session for applicant 95254866
2026-09-05 23:03:40,045 [INFO] Retrieved 50 discussions via portal session for applicant 99055770
2026-09-05 23:03:40,367 [INFO] Retrieved 1 Sales Center opportunities via portal for applicant 99055770
2026-09-05 23:03:40,636 [INFO] Retrieved 50 discussions via portal session for applicant 99340932
2026-09-05 23:03:40,957 [INFO] Retrieved 1 Sales Center opportunities via portal for applicant 99340932
{
  "applicants_scanned": 39,
  "applicant_ids": [
    "102351931",
    "143979332",
    "144897143",
    "145217363",
    "145834411",
    "148235525",
    "150751441",
    "151382204",
    "151445306",
    "157388228",
    "163863318",
    "173838508",
    "186333470",
    "193438339",
    "196126698",
    "196851140",
    "197389903",
    "197891661",
    "197895504",
    "198604342",
    "198908859",
    "199797602",
    "21587333",
    "21588091",
    "220250093",
    "25156187",
    "25721447",
    "26042781",
    "35209713",
    "54893172",
    "58768907",
    "58866127",
    "76858853",
    "79002334",
    "83571357",
    "84705043",
    "95254866",
    "99055770",
    "99340932"
  ],
  "dispatched": [],
  "errors": [],
  "dry_run": false
}
2026-09-05T23:03:41+00:00 finish robie call label watch rc=0
2026-09-05T23:08:01+00:00 start robie call label watch timeout=90s extra=
2026-09-05 23:08:02,402 [INFO] Retrieved 50 discussions via portal session for applicant 102351931
2026-09-05 23:08:02,917 [INFO] Successfully authenticated with Classic EZLynx API (EZToken issued).
2026-09-05 23:08:03,259 [INFO] Retrieved 1 Sales Center opportunities via portal for applicant 102351931
2026-09-05 23:08:03,506 [INFO] Retrieved 50 discussions via portal session for applicant 143979332
2026-09-05 23:08:04,300 [INFO] Retrieved 50 discussions via portal session for applicant 144897143
2026-09-05 23:08:04,618 [INFO] Retrieved 1 Sales Center opportunities via portal for applicant 144897143
2026-09-05 23:08:04,916 [INFO] Retrieved 50 discussions via portal session for applicant 145217363
2026-09-05 23:08:05,278 [INFO] Retrieved 1 Sales Center opportunities via portal for applicant 145217363
2026-09-05 23:08:05,511 [INFO] Retrieved 50 discussions via portal session for applicant 145834411
2026-09-05 23:08:05,939 [INFO] Retrieved 1 Sales Center opportunities via portal for applicant 145834411
2026-09-05 23:08:06,227 [INFO] Retrieved 50 discussions via portal session for applicant 148235525
2026-09-05 23:08:06,548 [INFO] Retrieved 2 Sales Center opportunities via portal for applicant 148235525
2026-09-05 23:08:06,835 [INFO] Retrieved 50 discussions via portal session for applicant 150751441
2026-09-05 23:08:07,244 [INFO] Retrieved 1 Sales Center opportunities via portal for applicant 150751441
2026-09-05 23:08:07,613 [INFO] Retrieved 50 discussions via portal session for applicant 151382204
2026-09-05 23:08:07,941 [INFO] Retrieved 1 Sales Center opportunities via portal for applicant 151382204
2026-09-05 23:08:08,253 [INFO] Retrieved 50 discussions via portal session for applicant 151445306
2026-09-05 23:08:08,602 [INFO] Retrieved 2 Sales Center opportunities via portal for applicant 151445306
2026-09-05 23:08:08,859 [INFO] Retrieved 50 discussions via portal session for applicant 157388228
2026-09-05 23:08:09,180 [INFO] Retrieved 1 Sales Center opportunities via portal for applicant 157388228
2026-09-05 23:08:09,570 [INFO] Retrieved 50 discussions via portal session for applicant 163863318
2026-09-05 23:08:09,913 [INFO] Retrieved 1 Sales Center opportunities via portal for applicant 163863318
2026-09-05 23:08:10,163 [INFO] Retrieved 50 discussions via portal session for applicant 173838508
2026-09-05 23:08:10,484 [INFO] Retrieved 1 Sales Center opportunities via portal for applicant 173838508
2026-09-05 23:08:10,738 [INFO] Retrieved 50 discussions via portal session for applicant 186333470
2026-09-05 23:08:11,078 [INFO] Retrieved 2 Sales Center opportunities via portal for applicant 186333470
2026-09-05 23:08:11,329 [INFO] Retrieved 50 discussions via portal session for applicant 193438339
2026-09-05 23:08:11,676 [INFO] Retrieved 1 Sales Center opportunities via portal for applicant 193438339
2026-09-05 23:08:11,980 [INFO] Retrieved 27 discussions via portal session for applicant 196126698
2026-09-05 23:08:12,314 [INFO] Retrieved 1 Sales Center opportunities via portal for applicant 196126698
2026-09-05 23:08:12,590 [INFO] Retrieved 50 discussions via portal session for applicant 196851140
2026-09-05 23:08:12,941 [INFO] Retrieved 1 Sales Center opportunities via portal for applicant 196851140
2026-09-05 23:08:13,221 [INFO] Retrieved 50 discussions via portal session for applicant 197389903
2026-09-05 23:08:13,598 [INFO] Retrieved 1 Sales Center opportunities via portal for applicant 197389903
2026-09-05 23:08:13,841 [INFO] Retrieved 50 discussions via portal session for applicant 197891661
2026-09-05 23:08:14,194 [INFO] Retrieved 1 Sales Center opportunities via portal for applicant 197891661
2026-09-05 23:08:14,501 [INFO] Retrieved 50 discussions via portal session for applicant 197895504
2026-09-05 23:08:14,825 [INFO] Retrieved 1 Sales Center opportunities via portal for applicant 197895504
2026-09-05 23:08:15,093 [INFO] Retrieved 50 discussions via portal session for applicant 198604342
2026-09-05 23:08:15,429 [INFO] Retrieved 2 Sales Center opportunities via portal for applicant 198604342
2026-09-05 23:08:15,714 [INFO] Retrieved 50 discussions via portal session for applicant 198908859
2026-09-05 23:08:16,044 [INFO] Retrieved 1 Sales Center opportunities via portal for applicant 198908859
2026-09-05 23:08:16,333 [INFO] Retrieved 50 discussions via portal session for applicant 199797602
2026-09-05 23:08:16,662 [INFO] Retrieved 1 Sales Center opportunities via portal for applicant 199797602
2026-09-05 23:08:16,943 [INFO] Retrieved 50 discussions via portal session for applicant 21587333
2026-09-05 23:08:17,266 [INFO] Retrieved 2 Sales Center opportunities via portal for applicant 21587333
2026-09-05 23:08:17,576 [INFO] Retrieved 50 discussions via portal session for applicant 21588091
2026-09-05 23:08:17,913 [INFO] Retrieved 1 Sales Center opportunities via portal for applicant 21588091
2026-09-05 23:08:18,169 [INFO] Retrieved 23 discussions via portal session for applicant 220250093
2026-09-05 23:08:18,493 [INFO] Retrieved 1 Sales Center opportunities via portal for applicant 220250093
2026-09-05 23:08:18,890 [INFO] Retrieved 50 discussions via portal session for applicant 25156187
2026-09-05 23:08:19,225 [INFO] Retrieved 1 Sales Center opportunities via portal for applicant 25156187
2026-09-05 23:08:19,558 [INFO] Retrieved 50 discussions via portal session for applicant 25721447
2026-09-05 23:08:19,901 [INFO] Retrieved 4 Sales Center opportunities via portal for applicant 25721447
2026-09-05 23:08:20,243 [INFO] Retrieved 50 discussions via portal session for applicant 26042781
2026-09-05 23:08:20,610 [INFO] Retrieved 2 Sales Center opportunities via portal for applicant 26042781
2026-09-05 23:08:20,938 [INFO] Retrieved 50 discussions via portal session for applicant 35209713
2026-09-05 23:08:21,276 [INFO] Retrieved 1 Sales Center opportunities via portal for applicant 35209713
2026-09-05 23:08:21,506 [INFO] Retrieved 50 discussions via portal session for applicant 54893172
2026-09-05 23:08:22,879 [INFO] Retrieved 7 Sales Center opportunities via portal for applicant 54893172
2026-09-05 23:08:23,125 [INFO] Retrieved 50 discussions via portal session for applicant 58768907
2026-09-05 23:08:34,651 [INFO] Retrieved 1 Sales Center opportunities via portal for applicant 58768907
2026-09-05 23:08:34,982 [INFO] Retrieved 50 discussions via portal session for applicant 58866127
2026-09-05 23:08:35,333 [INFO] Retrieved 1 Sales Center opportunities via portal for applicant 58866127
2026-09-05 23:08:35,562 [INFO] Retrieved 50 discussions via portal session for applicant 76858853
2026-09-05 23:08:38,005 [INFO] Retrieved 2 Sales Center opportunities via portal for applicant 76858853
2026-09-05 23:08:38,277 [INFO] Retrieved 50 discussions via portal session for applicant 79002334
2026-09-05 23:08:38,596 [INFO] Retrieved 1 Sales Center opportunities via portal for applicant 79002334
2026-09-05 23:08:38,883 [INFO] Retrieved 50 discussions via portal session for applicant 83571357
2026-09-05 23:08:39,614 [INFO] Retrieved 50 discussions via portal session for applicant 84705043
2026-09-05 23:08:39,935 [INFO] Retrieved 1 Sales Center opportunities via portal for applicant 84705043
2026-09-05 23:08:40,208 [INFO] Retrieved 50 discussions via portal session for applicant 95254866
2026-09-05 23:08:41,059 [INFO] Retrieved 50 discussions via portal session for applicant 99055770
2026-09-05 23:08:41,390 [INFO] Retrieved 1 Sales Center opportunities via portal for applicant 99055770
2026-09-05 23:08:41,665 [INFO] Retrieved 50 discussions via portal session for applicant 99340932
2026-09-05 23:08:42,032 [INFO] Retrieved 1 Sales Center opportunities via portal for applicant 99340932
{
  "applicants_scanned": 39,
  "applicant_ids": [
    "102351931",
    "143979332",
    "144897143",
    "145217363",
    "145834411",
    "148235525",
    "150751441",
    "151382204",
    "151445306",
    "157388228",
    "163863318",
    "173838508",
    "186333470",
    "193438339",
    "196126698",
    "196851140",
    "197389903",
    "197891661",
    "197895504",
    "198604342",
    "198908859",
    "199797602",
    "21587333",
    "21588091",
    "220250093",
    "25156187",
    "25721447",
    "26042781",
    "35209713",
    "54893172",
    "58768907",
    "58866127",
    "76858853",
    "79002334",
    "83571357",
    "84705043",
    "95254866",
    "99055770",
    "99340932"
  ],
  "dispatched": [],
  "errors": [],
  "dry_run": false
}
2026-09-05T23:08:42+00:00 finish robie call label watch rc=0
2026-09-05T23:13:01+00:00 start robie call label watch timeout=90s extra=
2026-09-05 23:13:02,694 [INFO] Retrieved 50 discussions via portal session for applicant 102351931
2026-09-05 23:13:03,238 [INFO] Successfully authenticated with Classic EZLynx API (EZToken issued).
2026-09-05 23:13:03,624 [INFO] Retrieved 1 Sales Center opportunities via portal for applicant 102351931
2026-09-05 23:13:03,899 [INFO] Retrieved 50 discussions via portal session for applicant 143979332
2026-09-05 23:13:04,749 [INFO] Retrieved 50 discussions via portal session for applicant 144897143
2026-09-05 23:13:05,112 [INFO] Retrieved 1 Sales Center opportunities via portal for applicant 144897143
2026-09-05 23:13:05,409 [INFO] Retrieved 50 discussions via portal session for applicant 145217363
2026-09-05 23:13:05,777 [INFO] Retrieved 1 Sales Center opportunities via portal for applicant 145217363
2026-09-05 23:13:06,054 [INFO] Retrieved 50 discussions via portal session for applicant 145834411
2026-09-05 23:13:06,405 [INFO] Retrieved 1 Sales Center opportunities via portal for applicant 145834411
2026-09-05 23:13:06,675 [INFO] Retrieved 50 discussions via portal session for applicant 148235525
2026-09-05 23:13:07,049 [INFO] Retrieved 2 Sales Center opportunities via portal for applicant 148235525
2026-09-05 23:13:07,414 [INFO] Retrieved 50 discussions via portal session for applicant 150751441
2026-09-05 23:13:07,758 [INFO] Retrieved 1 Sales Center opportunities via portal for applicant 150751441
2026-09-05 23:13:08,147 [INFO] Retrieved 50 discussions via portal session for applicant 151382204
2026-09-05 23:13:08,503 [INFO] Retrieved 1 Sales Center opportunities via portal for applicant 151382204
2026-09-05 23:13:08,822 [INFO] Retrieved 50 discussions via portal session for applicant 151445306
2026-09-05 23:13:09,153 [INFO] Retrieved 2 Sales Center opportunities via portal for applicant 151445306
2026-09-05 23:13:09,429 [INFO] Retrieved 50 discussions via portal session for applicant 157388228
2026-09-05 23:13:09,775 [INFO] Retrieved 1 Sales Center opportunities via portal for applicant 157388228
2026-09-05 23:13:10,149 [INFO] Retrieved 50 discussions via portal session for applicant 163863318
2026-09-05 23:13:10,512 [INFO] Retrieved 1 Sales Center opportunities via portal for applicant 163863318
2026-09-05 23:13:10,767 [INFO] Retrieved 50 discussions via portal session for applicant 173838508
2026-09-05 23:13:11,117 [INFO] Retrieved 1 Sales Center opportunities via portal for applicant 173838508
2026-09-05 23:13:11,383 [INFO] Retrieved 50 discussions via portal session for applicant 186333470
2026-09-05 23:13:11,719 [INFO] Retrieved 2 Sales Center opportunities via portal for applicant 186333470
2026-09-05 23:13:12,012 [INFO] Retrieved 50 discussions via portal session for applicant 193438339
2026-09-05 23:13:12,363 [INFO] Retrieved 1 Sales Center opportunities via portal for applicant 193438339
2026-09-05 23:13:12,625 [INFO] Retrieved 27 discussions via portal session for applicant 196126698
2026-09-05 23:13:12,965 [INFO] Retrieved 1 Sales Center opportunities via portal for applicant 196126698
2026-09-05 23:13:13,207 [INFO] Retrieved 50 discussions via portal session for applicant 196851140
2026-09-05 23:13:13,554 [INFO] Retrieved 1 Sales Center opportunities via portal for applicant 196851140
2026-09-05 23:13:13,805 [INFO] Retrieved 50 discussions via portal session for applicant 197389903
2026-09-05 23:13:14,140 [INFO] Retrieved 1 Sales Center opportunities via portal for applicant 197389903
2026-09-05 23:13:14,403 [INFO] Retrieved 50 discussions via portal session for applicant 197891661
2026-09-05 23:13:14,770 [INFO] Retrieved 1 Sales Center opportunities via portal for applicant 197891661
2026-09-05 23:13:15,069 [INFO] Retrieved 50 discussions via portal session for applicant 197895504
2026-09-05 23:13:15,432 [INFO] Retrieved 1 Sales Center opportunities via portal for applicant 197895504
2026-09-05 23:13:15,712 [INFO] Retrieved 50 discussions via portal session for applicant 198604342
2026-09-05 23:13:16,074 [INFO] Retrieved 2 Sales Center opportunities via portal for applicant 198604342
2026-09-05 23:13:16,365 [INFO] Retrieved 50 discussions via portal session for applicant 198908859
2026-09-05 23:13:16,699 [INFO] Retrieved 1 Sales Center opportunities via portal for applicant 198908859
2026-09-05 23:13:17,023 [INFO] Retrieved 50 discussions via portal session for applicant 199797602
2026-09-05 23:13:17,367 [INFO] Retrieved 1 Sales Center opportunities via portal for applicant 199797602
2026-09-05 23:13:17,683 [INFO] Retrieved 50 discussions via portal session for applicant 21587333
2026-09-05 23:13:18,045 [INFO] Retrieved 2 Sales Center opportunities via portal for applicant 21587333
2026-09-05 23:13:18,364 [INFO] Retrieved 50 discussions via portal session for applicant 21588091
2026-09-05 23:13:18,707 [INFO] Retrieved 1 Sales Center opportunities via portal for applicant 21588091
2026-09-05 23:13:18,945 [INFO] Retrieved 23 discussions via portal session for applicant 220250093
2026-09-05 23:13:19,276 [INFO] Retrieved 1 Sales Center opportunities via portal for applicant 220250093
2026-09-05 23:13:19,690 [INFO] Retrieved 50 discussions via portal session for applicant 25156187
2026-09-05 23:13:20,096 [INFO] Retrieved 1 Sales Center opportunities via portal for applicant 25156187
2026-09-05 23:13:20,462 [INFO] Retrieved 50 discussions via portal session for applicant 25721447
2026-09-05 23:13:20,843 [INFO] Retrieved 4 Sales Center opportunities via portal for applicant 25721447
2026-09-05 23:13:21,208 [INFO] Retrieved 50 discussions via portal session for applicant 26042781
2026-09-05 23:13:21,550 [INFO] Retrieved 2 Sales Center opportunities via portal for applicant 26042781
2026-09-05 23:13:21,914 [INFO] Retrieved 50 discussions via portal session for applicant 35209713
2026-09-05 23:13:22,236 [INFO] Retrieved 1 Sales Center opportunities via portal for applicant 35209713
2026-09-05 23:13:22,528 [INFO] Retrieved 50 discussions via portal session for applicant 54893172
2026-09-05 23:13:22,899 [INFO] Retrieved 7 Sales Center opportunities via portal for applicant 54893172
2026-09-05 23:13:23,169 [INFO] Retrieved 50 discussions via portal session for applicant 58768907
2026-09-05 23:13:23,520 [INFO] Retrieved 1 Sales Center opportunities via portal for applicant 58768907
2026-09-05 23:13:23,860 [INFO] Retrieved 50 discussions via portal session for applicant 58866127
2026-09-05 23:13:24,244 [INFO] Retrieved 1 Sales Center opportunities via portal for applicant 58866127
2026-09-05 23:13:24,483 [INFO] Retrieved 50 discussions via portal session for applicant 76858853
2026-09-05 23:13:24,847 [INFO] Retrieved 2 Sales Center opportunities via portal for applicant 76858853
2026-09-05 23:13:25,132 [INFO] Retrieved 50 discussions via portal session for applicant 79002334
2026-09-05 23:13:25,471 [INFO] Retrieved 1 Sales Center opportunities via portal for applicant 79002334
2026-09-05 23:13:25,787 [INFO] Retrieved 50 discussions via portal session for applicant 83571357
2026-09-05 23:13:26,607 [INFO] Retrieved 50 discussions via portal session for applicant 84705043
2026-09-05 23:13:34,123 [INFO] Retrieved 1 Sales Center opportunities via portal for applicant 84705043
2026-09-05 23:13:34,386 [INFO] Retrieved 50 discussions via portal session for applicant 95254866
2026-09-05 23:13:35,326 [INFO] Retrieved 50 discussions via portal session for applicant 99055770
2026-09-05 23:13:35,687 [INFO] Retrieved 1 Sales Center opportunities via portal for applicant 99055770
2026-09-05 23:13:35,954 [INFO] Retrieved 50 discussions via portal session for applicant 99340932
2026-09-05 23:13:36,287 [INFO] Retrieved 1 Sales Center opportunities via portal for applicant 99340932
{
  "applicants_scanned": 39,
  "applicant_ids": [
    "102351931",
    "143979332",
    "144897143",
    "145217363",
    "145834411",
    "148235525",
    "150751441",
    "151382204",
    "151445306",
    "157388228",
    "163863318",
    "173838508",
    "186333470",
    "193438339",
    "196126698",
    "196851140",
    "197389903",
    "197891661",
    "197895504",
    "198604342",
    "198908859",
    "199797602",
    "21587333",
    "21588091",
    "220250093",
    "25156187",
    "25721447",
    "26042781",
    "35209713",
    "54893172",
    "58768907",
    "58866127",
    "76858853",
    "79002334",
    "83571357",
    "84705043",
    "95254866",
    "99055770",
    "99340932"
  ],
  "dispatched": [],
  "errors": [],
  "dry_run": false
}
2026-09-05T23:13:36+00:00 finish robie call label watch rc=0
2026-09-05T23:18:01+00:00 start robie call label watch timeout=90s extra=
2026-09-05 23:18:02,938 [INFO] Retrieved 50 discussions via portal session for applicant 102351931
2026-09-05 23:18:03,478 [INFO] Successfully authenticated with Classic EZLynx API (EZToken issued).
2026-09-05 23:18:03,816 [INFO] Retrieved 1 Sales Center opportunities via portal for applicant 102351931
2026-09-05 23:18:04,086 [INFO] Retrieved 50 discussions via portal session for applicant 143979332
2026-09-05 23:18:04,848 [INFO] Retrieved 50 discussions via portal session for applicant 144897143
2026-09-05 23:18:05,190 [INFO] Retrieved 1 Sales Center opportunities via portal for applicant 144897143
2026-09-05 23:18:05,503 [INFO] Retrieved 50 discussions via portal session for applicant 145217363
2026-09-05 23:18:05,837 [INFO] Retrieved 1 Sales Center opportunities via portal for applicant 145217363
2026-09-05 23:18:06,105 [INFO] Retrieved 50 discussions via portal session for applicant 145834411
2026-09-05 23:18:06,487 [INFO] Retrieved 1 Sales Center opportunities via portal for applicant 145834411
2026-09-05 23:18:06,745 [INFO] Retrieved 50 discussions via portal session for applicant 148235525
2026-09-05 23:18:07,085 [INFO] Retrieved 2 Sales Center opportunities via portal for applicant 148235525
2026-09-05 23:18:07,404 [INFO] Retrieved 50 discussions via portal session for applicant 150751441
2026-09-05 23:18:07,749 [INFO] Retrieved 1 Sales Center opportunities via portal for applicant 150751441
2026-09-05 23:18:08,105 [INFO] Retrieved 50 discussions via portal session for applicant 151382204
2026-09-05 23:18:08,439 [INFO] Retrieved 1 Sales Center opportunities via portal for applicant 151382204
2026-09-05 23:18:08,795 [INFO] Retrieved 50 discussions via portal session for applicant 151445306
2026-09-05 23:18:09,139 [INFO] Retrieved 2 Sales Center opportunities via portal for applicant 151445306
2026-09-05 23:18:09,441 [INFO] Retrieved 50 discussions via portal session for applicant 157388228
2026-09-05 23:18:09,782 [INFO] Retrieved 1 Sales Center opportunities via portal for applicant 157388228
2026-09-05 23:18:10,123 [INFO] Retrieved 50 discussions via portal session for applicant 163863318
2026-09-05 23:18:10,446 [INFO] Retrieved 1 Sales Center opportunities via portal for applicant 163863318
2026-09-05 23:18:10,735 [INFO] Retrieved 50 discussions via portal session for applicant 173838508
2026-09-05 23:18:11,083 [INFO] Retrieved 1 Sales Center opportunities via portal for applicant 173838508
2026-09-05 23:18:11,339 [INFO] Retrieved 50 discussions via portal session for applicant 186333470
2026-09-05 23:18:11,706 [INFO] Retrieved 2 Sales Center opportunities via portal for applicant 186333470
2026-09-05 23:18:11,980 [INFO] Retrieved 50 discussions via portal session for applicant 193438339
2026-09-05 23:18:12,351 [INFO] Retrieved 1 Sales Center opportunities via portal for applicant 193438339
2026-09-05 23:18:12,652 [INFO] Retrieved 27 discussions via portal session for applicant 196126698
2026-09-05 23:18:13,007 [INFO] Retrieved 1 Sales Center opportunities via portal for applicant 196126698
2026-09-05 23:18:13,237 [INFO] Retrieved 50 discussions via portal session for applicant 196851140
2026-09-05 23:18:13,572 [INFO] Retrieved 1 Sales Center opportunities via portal for applicant 196851140
2026-09-05 23:18:13,802 [INFO] Retrieved 50 discussions via portal session for applicant 197389903
2026-09-05 23:18:14,148 [INFO] Retrieved 1 Sales Center opportunities via portal for applicant 197389903
2026-09-05 23:18:14,413 [INFO] Retrieved 50 discussions via portal session for applicant 197891661
2026-09-05 23:18:14,788 [INFO] Retrieved 1 Sales Center opportunities via portal for applicant 197891661
2026-09-05 23:18:15,118 [INFO] Retrieved 50 discussions via portal session for applicant 197895504
2026-09-05 23:18:15,464 [INFO] Retrieved 1 Sales Center opportunities via portal for applicant 197895504
2026-09-05 23:18:15,708 [INFO] Retrieved 50 discussions via portal session for applicant 198604342
2026-09-05 23:18:16,048 [INFO] Retrieved 2 Sales Center opportunities via portal for applicant 198604342
2026-09-05 23:18:16,327 [INFO] Retrieved 50 discussions via portal session for applicant 198908859
2026-09-05 23:18:16,656 [INFO] Retrieved 1 Sales Center opportunities via portal for applicant 198908859
2026-09-05 23:18:16,977 [INFO] Retrieved 50 discussions via portal session for applicant 199797602
2026-09-05 23:18:17,331 [INFO] Retrieved 1 Sales Center opportunities via portal for applicant 199797602
2026-09-05 23:18:17,644 [INFO] Retrieved 50 discussions via portal session for applicant 21587333
2026-09-05 23:18:17,978 [INFO] Retrieved 2 Sales Center opportunities via portal for applicant 21587333
2026-09-05 23:18:18,288 [INFO] Retrieved 50 discussions via portal session for applicant 21588091
2026-09-05 23:18:18,621 [INFO] Retrieved 1 Sales Center opportunities via portal for applicant 21588091
2026-09-05 23:18:18,868 [INFO] Retrieved 23 discussions via portal session for applicant 220250093
2026-09-05 23:18:19,203 [INFO] Retrieved 1 Sales Center opportunities via portal for applicant 220250093
2026-09-05 23:18:19,624 [INFO] Retrieved 50 discussions via portal session for applicant 25156187
2026-09-05 23:18:19,999 [INFO] Retrieved 1 Sales Center opportunities via portal for applicant 25156187
2026-09-05 23:18:20,325 [INFO] Retrieved 50 discussions via portal session for applicant 25721447
2026-09-05 23:18:20,645 [INFO] Retrieved 4 Sales Center opportunities via portal for applicant 25721447
2026-09-05 23:18:20,968 [INFO] Retrieved 50 discussions via portal session for applicant 26042781
2026-09-05 23:18:21,309 [INFO] Retrieved 2 Sales Center opportunities via portal for applicant 26042781
2026-09-05 23:18:21,630 [INFO] Retrieved 50 discussions via portal session for applicant 35209713
2026-09-05 23:18:21,965 [INFO] Retrieved 1 Sales Center opportunities via portal for applicant 35209713
2026-09-05 23:18:22,242 [INFO] Retrieved 50 discussions via portal session for applicant 54893172
2026-09-05 23:18:22,574 [INFO] Retrieved 7 Sales Center opportunities via portal for applicant 54893172
2026-09-05 23:18:22,840 [INFO] Retrieved 50 discussions via portal session for applicant 58768907
2026-09-05 23:18:23,170 [INFO] Retrieved 1 Sales Center opportunities via portal for applicant 58768907
2026-09-05 23:18:23,524 [INFO] Retrieved 50 discussions via portal session for applicant 58866127
2026-09-05 23:18:23,886 [INFO] Retrieved 1 Sales Center opportunities via portal for applicant 58866127
2026-09-05 23:18:24,136 [INFO] Retrieved 50 discussions via portal session for applicant 76858853
2026-09-05 23:18:24,486 [INFO] Retrieved 2 Sales Center opportunities via portal for applicant 76858853
2026-09-05 23:18:24,782 [INFO] Retrieved 50 discussions via portal session for applicant 79002334
2026-09-05 23:18:25,124 [INFO] Retrieved 1 Sales Center opportunities via portal for applicant 79002334
2026-09-05 23:18:25,396 [INFO] Retrieved 50 discussions via portal session for applicant 83571357
2026-09-05 23:18:26,183 [INFO] Retrieved 50 discussions via portal session for applicant 84705043
2026-09-05 23:18:26,583 [INFO] Retrieved 1 Sales Center opportunities via portal for applicant 84705043
2026-09-05 23:18:26,822 [INFO] Retrieved 50 discussions via portal session for applicant 95254866
2026-09-05 23:18:27,710 [INFO] Retrieved 50 discussions via portal session for applicant 99055770
2026-09-05 23:18:28,049 [INFO] Retrieved 1 Sales Center opportunities via portal for applicant 99055770
2026-09-05 23:18:28,319 [INFO] Retrieved 50 discussions via portal session for applicant 99340932
2026-09-05 23:18:32,836 [INFO] Retrieved 1 Sales Center opportunities via portal for applicant 99340932
{
  "applicants_scanned": 39,
  "applicant_ids": [
    "102351931",
    "143979332",
    "144897143",
    "145217363",
    "145834411",
    "148235525",
    "150751441",
    "151382204",
    "151445306",
    "157388228",
    "163863318",
    "173838508",
    "186333470",
    "193438339",
    "196126698",
    "196851140",
    "197389903",
    "197891661",
    "197895504",
    "198604342",
    "198908859",
    "199797602",
    "21587333",
    "21588091",
    "220250093",
    "25156187",
    "25721447",
    "26042781",
    "35209713",
    "54893172",
    "58768907",
    "58866127",
    "76858853",
    "79002334",
    "83571357",
    "84705043",
    "95254866",
    "99055770",
    "99340932"
  ],
  "dispatched": [],
  "errors": [],
  "dry_run": false
}
2026-09-05T23:18:33+00:00 finish robie call label watch rc=0
2026-09-05T23:23:01+00:00 start robie call label watch timeout=90s extra=
2026-09-05 23:23:02,455 [INFO] Retrieved 50 discussions via portal session for applicant 102351931
2026-09-05 23:23:02,965 [INFO] Successfully authenticated with Classic EZLynx API (EZToken issued).
2026-09-05 23:23:03,351 [INFO] Retrieved 1 Sales Center opportunities via portal for applicant 102351931
2026-09-05 23:23:03,609 [INFO] Retrieved 50 discussions via portal session for applicant 143979332
2026-09-05 23:23:04,410 [INFO] Retrieved 50 discussions via portal session for applicant 144897143
2026-09-05 23:23:04,745 [INFO] Retrieved 1 Sales Center opportunities via portal for applicant 144897143
2026-09-05 23:23:05,030 [INFO] Retrieved 50 discussions via portal session for applicant 145217363
2026-09-05 23:23:05,365 [INFO] Retrieved 1 Sales Center opportunities via portal for applicant 145217363
2026-09-05 23:23:05,658 [INFO] Retrieved 50 discussions via portal session for applicant 145834411
2026-09-05 23:23:06,011 [INFO] Retrieved 1 Sales Center opportunities via portal for applicant 145834411
2026-09-05 23:23:06,298 [INFO] Retrieved 50 discussions via portal session for applicant 148235525
2026-09-05 23:23:06,635 [INFO] Retrieved 2 Sales Center opportunities via portal for applicant 148235525
2026-09-05 23:23:06,930 [INFO] Retrieved 50 discussions via portal session for applicant 150751441
2026-09-05 23:23:07,267 [INFO] Retrieved 1 Sales Center opportunities via portal for applicant 150751441
2026-09-05 23:23:07,641 [INFO] Retrieved 50 discussions via portal session for applicant 151382204
2026-09-05 23:23:07,991 [INFO] Retrieved 1 Sales Center opportunities via portal for applicant 151382204
2026-09-05 23:23:08,288 [INFO] Retrieved 50 discussions via portal session for applicant 151445306
2026-09-05 23:23:08,604 [INFO] Retrieved 2 Sales Center opportunities via portal for applicant 151445306
2026-09-05 23:23:08,935 [INFO] Retrieved 50 discussions via portal session for applicant 157388228
2026-09-05 23:23:09,283 [INFO] Retrieved 1 Sales Center opportunities via portal for applicant 157388228
2026-09-05 23:23:09,679 [INFO] Retrieved 50 discussions via portal session for applicant 163863318
2026-09-05 23:23:10,053 [INFO] Retrieved 1 Sales Center opportunities via portal for applicant 163863318
2026-09-05 23:23:10,286 [INFO] Retrieved 50 discussions via portal session for applicant 173838508
2026-09-05 23:23:10,608 [INFO] Retrieved 1 Sales Center opportunities via portal for applicant 173838508
2026-09-05 23:23:10,855 [INFO] Retrieved 50 discussions via portal session for applicant 186333470
2026-09-05 23:23:11,183 [INFO] Retrieved 2 Sales Center opportunities via portal for applicant 186333470
2026-09-05 23:23:11,435 [INFO] Retrieved 50 discussions via portal session for applicant 193438339
2026-09-05 23:23:11,775 [INFO] Retrieved 1 Sales Center opportunities via portal for applicant 193438339
2026-09-05 23:23:12,060 [INFO] Retrieved 27 discussions via portal session for applicant 196126698
2026-09-05 23:23:12,404 [INFO] Retrieved 1 Sales Center opportunities via portal for applicant 196126698
2026-09-05 23:23:12,681 [INFO] Retrieved 50 discussions via portal session for applicant 196851140
2026-09-05 23:23:13,033 [INFO] Retrieved 1 Sales Center opportunities via portal for applicant 196851140
2026-09-05 23:23:13,338 [INFO] Retrieved 50 discussions via portal session for applicant 197389903
2026-09-05 23:23:13,718 [INFO] Retrieved 1 Sales Center opportunities via portal for applicant 197389903
2026-09-05 23:23:13,989 [INFO] Retrieved 50 discussions via portal session for applicant 197891661
2026-09-05 23:23:14,333 [INFO] Retrieved 1 Sales Center opportunities via portal for applicant 197891661
2026-09-05 23:23:14,650 [INFO] Retrieved 50 discussions via portal session for applicant 197895504
2026-09-05 23:23:14,993 [INFO] Retrieved 1 Sales Center opportunities via portal for applicant 197895504
2026-09-05 23:23:15,306 [INFO] Retrieved 50 discussions via portal session for applicant 198604342
2026-09-05 23:23:15,672 [INFO] Retrieved 2 Sales Center opportunities via portal for applicant 198604342
2026-09-05 23:23:15,979 [INFO] Retrieved 50 discussions via portal session for applicant 198908859
2026-09-05 23:23:16,291 [INFO] Retrieved 1 Sales Center opportunities via portal for applicant 198908859
2026-09-05 23:23:16,621 [INFO] Retrieved 50 discussions via portal session for applicant 199797602
2026-09-05 23:23:17,010 [INFO] Retrieved 1 Sales Center opportunities via portal for applicant 199797602
2026-09-05 23:23:17,369 [INFO] Retrieved 50 discussions via portal session for applicant 21587333
2026-09-05 23:23:17,747 [INFO] Retrieved 2 Sales Center opportunities via portal for applicant 21587333
2026-09-05 23:23:18,110 [INFO] Retrieved 50 discussions via portal session for applicant 21588091
2026-09-05 23:23:18,461 [INFO] Retrieved 1 Sales Center opportunities via portal for applicant 21588091
2026-09-05 23:23:18,738 [INFO] Retrieved 23 discussions via portal session for applicant 220250093
2026-09-05 23:23:19,080 [INFO] Retrieved 1 Sales Center opportunities via portal for applicant 220250093
2026-09-05 23:23:19,500 [INFO] Retrieved 50 discussions via portal session for applicant 25156187
2026-09-05 23:23:19,869 [INFO] Retrieved 1 Sales Center opportunities via portal for applicant 25156187
2026-09-05 23:23:20,278 [INFO] Retrieved 50 discussions via portal session for applicant 25721447
2026-09-05 23:23:20,700 [INFO] Retrieved 4 Sales Center opportunities via portal for applicant 25721447
2026-09-05 23:23:21,153 [INFO] Retrieved 50 discussions via portal session for applicant 26042781
2026-09-05 23:23:21,572 [INFO] Retrieved 2 Sales Center opportunities via portal for applicant 26042781
2026-09-05 23:23:22,011 [INFO] Retrieved 50 discussions via portal session for applicant 35209713
2026-09-05 23:23:22,405 [INFO] Retrieved 1 Sales Center opportunities via portal for applicant 35209713
2026-09-05 23:23:22,677 [INFO] Retrieved 50 discussions via portal session for applicant 54893172
2026-09-05 23:23:23,146 [INFO] Retrieved 7 Sales Center opportunities via portal for applicant 54893172
2026-09-05 23:23:23,526 [INFO] Retrieved 50 discussions via portal session for applicant 58768907
2026-09-05 23:23:23,947 [INFO] Retrieved 1 Sales Center opportunities via portal for applicant 58768907
2026-09-05 23:23:24,327 [INFO] Retrieved 50 discussions via portal session for applicant 58866127
2026-09-05 23:23:24,745 [INFO] Retrieved 1 Sales Center opportunities via portal for applicant 58866127
2026-09-05 23:23:25,080 [INFO] Retrieved 50 discussions via portal session for applicant 76858853
2026-09-05 23:23:25,475 [INFO] Retrieved 2 Sales Center opportunities via portal for applicant 76858853
2026-09-05 23:23:25,832 [INFO] Retrieved 50 discussions via portal session for applicant 79002334
2026-09-05 23:23:26,239 [INFO] Retrieved 1 Sales Center opportunities via portal for applicant 79002334
2026-09-05 23:23:26,846 [INFO] Retrieved 50 discussions via portal session for applicant 83571357
2026-09-05 23:23:27,748 [INFO] Retrieved 50 discussions via portal session for applicant 84705043
2026-09-05 23:23:28,142 [INFO] Retrieved 1 Sales Center opportunities via portal for applicant 84705043
2026-09-05 23:23:28,490 [INFO] Retrieved 50 discussions via portal session for applicant 95254866
2026-09-05 23:23:37,672 [INFO] Retrieved 50 discussions via portal session for applicant 99055770
2026-09-05 23:23:38,075 [INFO] Retrieved 1 Sales Center opportunities via portal for applicant 99055770
2026-09-05 23:23:38,393 [INFO] Retrieved 50 discussions via portal session for applicant 99340932
2026-09-05 23:23:38,772 [INFO] Retrieved 1 Sales Center opportunities via portal for applicant 99340932
{
  "applicants_scanned": 39,
  "applicant_ids": [
    "102351931",
    "143979332",
    "144897143",
    "145217363",
    "145834411",
    "148235525",
    "150751441",
    "151382204",
    "151445306",
    "157388228",
    "163863318",
    "173838508",
    "186333470",
    "193438339",
    "196126698",
    "196851140",
    "197389903",
    "197891661",
    "197895504",
    "198604342",
    "198908859",
    "199797602",
    "21587333",
    "21588091",
    "220250093",
    "25156187",
    "25721447",
    "26042781",
    "35209713",
    "54893172",
    "58768907",
    "58866127",
    "76858853",
    "79002334",
    "83571357",
    "84705043",
    "95254866",
    "99055770",
    "99340932"
  ],
  "dispatched": [],
  "errors": [],
  "dry_run": false
}
2026-09-05T23:23:39+00:00 finish robie call label watch rc=0
2026-09-05T23:28:01+00:00 start robie call label watch timeout=90s extra=
2026-09-05 23:28:02,309 [INFO] Retrieved 50 discussions via portal session for applicant 102351931
2026-09-05 23:28:02,842 [INFO] Successfully authenticated with Classic EZLynx API (EZToken issued).
2026-09-05 23:28:03,220 [INFO] Retrieved 1 Sales Center opportunities via portal for applicant 102351931
2026-09-05 23:28:03,505 [INFO] Retrieved 50 discussions via portal session for applicant 143979332
2026-09-05 23:28:04,310 [INFO] Retrieved 50 discussions via portal session for applicant 144897143
2026-09-05 23:28:04,659 [INFO] Retrieved 1 Sales Center opportunities via portal for applicant 144897143
2026-09-05 23:28:04,935 [INFO] Retrieved 50 discussions via portal session for applicant 145217363
2026-09-05 23:28:05,260 [INFO] Retrieved 1 Sales Center opportunities via portal for applicant 145217363
2026-09-05 23:28:05,493 [INFO] Retrieved 50 discussions via portal session for applicant 145834411
2026-09-05 23:28:05,837 [INFO] Retrieved 1 Sales Center opportunities via portal for applicant 145834411
2026-09-05 23:28:06,130 [INFO] Retrieved 50 discussions via portal session for applicant 148235525
2026-09-05 23:28:06,452 [INFO] Retrieved 2 Sales Center opportunities via portal for applicant 148235525
2026-09-05 23:28:06,772 [INFO] Retrieved 50 discussions via portal session for applicant 150751441
2026-09-05 23:28:07,135 [INFO] Retrieved 1 Sales Center opportunities via portal for applicant 150751441
2026-09-05 23:28:07,466 [INFO] Retrieved 50 discussions via portal session for applicant 151382204
2026-09-05 23:28:07,786 [INFO] Retrieved 1 Sales Center opportunities via portal for applicant 151382204
2026-09-05 23:28:08,077 [INFO] Retrieved 50 discussions via portal session for applicant 151445306
2026-09-05 23:28:08,419 [INFO] Retrieved 2 Sales Center opportunities via portal for applicant 151445306
2026-09-05 23:28:08,682 [INFO] Retrieved 50 discussions via portal session for applicant 157388228
2026-09-05 23:28:09,013 [INFO] Retrieved 1 Sales Center opportunities via portal for applicant 157388228
2026-09-05 23:28:09,342 [INFO] Retrieved 50 discussions via portal session for applicant 163863318
2026-09-05 23:28:09,691 [INFO] Retrieved 1 Sales Center opportunities via portal for applicant 163863318
2026-09-05 23:28:10,211 [INFO] Retrieved 50 discussions via portal session for applicant 173838508
2026-09-05 23:28:10,599 [INFO] Retrieved 1 Sales Center opportunities via portal for applicant 173838508
2026-09-05 23:28:10,890 [INFO] Retrieved 50 discussions via portal session for applicant 186333470
2026-09-05 23:28:11,224 [INFO] Retrieved 2 Sales Center opportunities via portal for applicant 186333470
2026-09-05 23:28:11,541 [INFO] Retrieved 50 discussions via portal session for applicant 193438339
2026-09-05 23:28:11,904 [INFO] Retrieved 1 Sales Center opportunities via portal for applicant 193438339
2026-09-05 23:28:12,175 [INFO] Retrieved 27 discussions via portal session for applicant 196126698
2026-09-05 23:28:12,524 [INFO] Retrieved 1 Sales Center opportunities via portal for applicant 196126698
2026-09-05 23:28:12,765 [INFO] Retrieved 50 discussions via portal session for applicant 196851140
2026-09-05 23:28:13,095 [INFO] Retrieved 1 Sales Center opportunities via portal for applicant 196851140
2026-09-05 23:28:13,355 [INFO] Retrieved 50 discussions via portal session for applicant 197389903
2026-09-05 23:28:13,683 [INFO] Retrieved 1 Sales Center opportunities via portal for applicant 197389903
2026-09-05 23:28:13,940 [INFO] Retrieved 50 discussions via portal session for applicant 197891661
2026-09-05 23:28:14,266 [INFO] Retrieved 1 Sales Center opportunities via portal for applicant 197891661
2026-09-05 23:28:14,608 [INFO] Retrieved 50 discussions via portal session for applicant 197895504
2026-09-05 23:28:14,959 [INFO] Retrieved 1 Sales Center opportunities via portal for applicant 197895504
2026-09-05 23:28:15,209 [INFO] Retrieved 50 discussions via portal session for applicant 198604342
2026-09-05 23:28:15,535 [INFO] Retrieved 2 Sales Center opportunities via portal for applicant 198604342
2026-09-05 23:28:15,817 [INFO] Retrieved 50 discussions via portal session for applicant 198908859
2026-09-05 23:28:16,149 [INFO] Retrieved 1 Sales Center opportunities via portal for applicant 198908859
2026-09-05 23:28:16,455 [INFO] Retrieved 50 discussions via portal session for applicant 199797602
2026-09-05 23:28:16,793 [INFO] Retrieved 1 Sales Center opportunities via portal for applicant 199797602
2026-09-05 23:28:17,129 [INFO] Retrieved 50 discussions via portal session for applicant 21587333
2026-09-05 23:28:17,470 [INFO] Retrieved 2 Sales Center opportunities via portal for applicant 21587333
2026-09-05 23:28:17,753 [INFO] Retrieved 50 discussions via portal session for applicant 21588091
2026-09-05 23:28:18,112 [INFO] Retrieved 1 Sales Center opportunities via portal for applicant 21588091
2026-09-05 23:28:18,372 [INFO] Retrieved 23 discussions via portal session for applicant 220250093
2026-09-05 23:28:18,708 [INFO] Retrieved 1 Sales Center opportunities via portal for applicant 220250093
2026-09-05 23:28:19,124 [INFO] Retrieved 50 discussions via portal session for applicant 25156187
2026-09-05 23:28:19,436 [INFO] Retrieved 1 Sales Center opportunities via portal for applicant 25156187
2026-09-05 23:28:19,785 [INFO] Retrieved 50 discussions via portal session for applicant 25721447
2026-09-05 23:28:20,131 [INFO] Retrieved 4 Sales Center opportunities via portal for applicant 25721447
2026-09-05 23:28:20,483 [INFO] Retrieved 50 discussions via portal session for applicant 26042781
2026-09-05 23:28:20,835 [INFO] Retrieved 2 Sales Center opportunities via portal for applicant 26042781
2026-09-05 23:28:21,194 [INFO] Retrieved 50 discussions via portal session for applicant 35209713
2026-09-05 23:28:21,533 [INFO] Retrieved 1 Sales Center opportunities via portal for applicant 35209713
2026-09-05 23:28:21,792 [INFO] Retrieved 50 discussions via portal session for applicant 54893172
2026-09-05 23:28:22,133 [INFO] Retrieved 7 Sales Center opportunities via portal for applicant 54893172
2026-09-05 23:28:22,398 [INFO] Retrieved 50 discussions via portal session for applicant 58768907
2026-09-05 23:28:22,727 [INFO] Retrieved 1 Sales Center opportunities via portal for applicant 58768907
2026-09-05 23:28:23,098 [INFO] Retrieved 50 discussions via portal session for applicant 58866127
2026-09-05 23:28:23,454 [INFO] Retrieved 1 Sales Center opportunities via portal for applicant 58866127
2026-09-05 23:28:23,739 [INFO] Retrieved 50 discussions via portal session for applicant 76858853
2026-09-05 23:28:24,088 [INFO] Retrieved 2 Sales Center opportunities via portal for applicant 76858853
2026-09-05 23:28:24,337 [INFO] Retrieved 50 discussions via portal session for applicant 79002334
2026-09-05 23:28:24,670 [INFO] Retrieved 1 Sales Center opportunities via portal for applicant 79002334
2026-09-05 23:28:24,921 [INFO] Retrieved 50 discussions via portal session for applicant 83571357
2026-09-05 23:28:25,704 [INFO] Retrieved 50 discussions via portal session for applicant 84705043
2026-09-05 23:28:26,028 [INFO] Retrieved 1 Sales Center opportunities via portal for applicant 84705043
2026-09-05 23:28:26,270 [INFO] Retrieved 50 discussions via portal session for applicant 95254866
2026-09-05 23:28:27,193 [INFO] Retrieved 50 discussions via portal session for applicant 99055770
2026-09-05 23:28:27,533 [INFO] Retrieved 1 Sales Center opportunities via portal for applicant 99055770
2026-09-05 23:28:27,795 [INFO] Retrieved 50 discussions via portal session for applicant 99340932
2026-09-05 23:28:28,117 [INFO] Retrieved 1 Sales Center opportunities via portal for applicant 99340932
{
  "applicants_scanned": 39,
  "applicant_ids": [
    "102351931",
    "143979332",
    "144897143",
    "145217363",
    "145834411",
    "148235525",
    "150751441",
    "151382204",
    "151445306",
    "157388228",
    "163863318",
    "173838508",
    "186333470",
    "193438339",
    "196126698",
    "196851140",
    "197389903",
    "197891661",
    "197895504",
    "198604342",
    "198908859",
    "199797602",
    "21587333",
    "21588091",
    "220250093",
    "25156187",
    "25721447",
    "26042781",
    "35209713",
    "54893172",
    "58768907",
    "58866127",
    "76858853",
    "79002334",
    "83571357",
    "84705043",
    "95254866",
    "99055770",
    "99340932"
  ],
  "dispatched": [],
  "errors": [],
  "dry_run": false
}
2026-09-05T23:28:28+00:00 finish robie call label watch rc=0
2026-09-05T23:33:01+00:00 start robie call label watch timeout=90s extra=
2026-09-05 23:33:02,814 [INFO] Retrieved 50 discussions via portal session for applicant 102351931
2026-09-05 23:33:03,338 [INFO] Successfully authenticated with Classic EZLynx API (EZToken issued).
2026-09-05 23:33:03,718 [INFO] Retrieved 1 Sales Center opportunities via portal for applicant 102351931
2026-09-05 23:33:04,010 [INFO] Retrieved 50 discussions via portal session for applicant 143979332
2026-09-05 23:33:04,801 [INFO] Retrieved 50 discussions via portal session for applicant 144897143
2026-09-05 23:33:05,152 [INFO] Retrieved 1 Sales Center opportunities via portal for applicant 144897143
2026-09-05 23:33:05,434 [INFO] Retrieved 50 discussions via portal session for applicant 145217363
2026-09-05 23:33:05,748 [INFO] Retrieved 1 Sales Center opportunities via portal for applicant 145217363
2026-09-05 23:33:05,987 [INFO] Retrieved 50 discussions via portal session for applicant 145834411
2026-09-05 23:33:06,301 [INFO] Retrieved 1 Sales Center opportunities via portal for applicant 145834411
2026-09-05 23:33:06,555 [INFO] Retrieved 50 discussions via portal session for applicant 148235525
2026-09-05 23:33:06,876 [INFO] Retrieved 2 Sales Center opportunities via portal for applicant 148235525
2026-09-05 23:33:07,167 [INFO] Retrieved 50 discussions via portal session for applicant 150751441
2026-09-05 23:33:07,492 [INFO] Retrieved 1 Sales Center opportunities via portal for applicant 150751441
2026-09-05 23:33:07,817 [INFO] Retrieved 50 discussions via portal session for applicant 151382204
2026-09-05 23:33:08,148 [INFO] Retrieved 1 Sales Center opportunities via portal for applicant 151382204
2026-09-05 23:33:08,434 [INFO] Retrieved 50 discussions via portal session for applicant 151445306
2026-09-05 23:33:08,751 [INFO] Retrieved 2 Sales Center opportunities via portal for applicant 151445306
2026-09-05 23:33:09,073 [INFO] Retrieved 50 discussions via portal session for applicant 157388228
2026-09-05 23:33:09,413 [INFO] Retrieved 1 Sales Center opportunities via portal for applicant 157388228
2026-09-05 23:33:09,785 [INFO] Retrieved 50 discussions via portal session for applicant 163863318
2026-09-05 23:33:10,110 [INFO] Retrieved 1 Sales Center opportunities via portal for applicant 163863318
2026-09-05 23:33:10,375 [INFO] Retrieved 50 discussions via portal session for applicant 173838508
2026-09-05 23:33:10,706 [INFO] Retrieved 1 Sales Center opportunities via portal for applicant 173838508
2026-09-05 23:33:10,936 [INFO] Retrieved 50 discussions via portal session for applicant 186333470
2026-09-05 23:33:11,260 [INFO] Retrieved 2 Sales Center opportunities via portal for applicant 186333470
2026-09-05 23:33:11,500 [INFO] Retrieved 50 discussions via portal session for applicant 193438339
2026-09-05 23:33:11,813 [INFO] Retrieved 1 Sales Center opportunities via portal for applicant 193438339
2026-09-05 23:33:12,073 [INFO] Retrieved 27 discussions via portal session for applicant 196126698
2026-09-05 23:33:12,411 [INFO] Retrieved 1 Sales Center opportunities via portal for applicant 196126698
2026-09-05 23:33:12,640 [INFO] Retrieved 50 discussions via portal session for applicant 196851140
2026-09-05 23:33:12,964 [INFO] Retrieved 1 Sales Center opportunities via portal for applicant 196851140
2026-09-05 23:33:13,221 [INFO] Retrieved 50 discussions via portal session for applicant 197389903
2026-09-05 23:33:13,570 [INFO] Retrieved 1 Sales Center opportunities via portal for applicant 197389903
2026-09-05 23:33:13,796 [INFO] Retrieved 50 discussions via portal session for applicant 197891661
2026-09-05 23:33:14,131 [INFO] Retrieved 1 Sales Center opportunities via portal for applicant 197891661
2026-09-05 23:33:14,443 [INFO] Retrieved 50 discussions via portal session for applicant 197895504
2026-09-05 23:33:14,771 [INFO] Retrieved 1 Sales Center opportunities via portal for applicant 197895504
2026-09-05 23:33:15,002 [INFO] Retrieved 50 discussions via portal session for applicant 198604342
2026-09-05 23:33:15,333 [INFO] Retrieved 2 Sales Center opportunities via portal for applicant 198604342
2026-09-05 23:33:15,613 [INFO] Retrieved 50 discussions via portal session for applicant 198908859
2026-09-05 23:33:15,941 [INFO] Retrieved 1 Sales Center opportunities via portal for applicant 198908859
2026-09-05 23:33:16,250 [INFO] Retrieved 50 discussions via portal session for applicant 199797602
2026-09-05 23:33:16,566 [INFO] Retrieved 1 Sales Center opportunities via portal for applicant 199797602
2026-09-05 23:33:16,850 [INFO] Retrieved 50 discussions via portal session for applicant 21587333
2026-09-05 23:33:17,160 [INFO] Retrieved 2 Sales Center opportunities via portal for applicant 21587333
2026-09-05 23:33:17,437 [INFO] Retrieved 50 discussions via portal session for applicant 21588091
2026-09-05 23:33:17,768 [INFO] Retrieved 1 Sales Center opportunities via portal for applicant 21588091
2026-09-05 23:33:17,998 [INFO] Retrieved 23 discussions via portal session for applicant 220250093
2026-09-05 23:33:18,333 [INFO] Retrieved 1 Sales Center opportunities via portal for applicant 220250093
2026-09-05 23:33:18,715 [INFO] Retrieved 50 discussions via portal session for applicant 25156187
2026-09-05 23:33:19,081 [INFO] Retrieved 1 Sales Center opportunities via portal for applicant 25156187
2026-09-05 23:33:19,413 [INFO] Retrieved 50 discussions via portal session for applicant 25721447
2026-09-05 23:33:19,757 [INFO] Retrieved 4 Sales Center opportunities via portal for applicant 25721447
2026-09-05 23:33:20,076 [INFO] Retrieved 50 discussions via portal session for applicant 26042781
2026-09-05 23:33:20,437 [INFO] Retrieved 2 Sales Center opportunities via portal for applicant 26042781
2026-09-05 23:33:20,804 [INFO] Retrieved 50 discussions via portal session for applicant 35209713
2026-09-05 23:33:21,138 [INFO] Retrieved 1 Sales Center opportunities via portal for applicant 35209713
2026-09-05 23:33:21,385 [INFO] Retrieved 50 discussions via portal session for applicant 54893172
2026-09-05 23:33:21,716 [INFO] Retrieved 7 Sales Center opportunities via portal for applicant 54893172
2026-09-05 23:33:22,017 [INFO] Retrieved 50 discussions via portal session for applicant 58768907
2026-09-05 23:33:22,349 [INFO] Retrieved 1 Sales Center opportunities via portal for applicant 58768907
2026-09-05 23:33:22,686 [INFO] Retrieved 50 discussions via portal session for applicant 58866127
2026-09-05 23:33:23,002 [INFO] Retrieved 1 Sales Center opportunities via portal for applicant 58866127
2026-09-05 23:33:23,273 [INFO] Retrieved 50 discussions via portal session for applicant 76858853
2026-09-05 23:33:23,605 [INFO] Retrieved 2 Sales Center opportunities via portal for applicant 76858853
2026-09-05 23:33:23,892 [INFO] Retrieved 50 discussions via portal session for applicant 79002334
2026-09-05 23:33:24,200 [INFO] Retrieved 1 Sales Center opportunities via portal for applicant 79002334
2026-09-05 23:33:24,450 [INFO] Retrieved 50 discussions via portal session for applicant 83571357
2026-09-05 23:33:25,153 [INFO] Retrieved 50 discussions via portal session for applicant 84705043
2026-09-05 23:33:25,516 [INFO] Retrieved 1 Sales Center opportunities via portal for applicant 84705043
2026-09-05 23:33:25,826 [INFO] Retrieved 50 discussions via portal session for applicant 95254866
2026-09-05 23:33:37,919 [INFO] Retrieved 50 discussions via portal session for applicant 99055770
2026-09-05 23:33:38,222 [INFO] Retrieved 1 Sales Center opportunities via portal for applicant 99055770
2026-09-05 23:33:38,456 [INFO] Retrieved 50 discussions via portal session for applicant 99340932
2026-09-05 23:33:38,913 [INFO] Retrieved 1 Sales Center opportunities via portal for applicant 99340932
{
  "applicants_scanned": 39,
  "applicant_ids": [
    "102351931",
    "143979332",
    "144897143",
    "145217363",
    "145834411",
    "148235525",
    "150751441",
    "151382204",
    "151445306",
    "157388228",
    "163863318",
    "173838508",
    "186333470",
    "193438339",
    "196126698",
    "196851140",
    "197389903",
    "197891661",
    "197895504",
    "198604342",
    "198908859",
    "199797602",
    "21587333",
    "21588091",
    "220250093",
    "25156187",
    "25721447",
    "26042781",
    "35209713",
    "54893172",
    "58768907",
    "58866127",
    "76858853",
    "79002334",
    "83571357",
    "84705043",
    "95254866",
    "99055770",
    "99340932"
  ],
  "dispatched": [],
  "errors": [],
  "dry_run": false
}
2026-09-05T23:33:39+00:00 finish robie call label watch rc=0
2026-09-05T23:38:01+00:00 start robie call label watch timeout=90s extra=
2026-09-05 23:38:02,443 [INFO] Retrieved 50 discussions via portal session for applicant 102351931
2026-09-05 23:38:02,962 [INFO] Successfully authenticated with Classic EZLynx API (EZToken issued).
2026-09-05 23:38:03,296 [INFO] Retrieved 1 Sales Center opportunities via portal for applicant 102351931
2026-09-05 23:38:03,576 [INFO] Retrieved 50 discussions via portal session for applicant 143979332
2026-09-05 23:38:04,341 [INFO] Retrieved 50 discussions via portal session for applicant 144897143
2026-09-05 23:38:04,681 [INFO] Retrieved 1 Sales Center opportunities via portal for applicant 144897143
2026-09-05 23:38:04,922 [INFO] Retrieved 50 discussions via portal session for applicant 145217363
2026-09-05 23:38:05,269 [INFO] Retrieved 1 Sales Center opportunities via portal for applicant 145217363
2026-09-05 23:38:05,523 [INFO] Retrieved 50 discussions via portal session for applicant 145834411
2026-09-05 23:38:05,869 [INFO] Retrieved 1 Sales Center opportunities via portal for applicant 145834411
2026-09-05 23:38:06,100 [INFO] Retrieved 50 discussions via portal session for applicant 148235525
2026-09-05 23:38:06,426 [INFO] Retrieved 2 Sales Center opportunities via portal for applicant 148235525
2026-09-05 23:38:06,708 [INFO] Retrieved 50 discussions via portal session for applicant 150751441
2026-09-05 23:38:07,086 [INFO] Retrieved 1 Sales Center opportunities via portal for applicant 150751441
2026-09-05 23:38:07,436 [INFO] Retrieved 50 discussions via portal session for applicant 151382204
2026-09-05 23:38:07,759 [INFO] Retrieved 1 Sales Center opportunities via portal for applicant 151382204
2026-09-05 23:38:08,088 [INFO] Retrieved 50 discussions via portal session for applicant 151445306
2026-09-05 23:38:08,411 [INFO] Retrieved 2 Sales Center opportunities via portal for applicant 151445306
2026-09-05 23:38:08,686 [INFO] Retrieved 50 discussions via portal session for applicant 157388228
2026-09-05 23:38:09,004 [INFO] Retrieved 1 Sales Center opportunities via portal for applicant 157388228
2026-09-05 23:38:09,385 [INFO] Retrieved 50 discussions via portal session for applicant 163863318
2026-09-05 23:38:09,767 [INFO] Retrieved 1 Sales Center opportunities via portal for applicant 163863318
2026-09-05 23:38:10,019 [INFO] Retrieved 50 discussions via portal session for applicant 173838508
2026-09-05 23:38:10,364 [INFO] Retrieved 1 Sales Center opportunities via portal for applicant 173838508
2026-09-05 23:38:10,632 [INFO] Retrieved 50 discussions via portal session for applicant 186333470
2026-09-05 23:38:10,959 [INFO] Retrieved 2 Sales Center opportunities via portal for applicant 186333470
2026-09-05 23:38:11,225 [INFO] Retrieved 50 discussions via portal session for applicant 193438339
2026-09-05 23:38:11,551 [INFO] Retrieved 1 Sales Center opportunities via portal for applicant 193438339
2026-09-05 23:38:11,807 [INFO] Retrieved 27 discussions via portal session for applicant 196126698
2026-09-05 23:38:12,126 [INFO] Retrieved 1 Sales Center opportunities via portal for applicant 196126698
2026-09-05 23:38:12,374 [INFO] Retrieved 50 discussions via portal session for applicant 196851140
2026-09-05 23:38:12,703 [INFO] Retrieved 1 Sales Center opportunities via portal for applicant 196851140
2026-09-05 23:38:12,939 [INFO] Retrieved 50 discussions via portal session for applicant 197389903
2026-09-05 23:38:13,368 [INFO] Retrieved 1 Sales Center opportunities via portal for applicant 197389903
2026-09-05 23:38:13,647 [INFO] Retrieved 50 discussions via portal session for applicant 197891661
2026-09-05 23:38:13,991 [INFO] Retrieved 1 Sales Center opportunities via portal for applicant 197891661
2026-09-05 23:38:14,268 [INFO] Retrieved 50 discussions via portal session for applicant 197895504
2026-09-05 23:38:14,590 [INFO] Retrieved 1 Sales Center opportunities via portal for applicant 197895504
2026-09-05 23:38:14,827 [INFO] Retrieved 50 discussions via portal session for applicant 198604342
2026-09-05 23:38:15,154 [INFO] Retrieved 2 Sales Center opportunities via portal for applicant 198604342
2026-09-05 23:38:15,453 [INFO] Retrieved 50 discussions via portal session for applicant 198908859
2026-09-05 23:38:15,781 [INFO] Retrieved 1 Sales Center opportunities via portal for applicant 198908859
2026-09-05 23:38:16,133 [INFO] Retrieved 50 discussions via portal session for applicant 199797602
2026-09-05 23:38:16,452 [INFO] Retrieved 1 Sales Center opportunities via portal for applicant 199797602
2026-09-05 23:38:16,743 [INFO] Retrieved 50 discussions via portal session for applicant 21587333
2026-09-05 23:38:17,090 [INFO] Retrieved 2 Sales Center opportunities via portal for applicant 21587333
2026-09-05 23:38:17,384 [INFO] Retrieved 50 discussions via portal session for applicant 21588091
2026-09-05 23:38:17,703 [INFO] Retrieved 1 Sales Center opportunities via portal for applicant 21588091
2026-09-05 23:38:17,979 [INFO] Retrieved 23 discussions via portal session for applicant 220250093
2026-09-05 23:38:18,302 [INFO] Retrieved 1 Sales Center opportunities via portal for applicant 220250093
2026-09-05 23:38:18,686 [INFO] Retrieved 50 discussions via portal session for applicant 25156187
2026-09-05 23:38:19,026 [INFO] Retrieved 1 Sales Center opportunities via portal for applicant 25156187
2026-09-05 23:38:19,380 [INFO] Retrieved 50 discussions via portal session for applicant 25721447
2026-09-05 23:38:19,722 [INFO] Retrieved 4 Sales Center opportunities via portal for applicant 25721447
2026-09-05 23:38:20,086 [INFO] Retrieved 50 discussions via portal session for applicant 26042781
2026-09-05 23:38:20,460 [INFO] Retrieved 2 Sales Center opportunities via portal for applicant 26042781
2026-09-05 23:38:20,781 [INFO] Retrieved 50 discussions via portal session for applicant 35209713
2026-09-05 23:38:21,110 [INFO] Retrieved 1 Sales Center opportunities via portal for applicant 35209713
2026-09-05 23:38:21,372 [INFO] Retrieved 50 discussions via portal session for applicant 54893172
2026-09-05 23:38:21,707 [INFO] Retrieved 7 Sales Center opportunities via portal for applicant 54893172
2026-09-05 23:38:22,019 [INFO] Retrieved 50 discussions via portal session for applicant 58768907
2026-09-05 23:38:22,357 [INFO] Retrieved 1 Sales Center opportunities via portal for applicant 58768907
2026-09-05 23:38:22,681 [INFO] Retrieved 50 discussions via portal session for applicant 58866127
2026-09-05 23:38:23,005 [INFO] Retrieved 1 Sales Center opportunities via portal for applicant 58866127
2026-09-05 23:38:23,291 [INFO] Retrieved 50 discussions via portal session for applicant 76858853
2026-09-05 23:38:23,645 [INFO] Retrieved 2 Sales Center opportunities via portal for applicant 76858853
2026-09-05 23:38:23,938 [INFO] Retrieved 50 discussions via portal session for applicant 79002334
2026-09-05 23:38:24,267 [INFO] Retrieved 1 Sales Center opportunities via portal for applicant 79002334
2026-09-05 23:38:24,522 [INFO] Retrieved 50 discussions via portal session for applicant 83571357
2026-09-05 23:38:25,308 [INFO] Retrieved 50 discussions via portal session for applicant 84705043
2026-09-05 23:38:25,681 [INFO] Retrieved 1 Sales Center opportunities via portal for applicant 84705043
2026-09-05 23:38:25,952 [INFO] Retrieved 50 discussions via portal session for applicant 95254866
2026-09-05 23:38:26,807 [INFO] Retrieved 50 discussions via portal session for applicant 99055770
2026-09-05 23:38:27,136 [INFO] Retrieved 1 Sales Center opportunities via portal for applicant 99055770
2026-09-05 23:38:27,360 [INFO] Retrieved 50 discussions via portal session for applicant 99340932
2026-09-05 23:38:27,683 [INFO] Retrieved 1 Sales Center opportunities via portal for applicant 99340932
{
  "applicants_scanned": 39,
  "applicant_ids": [
    "102351931",
    "143979332",
    "144897143",
    "145217363",
    "145834411",
    "148235525",
    "150751441",
    "151382204",
    "151445306",
    "157388228",
    "163863318",
    "173838508",
    "186333470",
    "193438339",
    "196126698",
    "196851140",
    "197389903",
    "197891661",
    "197895504",
    "198604342",
    "198908859",
    "199797602",
    "21587333",
    "21588091",
    "220250093",
    "25156187",
    "25721447",
    "26042781",
    "35209713",
    "54893172",
    "58768907",
    "58866127",
    "76858853",
    "79002334",
    "83571357",
    "84705043",
    "95254866",
    "99055770",
    "99340932"
  ],
  "dispatched": [],
  "errors": [],
  "dry_run": false
}
2026-09-05T23:38:27+00:00 finish robie call label watch rc=0
2026-09-05T23:43:02+00:00 start robie call label watch timeout=90s extra=
2026-09-05 23:43:03,216 [INFO] Retrieved 50 discussions via portal session for applicant 102351931
2026-09-05 23:43:03,758 [INFO] Successfully authenticated with Classic EZLynx API (EZToken issued).
2026-09-05 23:43:04,149 [INFO] Retrieved 1 Sales Center opportunities via portal for applicant 102351931
2026-09-05 23:43:04,383 [INFO] Retrieved 50 discussions via portal session for applicant 143979332
2026-09-05 23:43:05,177 [INFO] Retrieved 50 discussions via portal session for applicant 144897143
2026-09-05 23:43:05,523 [INFO] Retrieved 1 Sales Center opportunities via portal for applicant 144897143
2026-09-05 23:43:05,766 [INFO] Retrieved 50 discussions via portal session for applicant 145217363
2026-09-05 23:43:06,095 [INFO] Retrieved 1 Sales Center opportunities via portal for applicant 145217363
2026-09-05 23:43:06,388 [INFO] Retrieved 50 discussions via portal session for applicant 145834411
2026-09-05 23:43:06,722 [INFO] Retrieved 1 Sales Center opportunities via portal for applicant 145834411
2026-09-05 23:43:06,956 [INFO] Retrieved 50 discussions via portal session for applicant 148235525
2026-09-05 23:43:07,281 [INFO] Retrieved 2 Sales Center opportunities via portal for applicant 148235525
2026-09-05 23:43:07,551 [INFO] Retrieved 50 discussions via portal session for applicant 150751441
2026-09-05 23:43:07,888 [INFO] Retrieved 1 Sales Center opportunities via portal for applicant 150751441
2026-09-05 23:43:08,223 [INFO] Retrieved 50 discussions via portal session for applicant 151382204
2026-09-05 23:43:08,553 [INFO] Retrieved 1 Sales Center opportunities via portal for applicant 151382204
2026-09-05 23:43:08,844 [INFO] Retrieved 50 discussions via portal session for applicant 151445306
2026-09-05 23:43:09,255 [INFO] Retrieved 2 Sales Center opportunities via portal for applicant 151445306
2026-09-05 23:43:09,524 [INFO] Retrieved 50 discussions via portal session for applicant 157388228
2026-09-05 23:43:09,852 [INFO] Retrieved 1 Sales Center opportunities via portal for applicant 157388228
2026-09-05 23:43:10,228 [INFO] Retrieved 50 discussions via portal session for applicant 163863318
2026-09-05 23:43:10,563 [INFO] Retrieved 1 Sales Center opportunities via portal for applicant 163863318
2026-09-05 23:43:10,843 [INFO] Retrieved 50 discussions via portal session for applicant 173838508
2026-09-05 23:43:11,230 [INFO] Retrieved 1 Sales Center opportunities via portal for applicant 173838508
2026-09-05 23:43:11,508 [INFO] Retrieved 50 discussions via portal session for applicant 186333470
2026-09-05 23:43:11,863 [INFO] Retrieved 2 Sales Center opportunities via portal for applicant 186333470
2026-09-05 23:43:12,123 [INFO] Retrieved 50 discussions via portal session for applicant 193438339
2026-09-05 23:43:12,449 [INFO] Retrieved 1 Sales Center opportunities via portal for applicant 193438339
2026-09-05 23:43:12,749 [INFO] Retrieved 27 discussions via portal session for applicant 196126698
2026-09-05 23:43:13,085 [INFO] Retrieved 1 Sales Center opportunities via portal for applicant 196126698
2026-09-05 23:43:13,313 [INFO] Retrieved 50 discussions via portal session for applicant 196851140
2026-09-05 23:43:13,665 [INFO] Retrieved 1 Sales Center opportunities via portal for applicant 196851140
2026-09-05 23:43:14,074 [INFO] Retrieved 50 discussions via portal session for applicant 197389903
2026-09-05 23:43:14,418 [INFO] Retrieved 1 Sales Center opportunities via portal for applicant 197389903
2026-09-05 23:43:14,692 [INFO] Retrieved 50 discussions via portal session for applicant 197891661
2026-09-05 23:43:15,011 [INFO] Retrieved 1 Sales Center opportunities via portal for applicant 197891661
2026-09-05 23:43:15,298 [INFO] Retrieved 50 discussions via portal session for applicant 197895504
2026-09-05 23:43:15,644 [INFO] Retrieved 1 Sales Center opportunities via portal for applicant 197895504
2026-09-05 23:43:15,884 [INFO] Retrieved 50 discussions via portal session for applicant 198604342
2026-09-05 23:43:16,223 [INFO] Retrieved 2 Sales Center opportunities via portal for applicant 198604342
2026-09-05 23:43:16,527 [INFO] Retrieved 50 discussions via portal session for applicant 198908859
2026-09-05 23:43:16,858 [INFO] Retrieved 1 Sales Center opportunities via portal for applicant 198908859
2026-09-05 23:43:17,165 [INFO] Retrieved 50 discussions via portal session for applicant 199797602
2026-09-05 23:43:17,507 [INFO] Retrieved 1 Sales Center opportunities via portal for applicant 199797602
2026-09-05 23:43:17,808 [INFO] Retrieved 50 discussions via portal session for applicant 21587333
2026-09-05 23:43:18,121 [INFO] Retrieved 2 Sales Center opportunities via portal for applicant 21587333
2026-09-05 23:43:18,441 [INFO] Retrieved 50 discussions via portal session for applicant 21588091
2026-09-05 23:43:18,774 [INFO] Retrieved 1 Sales Center opportunities via portal for applicant 21588091
2026-09-05 23:43:19,007 [INFO] Retrieved 23 discussions via portal session for applicant 220250093
2026-09-05 23:43:19,327 [INFO] Retrieved 1 Sales Center opportunities via portal for applicant 220250093
2026-09-05 23:43:19,734 [INFO] Retrieved 50 discussions via portal session for applicant 25156187
2026-09-05 23:43:20,107 [INFO] Retrieved 1 Sales Center opportunities via portal for applicant 25156187
2026-09-05 23:43:20,454 [INFO] Retrieved 50 discussions via portal session for applicant 25721447
2026-09-05 23:43:20,790 [INFO] Retrieved 4 Sales Center opportunities via portal for applicant 25721447
2026-09-05 23:43:21,135 [INFO] Retrieved 50 discussions via portal session for applicant 26042781
2026-09-05 23:43:21,470 [INFO] Retrieved 2 Sales Center opportunities via portal for applicant 26042781
2026-09-05 23:43:21,809 [INFO] Retrieved 50 discussions via portal session for applicant 35209713
2026-09-05 23:43:22,150 [INFO] Retrieved 1 Sales Center opportunities via portal for applicant 35209713
2026-09-05 23:43:22,389 [INFO] Retrieved 50 discussions via portal session for applicant 54893172
2026-09-05 23:43:22,708 [INFO] Retrieved 7 Sales Center opportunities via portal for applicant 54893172
2026-09-05 23:43:22,979 [INFO] Retrieved 50 discussions via portal session for applicant 58768907
2026-09-05 23:43:23,325 [INFO] Retrieved 1 Sales Center opportunities via portal for applicant 58768907
2026-09-05 23:43:23,649 [INFO] Retrieved 50 discussions via portal session for applicant 58866127
2026-09-05 23:43:23,970 [INFO] Retrieved 1 Sales Center opportunities via portal for applicant 58866127
2026-09-05 23:43:24,210 [INFO] Retrieved 50 discussions via portal session for applicant 76858853
2026-09-05 23:43:24,581 [INFO] Retrieved 2 Sales Center opportunities via portal for applicant 76858853
2026-09-05 23:43:24,843 [INFO] Retrieved 50 discussions via portal session for applicant 79002334
2026-09-05 23:43:25,183 [INFO] Retrieved 1 Sales Center opportunities via portal for applicant 79002334
2026-09-05 23:43:25,485 [INFO] Retrieved 50 discussions via portal session for applicant 83571357
2026-09-05 23:43:26,248 [INFO] Retrieved 50 discussions via portal session for applicant 84705043
2026-09-05 23:43:26,601 [INFO] Retrieved 1 Sales Center opportunities via portal for applicant 84705043
2026-09-05 23:43:26,872 [INFO] Retrieved 50 discussions via portal session for applicant 95254866
2026-09-05 23:43:27,681 [INFO] Retrieved 50 discussions via portal session for applicant 99055770
2026-09-05 23:43:28,010 [INFO] Retrieved 1 Sales Center opportunities via portal for applicant 99055770
2026-09-05 23:43:28,243 [INFO] Retrieved 50 discussions via portal session for applicant 99340932
2026-09-05 23:43:28,562 [INFO] Retrieved 1 Sales Center opportunities via portal for applicant 99340932
{
  "applicants_scanned": 39,
  "applicant_ids": [
    "102351931",
    "143979332",
    "144897143",
    "145217363",
    "145834411",
    "148235525",
    "150751441",
    "151382204",
    "151445306",
    "157388228",
    "163863318",
    "173838508",
    "186333470",
    "193438339",
    "196126698",
    "196851140",
    "197389903",
    "197891661",
    "197895504",
    "198604342",
    "198908859",
    "199797602",
    "21587333",
    "21588091",
    "220250093",
    "25156187",
    "25721447",
    "26042781",
    "35209713",
    "54893172",
    "58768907",
    "58866127",
    "76858853",
    "79002334",
    "83571357",
    "84705043",
    "95254866",
    "99055770",
    "99340932"
  ],
  "dispatched": [],
  "errors": [],
  "dry_run": false
}
2026-09-05T23:43:28+00:00 finish robie call label watch rc=0
2026-09-05T23:48:01+00:00 start robie call label watch timeout=90s extra=
2026-09-05 23:48:03,046 [INFO] Retrieved 50 discussions via portal session for applicant 102351931
2026-09-05 23:48:03,569 [INFO] Successfully authenticated with Classic EZLynx API (EZToken issued).
2026-09-05 23:48:03,948 [INFO] Retrieved 1 Sales Center opportunities via portal for applicant 102351931
2026-09-05 23:48:04,191 [INFO] Retrieved 50 discussions via portal session for applicant 143979332
2026-09-05 23:48:04,977 [INFO] Retrieved 50 discussions via portal session for applicant 144897143
2026-09-05 23:48:05,304 [INFO] Retrieved 1 Sales Center opportunities via portal for applicant 144897143
2026-09-05 23:48:05,629 [INFO] Retrieved 50 discussions via portal session for applicant 145217363
2026-09-05 23:48:05,949 [INFO] Retrieved 1 Sales Center opportunities via portal for applicant 145217363
2026-09-05 23:48:06,247 [INFO] Retrieved 50 discussions via portal session for applicant 145834411
2026-09-05 23:48:06,583 [INFO] Retrieved 1 Sales Center opportunities via portal for applicant 145834411
2026-09-05 23:48:06,847 [INFO] Retrieved 50 discussions via portal session for applicant 148235525
2026-09-05 23:48:07,197 [INFO] Retrieved 2 Sales Center opportunities via portal for applicant 148235525
2026-09-05 23:48:07,500 [INFO] Retrieved 50 discussions via portal session for applicant 150751441
2026-09-05 23:48:07,827 [INFO] Retrieved 1 Sales Center opportunities via portal for applicant 150751441
2026-09-05 23:48:08,222 [INFO] Retrieved 50 discussions via portal session for applicant 151382204
2026-09-05 23:48:08,538 [INFO] Retrieved 1 Sales Center opportunities via portal for applicant 151382204
2026-09-05 23:48:08,877 [INFO] Retrieved 50 discussions via portal session for applicant 151445306
2026-09-05 23:48:09,201 [INFO] Retrieved 2 Sales Center opportunities via portal for applicant 151445306
2026-09-05 23:48:09,470 [INFO] Retrieved 50 discussions via portal session for applicant 157388228
2026-09-05 23:48:09,801 [INFO] Retrieved 1 Sales Center opportunities via portal for applicant 157388228
2026-09-05 23:48:10,126 [INFO] Retrieved 50 discussions via portal session for applicant 163863318
2026-09-05 23:48:10,449 [INFO] Retrieved 1 Sales Center opportunities via portal for applicant 163863318
2026-09-05 23:48:10,729 [INFO] Retrieved 50 discussions via portal session for applicant 173838508
2026-09-05 23:48:11,067 [INFO] Retrieved 1 Sales Center opportunities via portal for applicant 173838508
2026-09-05 23:48:11,297 [INFO] Retrieved 50 discussions via portal session for applicant 186333470
2026-09-05 23:48:11,623 [INFO] Retrieved 2 Sales Center opportunities via portal for applicant 186333470
2026-09-05 23:48:11,931 [INFO] Retrieved 50 discussions via portal session for applicant 193438339
2026-09-05 23:48:12,264 [INFO] Retrieved 1 Sales Center opportunities via portal for applicant 193438339
2026-09-05 23:48:12,535 [INFO] Retrieved 27 discussions via portal session for applicant 196126698
2026-09-05 23:48:12,865 [INFO] Retrieved 1 Sales Center opportunities via portal for applicant 196126698
2026-09-05 23:48:13,080 [INFO] Retrieved 50 discussions via portal session for applicant 196851140
2026-09-05 23:48:13,399 [INFO] Retrieved 1 Sales Center opportunities via portal for applicant 196851140
2026-09-05 23:48:13,620 [INFO] Retrieved 50 discussions via portal session for applicant 197389903
2026-09-05 23:48:13,949 [INFO] Retrieved 1 Sales Center opportunities via portal for applicant 197389903
2026-09-05 23:48:14,182 [INFO] Retrieved 50 discussions via portal session for applicant 197891661
2026-09-05 23:48:14,503 [INFO] Retrieved 1 Sales Center opportunities via portal for applicant 197891661
2026-09-05 23:48:14,881 [INFO] Retrieved 50 discussions via portal session for applicant 197895504
2026-09-05 23:48:15,226 [INFO] Retrieved 1 Sales Center opportunities via portal for applicant 197895504
2026-09-05 23:48:15,498 [INFO] Retrieved 50 discussions via portal session for applicant 198604342
2026-09-05 23:48:15,829 [INFO] Retrieved 2 Sales Center opportunities via portal for applicant 198604342
2026-09-05 23:48:16,135 [INFO] Retrieved 50 discussions via portal session for applicant 198908859
2026-09-05 23:48:16,486 [INFO] Retrieved 1 Sales Center opportunities via portal for applicant 198908859
2026-09-05 23:48:16,772 [INFO] Retrieved 50 discussions via portal session for applicant 199797602
2026-09-05 23:48:17,112 [INFO] Retrieved 1 Sales Center opportunities via portal for applicant 199797602
2026-09-05 23:48:17,448 [INFO] Retrieved 50 discussions via portal session for applicant 21587333
2026-09-05 23:48:17,791 [INFO] Retrieved 2 Sales Center opportunities via portal for applicant 21587333
2026-09-05 23:48:18,137 [INFO] Retrieved 50 discussions via portal session for applicant 21588091
2026-09-05 23:48:18,497 [INFO] Retrieved 1 Sales Center opportunities via portal for applicant 21588091
2026-09-05 23:48:18,800 [INFO] Retrieved 23 discussions via portal session for applicant 220250093
2026-09-05 23:48:19,118 [INFO] Retrieved 1 Sales Center opportunities via portal for applicant 220250093
2026-09-05 23:48:19,540 [INFO] Retrieved 50 discussions via portal session for applicant 25156187
2026-09-05 23:48:19,874 [INFO] Retrieved 1 Sales Center opportunities via portal for applicant 25156187
2026-09-05 23:48:20,198 [INFO] Retrieved 50 discussions via portal session for applicant 25721447
2026-09-05 23:48:20,531 [INFO] Retrieved 4 Sales Center opportunities via portal for applicant 25721447
2026-09-05 23:48:20,898 [INFO] Retrieved 50 discussions via portal session for applicant 26042781
2026-09-05 23:48:21,245 [INFO] Retrieved 2 Sales Center opportunities via portal for applicant 26042781
2026-09-05 23:48:21,550 [INFO] Retrieved 50 discussions via portal session for applicant 35209713
2026-09-05 23:48:21,881 [INFO] Retrieved 1 Sales Center opportunities via portal for applicant 35209713
2026-09-05 23:48:22,149 [INFO] Retrieved 50 discussions via portal session for applicant 54893172
2026-09-05 23:48:22,489 [INFO] Retrieved 7 Sales Center opportunities via portal for applicant 54893172
2026-09-05 23:48:22,737 [INFO] Retrieved 50 discussions via portal session for applicant 58768907
2026-09-05 23:48:23,058 [INFO] Retrieved 1 Sales Center opportunities via portal for applicant 58768907
2026-09-05 23:48:23,397 [INFO] Retrieved 50 discussions via portal session for applicant 58866127
2026-09-05 23:48:23,740 [INFO] Retrieved 1 Sales Center opportunities via portal for applicant 58866127
2026-09-05 23:48:23,983 [INFO] Retrieved 50 discussions via portal session for applicant 76858853
2026-09-05 23:48:24,312 [INFO] Retrieved 2 Sales Center opportunities via portal for applicant 76858853
2026-09-05 23:48:24,563 [INFO] Retrieved 50 discussions via portal session for applicant 79002334
2026-09-05 23:48:24,887 [INFO] Retrieved 1 Sales Center opportunities via portal for applicant 79002334
2026-09-05 23:48:25,149 [INFO] Retrieved 50 discussions via portal session for applicant 83571357
2026-09-05 23:48:25,924 [INFO] Retrieved 50 discussions via portal session for applicant 84705043
2026-09-05 23:48:26,248 [INFO] Retrieved 1 Sales Center opportunities via portal for applicant 84705043
2026-09-05 23:48:26,522 [INFO] Retrieved 50 discussions via portal session for applicant 95254866
2026-09-05 23:48:27,361 [INFO] Retrieved 50 discussions via portal session for applicant 99055770
2026-09-05 23:48:27,680 [INFO] Retrieved 1 Sales Center opportunities via portal for applicant 99055770
2026-09-05 23:48:27,912 [INFO] Retrieved 50 discussions via portal session for applicant 99340932
2026-09-05 23:48:28,251 [INFO] Retrieved 1 Sales Center opportunities via portal for applicant 99340932
{
  "applicants_scanned": 39,
  "applicant_ids": [
    "102351931",
    "143979332",
    "144897143",
    "145217363",
    "145834411",
    "148235525",
    "150751441",
    "151382204",
    "151445306",
    "157388228",
    "163863318",
    "173838508",
    "186333470",
    "193438339",
    "196126698",
    "196851140",
    "197389903",
    "197891661",
    "197895504",
    "198604342",
    "198908859",
    "199797602",
    "21587333",
    "21588091",
    "220250093",
    "25156187",
    "25721447",
    "26042781",
    "35209713",
    "54893172",
    "58768907",
    "58866127",
    "76858853",
    "79002334",
    "83571357",
    "84705043",
    "95254866",
    "99055770",
    "99340932"
  ],
  "dispatched": [],
  "errors": [],
  "dry_run": false
}
2026-09-05T23:48:28+00:00 finish robie call label watch rc=0
2026-09-05T23:53:01+00:00 start robie call label watch timeout=90s extra=
2026-09-05 23:53:02,760 [INFO] Retrieved 50 discussions via portal session for applicant 102351931
2026-09-05 23:53:03,281 [INFO] Successfully authenticated with Classic EZLynx API (EZToken issued).
2026-09-05 23:53:03,600 [INFO] Retrieved 1 Sales Center opportunities via portal for applicant 102351931
2026-09-05 23:53:03,859 [INFO] Retrieved 50 discussions via portal session for applicant 143979332
2026-09-05 23:53:04,664 [INFO] Retrieved 50 discussions via portal session for applicant 144897143
2026-09-05 23:53:05,000 [INFO] Retrieved 1 Sales Center opportunities via portal for applicant 144897143
2026-09-05 23:53:05,240 [INFO] Retrieved 50 discussions via portal session for applicant 145217363
2026-09-05 23:53:05,566 [INFO] Retrieved 1 Sales Center opportunities via portal for applicant 145217363
2026-09-05 23:53:05,812 [INFO] Retrieved 50 discussions via portal session for applicant 145834411
2026-09-05 23:53:06,153 [INFO] Retrieved 1 Sales Center opportunities via portal for applicant 145834411
2026-09-05 23:53:06,421 [INFO] Retrieved 50 discussions via portal session for applicant 148235525
2026-09-05 23:53:06,769 [INFO] Retrieved 2 Sales Center opportunities via portal for applicant 148235525
2026-09-05 23:53:07,070 [INFO] Retrieved 50 discussions via portal session for applicant 150751441
2026-09-05 23:53:07,385 [INFO] Retrieved 1 Sales Center opportunities via portal for applicant 150751441
2026-09-05 23:53:07,719 [INFO] Retrieved 50 discussions via portal session for applicant 151382204
2026-09-05 23:53:08,093 [INFO] Retrieved 1 Sales Center opportunities via portal for applicant 151382204
2026-09-05 23:53:08,390 [INFO] Retrieved 50 discussions via portal session for applicant 151445306
2026-09-05 23:53:08,734 [INFO] Retrieved 2 Sales Center opportunities via portal for applicant 151445306
2026-09-05 23:53:09,002 [INFO] Retrieved 50 discussions via portal session for applicant 157388228
2026-09-05 23:53:09,332 [INFO] Retrieved 1 Sales Center opportunities via portal for applicant 157388228
2026-09-05 23:53:09,709 [INFO] Retrieved 50 discussions via portal session for applicant 163863318
2026-09-05 23:53:10,033 [INFO] Retrieved 1 Sales Center opportunities via portal for applicant 163863318
2026-09-05 23:53:10,295 [INFO] Retrieved 50 discussions via portal session for applicant 173838508
2026-09-05 23:53:10,624 [INFO] Retrieved 1 Sales Center opportunities via portal for applicant 173838508
2026-09-05 23:53:10,882 [INFO] Retrieved 50 discussions via portal session for applicant 186333470
2026-09-05 23:53:11,208 [INFO] Retrieved 2 Sales Center opportunities via portal for applicant 186333470
2026-09-05 23:53:11,494 [INFO] Retrieved 50 discussions via portal session for applicant 193438339
2026-09-05 23:53:11,846 [INFO] Retrieved 1 Sales Center opportunities via portal for applicant 193438339
2026-09-05 23:53:12,102 [INFO] Retrieved 27 discussions via portal session for applicant 196126698
2026-09-05 23:53:12,434 [INFO] Retrieved 1 Sales Center opportunities via portal for applicant 196126698
2026-09-05 23:53:12,657 [INFO] Retrieved 50 discussions via portal session for applicant 196851140
2026-09-05 23:53:12,980 [INFO] Retrieved 1 Sales Center opportunities via portal for applicant 196851140
2026-09-05 23:53:13,218 [INFO] Retrieved 50 discussions via portal session for applicant 197389903
2026-09-05 23:53:13,545 [INFO] Retrieved 1 Sales Center opportunities via portal for applicant 197389903
2026-09-05 23:53:13,804 [INFO] Retrieved 50 discussions via portal session for applicant 197891661
2026-09-05 23:53:14,142 [INFO] Retrieved 1 Sales Center opportunities via portal for applicant 197891661
2026-09-05 23:53:14,439 [INFO] Retrieved 50 discussions via portal session for applicant 197895504
2026-09-05 23:53:14,778 [INFO] Retrieved 1 Sales Center opportunities via portal for applicant 197895504
2026-09-05 23:53:15,024 [INFO] Retrieved 50 discussions via portal session for applicant 198604342
2026-09-05 23:53:15,366 [INFO] Retrieved 2 Sales Center opportunities via portal for applicant 198604342
2026-09-05 23:53:15,638 [INFO] Retrieved 50 discussions via portal session for applicant 198908859
2026-09-05 23:53:15,961 [INFO] Retrieved 1 Sales Center opportunities via portal for applicant 198908859
2026-09-05 23:53:16,292 [INFO] Retrieved 50 discussions via portal session for applicant 199797602
2026-09-05 23:53:16,637 [INFO] Retrieved 1 Sales Center opportunities via portal for applicant 199797602
2026-09-05 23:53:16,984 [INFO] Retrieved 50 discussions via portal session for applicant 21587333
2026-09-05 23:53:17,324 [INFO] Retrieved 2 Sales Center opportunities via portal for applicant 21587333
2026-09-05 23:53:17,627 [INFO] Retrieved 50 discussions via portal session for applicant 21588091
2026-09-05 23:53:17,953 [INFO] Retrieved 1 Sales Center opportunities via portal for applicant 21588091
2026-09-05 23:53:18,176 [INFO] Retrieved 23 discussions via portal session for applicant 220250093
2026-09-05 23:53:18,520 [INFO] Retrieved 1 Sales Center opportunities via portal for applicant 220250093
2026-09-05 23:53:18,909 [INFO] Retrieved 50 discussions via portal session for applicant 25156187
2026-09-05 23:53:19,237 [INFO] Retrieved 1 Sales Center opportunities via portal for applicant 25156187
2026-09-05 23:53:19,580 [INFO] Retrieved 50 discussions via portal session for applicant 25721447
2026-09-05 23:53:19,918 [INFO] Retrieved 4 Sales Center opportunities via portal for applicant 25721447
2026-09-05 23:53:20,251 [INFO] Retrieved 50 discussions via portal session for applicant 26042781
2026-09-05 23:53:20,610 [INFO] Retrieved 2 Sales Center opportunities via portal for applicant 26042781
2026-09-05 23:53:20,956 [INFO] Retrieved 50 discussions via portal session for applicant 35209713
2026-09-05 23:53:21,285 [INFO] Retrieved 1 Sales Center opportunities via portal for applicant 35209713
2026-09-05 23:53:21,525 [INFO] Retrieved 50 discussions via portal session for applicant 54893172
2026-09-05 23:53:21,855 [INFO] Retrieved 7 Sales Center opportunities via portal for applicant 54893172
2026-09-05 23:53:22,134 [INFO] Retrieved 50 discussions via portal session for applicant 58768907
2026-09-05 23:53:22,466 [INFO] Retrieved 1 Sales Center opportunities via portal for applicant 58768907
2026-09-05 23:53:22,787 [INFO] Retrieved 50 discussions via portal session for applicant 58866127
2026-09-05 23:53:23,121 [INFO] Retrieved 1 Sales Center opportunities via portal for applicant 58866127
2026-09-05 23:53:23,383 [INFO] Retrieved 50 discussions via portal session for applicant 76858853
2026-09-05 23:53:23,721 [INFO] Retrieved 2 Sales Center opportunities via portal for applicant 76858853
2026-09-05 23:53:23,979 [INFO] Retrieved 50 discussions via portal session for applicant 79002334
2026-09-05 23:53:24,315 [INFO] Retrieved 1 Sales Center opportunities via portal for applicant 79002334
2026-09-05 23:53:24,550 [INFO] Retrieved 50 discussions via portal session for applicant 83571357
2026-09-05 23:53:25,303 [INFO] Retrieved 50 discussions via portal session for applicant 84705043
2026-09-05 23:53:25,641 [INFO] Retrieved 1 Sales Center opportunities via portal for applicant 84705043
2026-09-05 23:53:25,916 [INFO] Retrieved 50 discussions via portal session for applicant 95254866
2026-09-05 23:53:26,823 [INFO] Retrieved 50 discussions via portal session for applicant 99055770
2026-09-05 23:53:27,174 [INFO] Retrieved 1 Sales Center opportunities via portal for applicant 99055770
2026-09-05 23:53:27,449 [INFO] Retrieved 50 discussions via portal session for applicant 99340932
2026-09-05 23:53:27,781 [INFO] Retrieved 1 Sales Center opportunities via portal for applicant 99340932
{
  "applicants_scanned": 39,
  "applicant_ids": [
    "102351931",
    "143979332",
    "144897143",
    "145217363",
    "145834411",
    "148235525",
    "150751441",
    "151382204",
    "151445306",
    "157388228",
    "163863318",
    "173838508",
    "186333470",
    "193438339",
    "196126698",
    "196851140",
    "197389903",
    "197891661",
    "197895504",
    "198604342",
    "198908859",
    "199797602",
    "21587333",
    "21588091",
    "220250093",
    "25156187",
    "25721447",
    "26042781",
    "35209713",
    "54893172",
    "58768907",
    "58866127",
    "76858853",
    "79002334",
    "83571357",
    "84705043",
    "95254866",
    "99055770",
    "99340932"
  ],
  "dispatched": [],
  "errors": [],
  "dry_run": false
}
2026-09-05T23:53:28+00:00 finish robie call label watch rc=0
2026-09-05T23:58:01+00:00 start robie call label watch timeout=90s extra=
2026-09-05 23:58:02,278 [INFO] Retrieved 50 discussions via portal session for applicant 102351931
2026-09-05 23:58:02,813 [INFO] Successfully authenticated with Classic EZLynx API (EZToken issued).
2026-09-05 23:58:03,143 [INFO] Retrieved 1 Sales Center opportunities via portal for applicant 102351931
2026-09-05 23:58:03,373 [INFO] Retrieved 50 discussions via portal session for applicant 143979332
2026-09-05 23:58:04,114 [INFO] Retrieved 50 discussions via portal session for applicant 144897143
2026-09-05 23:58:04,445 [INFO] Retrieved 1 Sales Center opportunities via portal for applicant 144897143
2026-09-05 23:58:04,681 [INFO] Retrieved 50 discussions via portal session for applicant 145217363
2026-09-05 23:58:05,009 [INFO] Retrieved 1 Sales Center opportunities via portal for applicant 145217363
2026-09-05 23:58:05,267 [INFO] Retrieved 50 discussions via portal session for applicant 145834411
2026-09-05 23:58:05,603 [INFO] Retrieved 1 Sales Center opportunities via portal for applicant 145834411
2026-09-05 23:58:05,867 [INFO] Retrieved 50 discussions via portal session for applicant 148235525
2026-09-05 23:58:06,259 [INFO] Retrieved 2 Sales Center opportunities via portal for applicant 148235525
2026-09-05 23:58:06,564 [INFO] Retrieved 50 discussions via portal session for applicant 150751441
2026-09-05 23:58:06,890 [INFO] Retrieved 1 Sales Center opportunities via portal for applicant 150751441
2026-09-05 23:58:07,255 [INFO] Retrieved 50 discussions via portal session for applicant 151382204
2026-09-05 23:58:07,585 [INFO] Retrieved 1 Sales Center opportunities via portal for applicant 151382204
2026-09-05 23:58:07,899 [INFO] Retrieved 50 discussions via portal session for applicant 151445306
2026-09-05 23:58:08,230 [INFO] Retrieved 2 Sales Center opportunities via portal for applicant 151445306
2026-09-05 23:58:08,493 [INFO] Retrieved 50 discussions via portal session for applicant 157388228
2026-09-05 23:58:08,824 [INFO] Retrieved 1 Sales Center opportunities via portal for applicant 157388228
2026-09-05 23:58:09,140 [INFO] Retrieved 50 discussions via portal session for applicant 163863318
2026-09-05 23:58:09,494 [INFO] Retrieved 1 Sales Center opportunities via portal for applicant 163863318
2026-09-05 23:58:09,742 [INFO] Retrieved 50 discussions via portal session for applicant 173838508
2026-09-05 23:58:10,101 [INFO] Retrieved 1 Sales Center opportunities via portal for applicant 173838508
2026-09-05 23:58:10,342 [INFO] Retrieved 50 discussions via portal session for applicant 186333470
2026-09-05 23:58:10,678 [INFO] Retrieved 2 Sales Center opportunities via portal for applicant 186333470
2026-09-05 23:58:10,921 [INFO] Retrieved 50 discussions via portal session for applicant 193438339
2026-09-05 23:58:11,254 [INFO] Retrieved 1 Sales Center opportunities via portal for applicant 193438339
2026-09-05 23:58:11,544 [INFO] Retrieved 27 discussions via portal session for applicant 196126698
2026-09-05 23:58:11,901 [INFO] Retrieved 1 Sales Center opportunities via portal for applicant 196126698
2026-09-05 23:58:12,124 [INFO] Retrieved 50 discussions via portal session for applicant 196851140
2026-09-05 23:58:12,455 [INFO] Retrieved 1 Sales Center opportunities via portal for applicant 196851140
2026-09-05 23:58:12,692 [INFO] Retrieved 50 discussions via portal session for applicant 197389903
2026-09-05 23:58:13,023 [INFO] Retrieved 1 Sales Center opportunities via portal for applicant 197389903
2026-09-05 23:58:13,311 [INFO] Retrieved 50 discussions via portal session for applicant 197891661
2026-09-05 23:58:13,642 [INFO] Retrieved 1 Sales Center opportunities via portal for applicant 197891661
2026-09-05 23:58:13,941 [INFO] Retrieved 50 discussions via portal session for applicant 197895504
2026-09-05 23:58:14,265 [INFO] Retrieved 1 Sales Center opportunities via portal for applicant 197895504
2026-09-05 23:58:14,532 [INFO] Retrieved 50 discussions via portal session for applicant 198604342
2026-09-05 23:58:14,862 [INFO] Retrieved 2 Sales Center opportunities via portal for applicant 198604342
2026-09-05 23:58:15,136 [INFO] Retrieved 50 discussions via portal session for applicant 198908859
2026-09-05 23:58:15,479 [INFO] Retrieved 1 Sales Center opportunities via portal for applicant 198908859
2026-09-05 23:58:15,819 [INFO] Retrieved 50 discussions via portal session for applicant 199797602
2026-09-05 23:58:16,182 [INFO] Retrieved 1 Sales Center opportunities via portal for applicant 199797602
2026-09-05 23:58:16,492 [INFO] Retrieved 50 discussions via portal session for applicant 21587333
2026-09-05 23:58:16,831 [INFO] Retrieved 2 Sales Center opportunities via portal for applicant 21587333
2026-09-05 23:58:17,273 [INFO] Retrieved 50 discussions via portal session for applicant 21588091
2026-09-05 23:58:17,607 [INFO] Retrieved 1 Sales Center opportunities via portal for applicant 21588091
2026-09-05 23:58:17,833 [INFO] Retrieved 23 discussions via portal session for applicant 220250093
2026-09-05 23:58:18,190 [INFO] Retrieved 1 Sales Center opportunities via portal for applicant 220250093
2026-09-05 23:58:18,609 [INFO] Retrieved 50 discussions via portal session for applicant 25156187
2026-09-05 23:58:18,926 [INFO] Retrieved 1 Sales Center opportunities via portal for applicant 25156187
2026-09-05 23:58:19,294 [INFO] Retrieved 50 discussions via portal session for applicant 25721447
2026-09-05 23:58:19,620 [INFO] Retrieved 4 Sales Center opportunities via portal for applicant 25721447
2026-09-05 23:58:19,930 [INFO] Retrieved 50 discussions via portal session for applicant 26042781
2026-09-05 23:58:20,293 [INFO] Retrieved 2 Sales Center opportunities via portal for applicant 26042781
2026-09-05 23:58:20,594 [INFO] Retrieved 50 discussions via portal session for applicant 35209713
2026-09-05 23:58:20,956 [INFO] Retrieved 1 Sales Center opportunities via portal for applicant 35209713
2026-09-05 23:58:21,247 [INFO] Retrieved 50 discussions via portal session for applicant 54893172
2026-09-05 23:58:21,571 [INFO] Retrieved 7 Sales Center opportunities via portal for applicant 54893172
2026-09-05 23:58:21,868 [INFO] Retrieved 50 discussions via portal session for applicant 58768907
2026-09-05 23:58:22,194 [INFO] Retrieved 1 Sales Center opportunities via portal for applicant 58768907
2026-09-05 23:58:22,508 [INFO] Retrieved 50 discussions via portal session for applicant 58866127
2026-09-05 23:58:22,837 [INFO] Retrieved 1 Sales Center opportunities via portal for applicant 58866127
2026-09-05 23:58:23,124 [INFO] Retrieved 50 discussions via portal session for applicant 76858853
2026-09-05 23:58:23,481 [INFO] Retrieved 2 Sales Center opportunities via portal for applicant 76858853
2026-09-05 23:58:23,738 [INFO] Retrieved 50 discussions via portal session for applicant 79002334
2026-09-05 23:58:24,065 [INFO] Retrieved 1 Sales Center opportunities via portal for applicant 79002334
2026-09-05 23:58:24,325 [INFO] Retrieved 50 discussions via portal session for applicant 83571357
2026-09-05 23:58:25,094 [INFO] Retrieved 50 discussions via portal session for applicant 84705043
2026-09-05 23:58:25,416 [INFO] Retrieved 1 Sales Center opportunities via portal for applicant 84705043
2026-09-05 23:58:25,659 [INFO] Retrieved 50 discussions via portal session for applicant 95254866
2026-09-05 23:58:26,470 [INFO] Retrieved 50 discussions via portal session for applicant 99055770
2026-09-05 23:58:26,820 [INFO] Retrieved 1 Sales Center opportunities via portal for applicant 99055770
2026-09-05 23:58:27,087 [INFO] Retrieved 50 discussions via portal session for applicant 99340932
2026-09-05 23:58:27,409 [INFO] Retrieved 1 Sales Center opportunities via portal for applicant 99340932
{
  "applicants_scanned": 39,
  "applicant_ids": [
    "102351931",
    "143979332",
    "144897143",
    "145217363",
    "145834411",
    "148235525",
    "150751441",
    "151382204",
    "151445306",
    "157388228",
    "163863318",
    "173838508",
    "186333470",
    "193438339",
    "196126698",
    "196851140",
    "197389903",
    "197891661",
    "197895504",
    "198604342",
    "198908859",
    "199797602",
    "21587333",
    "21588091",
    "220250093",
    "25156187",
    "25721447",
    "26042781",
    "35209713",
    "54893172",
    "58768907",
    "58866127",
    "76858853",
    "79002334",
    "83571357",
    "84705043",
    "95254866",
    "99055770",
    "99340932"
  ],
  "dispatched": [],
  "errors": [],
  "dry_run": false
}
2026-09-05T23:58:27+00:00 finish robie call label watch rc=0
