Applicant_ID,Account_Name,Assigned_Agent,Branch_Name,Policy_Type,Line_of_Business,Master_Company,PolicyNumber,Effective_Date,Expiration_Date,Premium_Annualized,Agency,Agency_Code,Billing_Company,Billing_Type,Carrier_Name,Change_Amount,Change_Percent,Commission_Agency,Date_Cancelled,Date_Changed,Date_Created,Date_Downloaded,Date_LOB_Origination,Date_Modified,Department,LOB_Code,LOB_Sub_Code,Percent_Change,Policy_Detail_Status,Policy_Status,Policy_Term,Premium_Changed,Premium_Estimated_Fees,Premium_Estimated_Taxes,Premium_Full_Term,Premium_Written,Producer_Code,Producer_Code_Override,Rating_State,Renewal_Effective_Date,Renewal_Premium,Renewal_Premium_Change_Amount,Renewal_Premium_Change_Percent,Service_Team,Source,Transaction_Type,Writing_Company
21586515,Brooke & Brian Venet,"Molina, Jazmin",Streetsmart Insurance,Personal,Homeowners,Farmers Mutual Fire Ins. Co of Salem,HONJM07423,10/10/2025,10/10/2026,"$2,457.00",STREETSMART INSURANCE ,141546,,Unknown,Farmers Mutual Fire Ins. Co of Salem,$453.00,23.00%,$0.00,,10/10/2025,08/22/2020,08/27/2025,10/10/2020,07/16/2026,Personal Lines (P/L),HOME,,22.60,Applied,Active,12,"$2,457.00",$0.00,$0.00,"$2,457.00","$2,457.00",,,NJ,,$0.00,$0.00,0.00%,,Download,Renewal,FARMERS MUT FIRE INS CO OF SALEM CN
21586626,Austreber Magana,"Molina, Jazmin",Streetsmart Insurance,Personal,Auto (Personal),Progressive Insurance,50684742,04/15/2026,10/15/2026,"$2,710.57",STREETSMART INSURANCE ,33617,Progressive Insurance,Unknown,Progressive Insurance,($230.00),-14.00%,$0.00,,04/15/2026,02/04/2014,04/14/2026,10/15/2013,04/15/2026,Personal Lines (P/L),AUTOP,,4.78,Applied,Active,6,$0.00,$0.00,$0.00,"$1,359.00","$1,359.00",33617,,NJ,,$0.00,$0.00,0.00%,,Download,Policy Change,DRIVE NJ INS CO
21586682,Shirley Butulan,"Aguilar, Daniela",Streetsmart Insurance,Personal,Homeowners,Universal Property & Casualty Ins Co,4703-2300-0222,10/12/2025,10/12/2026,"$1,098.21",STREETSMART INSURANCE ,,,Direct,Universal Property & Casualty Ins Co,$0.00,0.00%,$0.00,,10/13/2025,09/19/2023,10/13/2025,10/12/2022,07/11/2026,Personal Lines (P/L),HOME,CONDO,0.00,Applied,Active,12,"$1,098.21",$0.00,$0.00,"$1,098.21","$1,098.21",,,NJ,,$0.00,$0.00,0.00%,,Download,DB Synch,UNIVERSAL PROP & CAS INS
21586817,Rose Fichtner,"Aguilar, Daniela",Streetsmart Insurance,Personal,Pers Umb (exs indemnity),"Stillwater Insurance Svcs, Inc",CL2102782,10/14/2025,10/14/2026,$249.00,STREETSMART INSURANCE ,G7X081,,Unknown,"Stillwater Insurance Svcs, Inc",($1.00),-1.00%,$0.00,10/14/2025,10/14/2025,10/13/2022,09/24/2025,10/14/2022,07/11/2026,Personal Lines (P/L),PUMBR,,34.59,Applied,Inactive,12,($185.00),$0.00,$0.00,$249.00,$249.00,IDP6895,,NJ,,$0.00,$0.00,0.00%,,Download,Cancel Conf,STILLWATER PROP & CAS INS CO
21586929,Harold McDermott,"Aguilar, Daniela",Streetsmart Insurance,Personal,Auto (Personal),Progressive Insurance,MC925193899,10/18/2025,10/18/2026,$199.00,STREETSMART INSURANCE ,33617,,Unknown,Progressive Insurance,($5.00),-2.00%,$0.00,,10/21/2025,10/22/2018,10/22/2025,10/18/2018,07/11/2026,Personal Lines (P/L),AUTOP,CYCL,-2.45,Applied,Active,12,($4.97),$0.00,$0.00,$199.00,$199.00,33617,,NJ,,$0.00,$0.00,0.00%,,Download,Policy Change,DRIVE NJ INS CO
21586929,Harold McDermott,"Aguilar, Daniela",Streetsmart Insurance,Personal,Auto (Personal),Plymouth Rock Assurance Corp,PAA80002121072,10/22/2025,10/22/2026,"$1,298.00",STREETSMART INSURANCE ,4500612,,Unknown,Palisades Insurance,$0.00,0.00%,$0.00,10/22/2025,10/22/2025,10/17/2019,10/23/2025,10/22/2019,07/11/2026,Personal Lines (P/L),AUTOP,,0.00,Applied,Inactive,12,"($1,290.00)",$0.00,$0.00,"$1,298.00","$1,298.00",3020760,,NJ,,$0.00,$0.00,0.00%,,Download,Cancel Conf,PALISADES SAFETY & INS ASSOC
21587007,Kathleen Doyle,"Molina, Jazmin",Streetsmart Insurance,Personal,Auto (Personal),Progressive Insurance,22093954,04/03/2026,10/3/2026,"$2,117.40",STREETSMART INSURANCE ,33617,Progressive Insurance,Direct,Progressive Insurance,$0.00,0.00%,$0.00,,04/03/2026,02/04/2014,04/04/2026,09/10/2013,06/08/2026,Personal Lines (P/L),AUTOP,,0.00,Applied,Active,6,"$1,050.00",$0.00,$0.00,"$1,050.00","$1,050.00",33617,,NJ,,$0.00,$0.00,0.00%, Carlo Ferrara,Download,Renewal,DRIVE NJ INS CO
21587032,Patricia Norris,"Molina, Jazmin",Streetsmart Insurance,Personal,Auto (Personal),Progressive Insurance,995076819,04/03/2026,10/3/2026,"$2,307.68",Streetsmart Insurance,33617,,Unknown,Progressive Insurance,$0.00,0.00%,$0.00,,04/03/2026,03/26/2025,04/04/2026,04/03/2025,04/04/2026,Personal Lines (P/L),AUTOP,,0.00,Applied,Active,6,"$1,157.00",$0.00,$0.00,"$1,157.00","$1,157.00",33617,,NJ,,$0.00,$0.00,0.00%,,Download,Renewal,DRIVE NJ INS CO
21587064,Faisal & Hajra Panjwani,"Aguilar, Daniela",Streetsmart Insurance,Personal,Homeowners,InterGUARD Ltd,FAHO624035,10/06/2025,10/6/2026,"$2,497.00",STREETSMART INSURANCE ,NJSMAR10,,Unknown,InterGUARD Ltd,$46.00,2.00%,$0.00,,10/06/2025,09/29/2021,09/01/2025,10/06/2021,07/11/2026,Personal Lines (P/L),HOME,,1.88,Applied,Active,12,"$2,497.00",$0.00,$0.00,"$2,497.00","$2,497.00",,,NJ,,$0.00,$0.00,0.00%,,Download,Renewal,AMGUARD INS CO
21587159,Joan Osborne,"Molina, Jazmin",Streetsmart Insurance,Personal,Auto (Personal),Plymouth Rock Assurance Corp,PAA80002198441,10/14/2025,10/14/2026,"$3,891.00",STREETSMART INSURANCE ,4500612,,Direct,Palisades Insurance,$0.00,0.00%,$0.00,,10/14/2025,10/20/2023,11/04/2025,10/14/2022,11/04/2025,Personal Lines (P/L),AUTOP,,0.00,Applied,Active,12,$0.00,$0.00,$0.00,"$3,891.00","$3,891.00",3020760,,NJ,,$0.00,$0.00,0.00%,,Download,Policy Change,PALISADES SAFETY & INS ASSOC
21587245,B&E Home Solutions,"Cimei, Taylor",Streetsmart Insurance,Commercial,Business owners,Utica First Insurance Company,ART3000531950,10/05/2025,10/5/2026,$816.06,STREETSMART INSURANCE ,20000985,,Unknown,Utica First Insurance Company,$0.00,0.00%,$0.00,10/05/2025,10/05/2025,09/02/2016,10/04/2025,10/05/2012,10/05/2025,Commercial Lines (C/L),BOP,,0.20,Applied,Inactive,12,($814.44),$0.00,$0.00,$816.06,$816.06,,,NJ,,$0.00,$0.00,0.00%,,Download,Cancel Conf,Utica First Insurance Company
21587333,Green Lion Lawn Care LLC DBA Lawn Buddies,"Ferrara, Jake",Streetsmart Insurance,Commercial,Genl Liability,Philadelphia Ins Co.,PHSD1884823-000,10/18/2025,10/18/2026,"$1,294.00",Streetsmart Insurance,111699,,Unknown,Philadelphia Ins Co.,($32.97),-2.00%,$0.00,,10/18/2025,10/22/2025,10/22/2025,10/18/2025,11/11/2025,Commercial Lines (C/L),CGL,,-2.48,Applied,Active,12,"$1,294.00",$0.00,$0.00,"$1,294.00","$1,294.00",111699,,NJ,,$0.00,$0.00,0.00%,,Download,New Business,PHILADELPHIA IND INS CO
21587333,Green Lion Lawn Care LLC DBA Lawn Buddies,"Ferrara, Jake",Streetsmart Insurance,Commercial,Business Owners,Coterie,CBB-00113127-02,10/20/2025,10/20/2026,"$5,184.00",STREETSMART INSURANCE ,,,Direct,Coterie,$523.00,11.00%,$0.00,,10/20/2025,10/23/2023,09/08/2025,09/15/2013,11/11/2025,Commercial Lines (C/L),BOP,BOP,11.22,Applied,Active,12,$0.00,$73.00,$0.00,"$5,184.00","$5,184.00",,,NJ,,$0.00,$0.00,0.00%,,Manual,Renewal,BENCHMARK INS CO-Stone Falls
21587355,Innovation Enterprises of W. Windsor LLC,"Cimei, Taylor",Streetsmart Insurance,Commercial,Business owners,Utica First Insurance Company,ART3000653890,10/11/2025,10/11/2026,$698.46,STREETSMART INSURANCE ,20000985,,Direct,Utica First Insurance Company,($218.28),-24.00%,$0.00,07/03/2026,07/03/2026,10/20/2016,07/04/2026,10/11/2016,07/04/2026,Commercial Lines (C/L),BOP,,-23.81,Applied,Inactive,12,($218.28),$0.00,$0.00,$698.46,$698.46,,,NJ,,$0.00,$0.00,0.00%,,Download,Cancel Conf,Utica First Insurance Company
21587522,PNM Contracting NJ LLC,"Santana, Sandy",Streetsmart Insurance,Commercial,Workers comp,InterGUARD Ltd,R2WC664613,10/04/2025,10/3/2026,"$2,719.45",Streetsmart Insurance,NJSMAR10,,Direct,InterGUARD Ltd,$0.00,0.00%,$0.00,,05/04/2026,10/07/2025,05/04/2026,10/04/2025,05/04/2026,Commercial Lines (C/L),WORK,,0.00,Applied,Active,12,"$2,712.00",$0.00,$0.00,"$2,712.00","$2,712.00",,,NJ,,$0.00,$0.00,0.00%,,Download,Policy Change,AMGUARD INS CO
21587526,Prince Construction Inc,"Santana, Sandy",Streetsmart Insurance,Commercial,Business Owners,Utica First Insurance Company,ART3000590100,10/14/2025,10/14/2026,"$1,047.13",STREETSMART INSURANCE ,20000985,,Unknown,Utica First Insurance Company,$0.00,0.00%,$0.00,10/14/2025,10/14/2025,08/10/2022,10/15/2025,10/14/2022,10/15/2025,Commercial Lines (C/L),BOP,,0.00,Applied,Inactive,12,"($1,047.13)",$0.00,$0.00,"$1,047.13","$1,047.13",,,NJ,,$0.00,$0.00,0.00%,,Download,Cancel Conf,Utica First Insurance Company
21587530,Pro Built Interiors LLC,"Cimei, Taylor",Streetsmart Insurance,Commercial,Workers comp,NJCRIB - Hartford Assigned Risk,6S60UB-A421243-7-25,10/07/2025,10/7/2026,"$4,196.94",Streetsmart Insurance,,,Direct,NJCRIB - Hartford Assigned Risk,"$1,411.00",113.00%,$0.00,03/12/2026,04/15/2026,10/10/2025,04/15/2026,10/07/2025,04/15/2026,Commercial Lines,WORK,WORK,112.52,Applied,Inactive,12,"$1,411.00",$0.00,$0.00,"$4,196.94","$2,665.00",,,NJ,,$0.00,$0.00,0.00%,,Manual,Audit,HARTFORD UNDERWRITERS INS CO
21587781,Alt Mechanical,"Cimei, Taylor",Streetsmart Insurance,Commercial,Auto (Commercial),Progressive Insurance,04218958,10/20/2025,10/20/2026,"$7,771.00",STREETSMART INSURANCE ,33617,,Direct,Progressive Insurance,$0.00,0.00%,$0.00,10/20/2025,10/20/2025,10/25/2017,10/22/2025,10/20/2017,10/30/2025,Commercial Lines (C/L),AUTOB,,0.00,Applied,Inactive,12,"($7,771.00)",$0.00,$0.00,"$7,771.00","$7,771.00",33617,,NJ,,$0.00,$0.00,0.00%,,Download,Cancel Conf,DRIVE NJ INS CO
21587896,Maya Hookah Lounge LLC,"Cimei, Taylor",Streetsmart Insurance,Commercial,Workers comp,Pie Insurance,WC PI 529080-002,10/14/2025,10/14/2026,"$1,206.00",Streetsmart Insurance,A11743,,Unknown,Firemans Fund Insurance Company,$0.00,0.00%,$0.00,,10/14/2025,10/07/2025,10/07/2025,10/14/2025,10/14/2025,Commercial Lines (C/L),WORK,,,Applied,Active,12,"$1,206.00",$0.00,$0.00,"$1,206.00","$1,206.00",,,NJ,,$0.00,$0.00,0.00%,,Download,Renewal,The Pie Insurance Company
21588061,Unique Crete LLC,"Cimei, Taylor",Streetsmart Insurance,Commercial,Commercial pkg,Selective Insurance,S  2683779,10/17/2025,10/17/2026,"$1,411.00",Streetsmart Insurance,8911000000,,Unknown,Selective Insurance,$0.00,0.00%,$0.00,,10/17/2025,10/16/2025,10/16/2025,10/17/2025,10/21/2025,Commercial Lines (C/L),CPKGE,,,Applied,Active,12,"$1,361.00",$0.00,$0.00,"$1,411.00","$1,411.00",,,NJ,,$0.00,$0.00,0.00%,,Download,New Business,SELECTIVE FIRE & CAS INS CO
21671309,Zenon & Halina Kopec,"Aguilar, Daniela",Streetsmart Insurance,Personal,Auto (Personal),Progressive Insurance,872465120,04/09/2026,10/9/2026,"$10,668.77",Streetsmart Insurance,33617,,Unknown,Progressive Insurance,$0.00,0.00%,$0.00,08/29/2026,08/29/2026,04/10/2026,09/01/2026,04/09/2026,09/01/2026,Personal Lines (P/L),AUTOP,,0.00,Applied,Inactive,6,"($1,198.17)",$0.00,$0.00,"$5,349.00","$5,349.00",33617,,NJ,,$0.00,$0.00,0.00%,,Download,Cancel Conf,DRIVE NJ INS CO
21696180,Angel's & Family Landscaping LLC,"Illanes, Andrea ",Streetsmart Insurance,Commercial,Commercial pkg,MSA Group (Main Street America),CP00173309,10/15/2025,10/15/2026,"$8,308.83",STREETSMART INSURANCE ,290106013,,Unknown,MSA Group (Main Street America),$310.93,4.00%,$0.00,,10/15/2025,10/15/2021,04/22/2026,10/15/2021,07/16/2026,Commercial Lines (C/L),CPKGE,,3.89,Applied,Active,12,$310.00,$0.00,$0.00,"$8,308.83","$8,308.83",290106,,NJ,,$0.00,$0.00,0.00%,,Download,Policy Change,NGM INS CO
21716088,Avi & Ruth Mazor,"Aguilar, Daniela",Streetsmart Insurance,Personal,Auto (Personal),Progressive Insurance,872693202,04/15/2026,10/15/2026,"$4,549.54",Streetsmart Insurance,33617,,Unknown,Progressive Insurance,$0.00,0.00%,$0.00,,05/07/2026,04/15/2026,05/08/2026,04/15/2026,07/11/2026,Personal Lines (P/L),AUTOP,,0.00,Applied,Active,6,$0.00,$0.00,$0.00,"$2,281.00","$2,281.00",33617,,FL,,$0.00,$0.00,0.00%,,Download,Policy Change,PROGRESSIVE AMER INS CO
21716164,Jeffrey & Genevieve Olsen,"Molina, Jazmin",Streetsmart Insurance,Personal,Homeowners,Selective Insurance,H  2440665,10/18/2025,10/18/2026,"$2,973.00",STREETSMART INSURANCE ,8911000000,,Direct,Selective Insurance,$578.00,24.00%,$0.00,,10/18/2025,09/08/2023,09/11/2025,10/17/2011,11/26/2025,Personal Lines (P/L),HOME,,24.13,Applied,Active,12,"$2,973.00",$0.00,$0.00,"$2,973.00","$2,973.00",0089110,,NJ,,$0.00,$0.00,0.00%,,Download,Renewal,SELECTIVE AUTO INS CO OF NJ
21716275,Sundeep Bhasin & Ramanjit Singh,"Aguilar, Daniela",Streetsmart Insurance,Personal,Dwelling fire,ASI (AMERICAN STRATEGIC INS),NJA25645,10/08/2025,10/8/2026,"$1,353.00",STREETSMART INSURANCE ,423119,ASI (AMERICAN STRATEGIC INS),Unknown,ASI (AMERICAN STRATEGIC INS),$20.00,2.00%,$0.00,,10/31/2025,02/11/2014,11/04/2025,10/08/2013,07/11/2026,Personal Lines (P/L),DFIRE,DFIRE,1.50,Applied,Active,12,$19.00,$0.00,$0.00,"$1,353.00","$1,353.00",423119,,NJ,,$0.00,$0.00,0.00%,,Download,Policy Change,AMERICAN STRATEGIC INS CORP
21774811,GAR Grover LLC,"Aguilar, Daniela",Streetsmart Insurance,Personal,Homeowners,National General Ins Co.,202532794601,10/15/2025,10/15/2026,"$2,271.00",Streetsmart Insurance,113563,,Unknown,National General Ins Co.,$0.00,0.00%,$0.00,,10/22/2025,10/16/2024,10/22/2025,10/15/2024,07/11/2026,Personal Lines (P/L),HOME,,0.00,Applied,Active,12,$0.00,$0.00,$0.00,"$2,271.00","$2,271.00",,,NJ,,$0.00,$0.00,0.00%,,Download,Policy Change,NATIONAL GEN INS CO
22253351,Gonz Carpentry LLC,"Valladarez, Angie",Streetsmart Insurance,Commercial,Commercial pkg,Selective Insurance,S  2469825,10/20/2025,10/20/2026,$229.00,STREETSMART INSURANCE ,8911000000,,Direct,Selective Insurance,"($2,365.00)",-91.00%,$0.00,,08/05/2026,10/05/2021,08/12/2026,10/20/2021,08/12/2026,Commercial Lines (C/L),CPKGE,,-91.17,Applied,Active,12,($492.00),$0.00,$0.00,$229.00,$229.00,,,NJ,,$0.00,$0.00,0.00%,,Download,Policy Change,SELECTIVE FIRE & CAS INS CO
22360446,Carl & Leslie Greenfield,"Huntley, Ashley",Streetsmart Insurance,Personal,Dwelling fire,Franklin Mut Grp,4214829,10/19/2025,10/19/2026,"$1,244.00",STREETSMART INSURANCE ,165100,,Direct,Franklin Mut Grp,$0.00,0.00%,$0.00,,10/19/2025,10/12/2023,10/16/2025,10/19/2021,09/01/2026,Personal Lines (P/L),DFIRE,DFIRE,0.00,Applied,Active,12,$0.00,$0.00,$0.00,"$1,244.00","$1,244.00",,,NJ,,$0.00,$0.00,0.00%,,Download,Policy Change,FMI INS CO
22667392,Purna Baniya,"Aguilar, Daniela",Streetsmart Insurance,Personal,Auto (Personal),Mercury Insurance,NJAP0000013818,04/03/2026,10/3/2026,"$1,540.40",STREETSMART INSURANCE ,N535,,Unknown,Mercury Insurance,($772.31),0.00%,$0.00,04/03/2026,04/03/2026,04/06/2015,04/03/2026,04/03/2015,07/11/2026,Personal Lines (P/L),AUTOP,,0.00,Applied,Inactive,6,($772.31),$0.00,$0.00,$772.31,$772.31,,,NJ,,$0.00,$0.00,0.00%,,Download,Cancel Conf,MERCURY IND CO OF AMER
22768367,Benedetto Marceca,"Illanes, Andrea ",Streetsmart Insurance,Commercial,Auto (Commercial),Progressive Insurance,04199123,10/11/2025,10/11/2026,"$1,409.00",Streetsmart Insurance,33617,,Direct,Progressive Insurance,$0.00,0.00%,$0.00,,10/11/2025,01/08/2024,01/17/2026,10/11/2017,07/16/2026,Commercial Lines (C/L),AUTOB,,0.00,Applied,Active,12,$0.00,$0.00,$0.00,"$1,409.00","$1,409.00",33617,,NJ,,$0.00,$0.00,0.00%, AW Warta,Download,DB Synch,DRIVE NJ INS CO
23349033,Lamarr McDaniel,"Aguilar, Daniela",Streetsmart Insurance,Personal,Auto (Personal),Bristol West,G01622000802,04/17/2026,10/17/2026,"$3,871.39",Streetsmart Insurance,2990339,,Unknown,Bristol West,$0.00,0.00%,$0.00,08/10/2026,08/10/2026,04/18/2025,08/11/2026,04/17/2025,08/11/2026,Personal Lines (P/L),AUTOP,,0.00,Applied,Inactive,6,($649.00),$0.00,$0.00,"$1,941.00","$1,941.00",2990339,,NJ,,$0.00,$0.00,0.00%,,Download,Cancel Conf,Bristol West                                      
24176291,Framaca Complete Home LLC,"Valladarez, Angie",Streetsmart Insurance,Commercial,Business Owners,Progressive Insurance,PGR944466665,10/11/2025,10/11/2026,"$4,305.88",STREETSMART INSURANCE ,33617,,Direct,Progressive Insurance,$351.05,9.00%,$0.00,,10/11/2025,10/15/2022,09/11/2025,06/26/2014,07/16/2026,Commercial Lines (C/L),BOP,,8.88,Applied,Active,12,"$4,305.88",$0.00,$0.00,"$4,305.88","$4,305.88",33617,,NJ,,$0.00,$0.00,0.00%,,Download,Renewal,DRIVE NJ INS CO
24704141,Deborah Savigliano,"Molina, Jazmin",Streetsmart Insurance,Personal,Auto (Personal),Safeco Insurance,K4404746,10/19/2025,10/19/2026,"$8,288.10",Streetsmart Insurance,571122,,Direct,Safeco Insurance,$857.56,12.00%,$0.00,,07/20/2026,10/17/2025,07/21/2026,10/19/2025,07/21/2026,Personal Lines (P/L),AUTOP,,11.54,Applied,Active,12,$285.84,$0.00,$0.00,"$8,288.10","$8,288.10",57-1122,,NJ,,$0.00,$0.00,0.00%,,Download,Policy Change,SAFECO INS CO OF AMER
24704141,Deborah Savigliano,"Molina, Jazmin",Streetsmart Insurance,Personal,Homeowners,Franklin Mut Grp,4237083,10/19/2025,10/19/2026,"$1,564.00",Streetsmart Insurance,165100,,Unknown,Franklin Mut Grp,$0.00,0.00%,$0.00,,11/14/2025,10/17/2025,11/21/2025,10/19/2025,11/21/2025,Personal Lines (P/L),HOME,,0.00,Applied,Active,12,"$1,452.93",$0.00,$0.00,"$1,564.00","$1,564.00",,,NJ,,$0.00,$0.00,0.00%,,Download,Reinstate,FMI INS CO
25068288,Peter Odato,"Huntley, Ashley",Streetsmart Insurance,Personal,Dwelling fire,ASI (AMERICAN STRATEGIC INS),NJA33970,10/12/2025,10/12/2026,"$1,488.00",STREETSMART INSURANCE ,423119,,Unknown,ASI (AMERICAN STRATEGIC INS),$0.00,0.00%,$0.00,,10/12/2025,08/13/2015,10/01/2025,10/12/2014,07/21/2026,Personal Lines (P/L),DFIRE,DFIRE,0.00,Applied,Active,12,"$1,488.00",$0.00,$0.00,"$1,488.00","$1,488.00",423119,,NJ,,$0.00,$0.00,0.00%,,Download,Policy Change,AMERICAN STRATEGIC INS CORP
25156187,Maier Solar LLC DBA Solar Me,"Illanes, Andrea ",Streetsmart Insurance,Commercial,Excess,AmWINS MGA,0100414172-0,11/20/2025,10/13/2026,"$24,040.89",Streetsmart Insurance,,AmWINS,Agency,AmWINS MGA,$0.00,0.00%,$0.00,,11/20/2025,11/25/2025,11/25/2025,11/20/2025,07/16/2026,Commercial Lines,EXCES,EXCES,,Applied,Active,11,$0.00,$500.00,"$1,076.90","$21,538.00","$21,538.00",,,NJ,,$0.00,$0.00,0.00%,,Manual,New Business,KINSALE INSURANCE COMPANY
25156187,Maier Solar LLC DBA Solar Me,"Illanes, Andrea ",Streetsmart Insurance,Commercial,Genl Liability,AmWINS MGA,BDG-3128281-01,10/13/2025,10/13/2026,"$44,492.00",STREETSMART INSURANCE ,,AmWINS MGA,Agency,AmWINS MGA,$0.00,0.00%,$10.00,,02/04/2026,10/11/2023,02/13/2026,08/30/2017,07/16/2026,Commercial Lines (C/L),CGL,CGL,0.00,Applied,Active,12,$0.00,$0.00,$0.00,"$44,492.00","$44,492.00",,,NJ,,$0.00,$0.00,0.00%,,Manual,Reinstate,MAXUM INDEMNITY COMPANY
25156187,Maier Solar LLC DBA Solar Me,"Illanes, Andrea ",Streetsmart Insurance,Commercial,Inland marine (comm),The Hartford,13 MS BL8665,10/15/2025,10/15/2026,"$2,507.00",STREETSMART INSURANCE ,,,Direct,The Hartford,$805.00,47.00%,$15.00,,10/15/2025,07/07/2021,10/14/2025,10/15/2020,07/16/2026,Commercial Lines (C/L),INMRC,INMRC,47.30,Applied,Active,12,$0.00,$0.00,$0.00,"$2,507.00","$2,507.00",,,NJ,,$0.00,$0.00,0.00%,,Manual,Renewal,TWIN CITY FIRE INS CO CO
25513963,John Chirgotis,"Molina, Jazmin",Streetsmart Insurance,Personal,Homeowners,American Modern Property & Casualty Ins Co,071100873221,10/11/2025,10/11/2026,$504.50,STREETSMART INSURANCE ,046901IRNJ16,,Unknown,American Modern Insurance,$0.00,0.00%,$0.00,,10/11/2025,08/03/2020,09/10/2025,10/11/2007,06/08/2026,Personal Lines (P/L),HOME,,0.00,Applied,Active,12,$1.50,$0.00,$0.00,$504.50,$504.50,IRNJ16,,NJ,,$0.00,$0.00,0.00%,,Download,Policy Change,American Modern Property & Casualty Ins Co
25691053,Bro's Construction LLC,"Illanes, Andrea ",Streetsmart Insurance,Commercial,Auto (Commercial),Progressive Insurance,04179898,10/02/2025,10/2/2026,"$5,534.00",STREETSMART INSURANCE ,33617,,Direct,Progressive Insurance,"($1,303.00)",-19.00%,$0.00,,05/05/2026,08/28/2019,05/06/2026,10/02/2019,07/16/2026,Commercial Lines (C/L),AUTOB,,-19.06,Applied,Active,12,($537.00),$0.00,$0.00,"$5,534.00","$5,534.00",33617,,NJ,,$0.00,$0.00,0.00%,,Download,Policy Change,DRIVE NJ INS CO
25709839,KP Drywall And Insulation Inc,"Valladarez, Angie",Streetsmart Insurance,Commercial,Genl Liability,MSA Group (Main Street America),CP00172959,10/13/2025,10/13/2026,($6.00),Streetsmart Insurance,290106013,,Unknown,MSA Group (Main Street America),$0.00,0.00%,$0.00,,11/13/2025,07/26/2025,04/21/2026,10/13/2025,07/16/2026,Commercial Lines (C/L),CGL,,0.00,Applied,Active,12,($6.00),$0.00,$0.00,($6.00),($6.00),290106,,NJ,,$0.00,$0.00,0.00%,,Download,Policy Change,NGM INS CO
25720416,Rosalind & Morris Cohen,"Molina, Jazmin",Streetsmart Insurance,Commercial,Dwelling fire,Johnson & Johnson Insurance,XDP5021843E,10/02/2025,10/2/2026,"$2,414.60",STREETSMART INSURANCE ,895543,,Direct,Lloyds Of London (Johnson & Johnson),$0.00,0.00%,$0.00,11/03/2025,11/03/2025,08/20/2021,11/12/2025,10/02/2021,06/08/2026,Personal Lines (P/L),DFIRE,,0.00,Applied,Inactive,12,$0.00,$0.00,$0.00,"$2,414.60","$2,414.60",,,NJ,,$0.00,$0.00,0.00%,,Download,Cancel Conf,LLOYDS OF LONDON
25721447,Perry Nazon,"Molina, Jazmin",Streetsmart Insurance,Personal,Homeowners,JIMCOR MGA,GLH14327,10/20/2025,10/20/2026,"$4,544.55",STREETSMART INSURANCE ,,JIMCOR MGA,Agency,JIMCOR MGA,$376.00,10.00%,$10.00,,10/20/2025,11/16/2022,08/22/2025,12/19/2019,10/20/2025,Personal Lines (P/L),HOME,HOME,9.91,Applied,Active,12,$0.00,$165.00,$208.55,"$4,544.55","$4,171.00",,,NJ,,$0.00,$0.00,0.00%,,Manual,Renewal,Great Lakes Insurance SE
25741684,Donald & Verna Gutzmore,"Aguilar, Daniela",Streetsmart Insurance,Personal,Auto (Personal),Progressive Insurance,909689497,04/08/2026,10/8/2026,"$4,900.57",STREETSMART INSURANCE ,33617,,Unknown,Progressive Insurance,$0.00,0.00%,$0.00,,04/08/2026,04/09/2016,04/09/2026,04/08/2016,07/11/2026,Personal Lines (P/L),AUTOP,,0.00,Applied,Active,6,"$2,457.00",$0.00,$0.00,"$2,457.00","$2,457.00",33617,,NJ,,$0.00,$0.00,0.00%,,Download,Renewal,DRIVE NJ INS CO
25742224,Toni & James Pecorale,"Aguilar, Daniela",Streetsmart Insurance,Personal,Auto (Personal),Progressive Insurance,22089821,04/14/2026,10/14/2026,"$11,847.54",STREETSMART INSURANCE ,33617,,Unknown,Progressive Insurance,($589.00),-9.00%,$0.00,,04/14/2026,09/03/2016,04/14/2026,10/01/2016,07/11/2026,Personal Lines (P/L),AUTOP,,-9.02,Applied,Active,6,($293.00),$0.00,$0.00,"$5,940.00","$5,940.00",33617,,NJ,,$0.00,$0.00,0.00%,,Download,Policy Change,DRIVE NJ INS CO
25765153,MEB Consulting,"Cimei, Taylor",Streetsmart Insurance,Commercial,Business owners,The Hartford,13SBMTJ5126,10/02/2025,10/2/2026,$0.00,STREETSMART INSURANCE ,13653284,,Direct,The Hartford,($606.00),0.00%,$0.00,01/30/2026,01/30/2026,10/04/2014,01/20/2026,10/02/2014,05/04/2026,Commercial Lines (C/L),BOP,,0.00,Applied,Inactive,12,($405.00),$0.00,$0.00,$606.00,$606.00,,,NJ,,$0.00,$0.00,0.00%,,Download,Cancel Conf,SENTINEL INS CO LTD
26360614,Joaquin Garza,"Aguilar, Daniela",Streetsmart Insurance,Personal,Homeowners,American Modern Property & Casualty Ins Co,071100892755,10/21/2025,10/21/2026,$404.20,STREETSMART INSURANCE ,028367,,Unknown,American Modern Insurance,$0.00,0.00%,$0.00,,12/16/2025,08/13/2020,12/25/2025,10/21/2009,07/11/2026,Personal Lines (P/L),HOME,,0.00,Applied,Active,12,$1.20,$0.00,$0.00,$404.20,$404.20,331366,,NJ,,$0.00,$0.00,0.00%,,Download,Policy Change,American Modern Property & Casualty Ins Co
26641076,Danielle & Carlo Ferrara,"Ferrara, Carlo",Streetsmart Insurance,Personal,Auto (Personal),Selective Insurance,F  5321585,10/13/2025,10/13/2026,"$3,474.00",STREETSMART INSURANCE ,8911000000,,Direct,Selective Insurance,$648.00,23.00%,$0.00,,10/13/2025,10/08/2020,09/04/2025,08/01/2019,10/13/2025,Personal Lines (P/L),AUTOP,,22.93,Applied,Active,12,"$3,474.00",$0.00,$0.00,"$3,474.00","$3,474.00",0089110,,NJ,,$0.00,$0.00,0.00%,,Download,Renewal,SELECTIVE AUTO INS CO OF NJ
26641076,Danielle & Carlo Ferrara,"Ferrara, Carlo",Streetsmart Insurance,Personal,Homeowners,Selective Insurance,H  2372049,10/13/2025,10/13/2026,"$1,808.00",STREETSMART INSURANCE ,8911000000,,Unknown,Selective Insurance,$281.00,18.00%,$0.00,,10/13/2025,10/08/2020,09/09/2025,10/13/2020,10/13/2025,Personal Lines (P/L),HOME,,18.40,Applied,Active,12,"$1,808.00",$0.00,$0.00,"$1,808.00","$1,808.00",0089110,,NJ,,$0.00,$0.00,0.00%,,Download,Renewal,SELECTIVE AUTO INS CO OF NJ
29163409,Robert Duncan,"Molina, Jazmin",Streetsmart Insurance,Personal,Auto (Personal),Plymouth Rock Assurance Corp,PAA80002068184,10/22/2025,10/22/2026,"$4,943.00",STREETSMART INSURANCE ,4500612,,Direct,Palisades Insurance,$0.00,0.00%,$0.00,,05/30/2026,11/07/2017,06/02/2026,10/22/2017,06/08/2026,Personal Lines (P/L),AUTOP,,0.00,Applied,Active,12,$0.00,$0.00,$0.00,"$4,943.00","$4,943.00",3020760,,NJ,,$0.00,$0.00,0.00%,,Download,Policy Change,PALISADES SAFETY & INS ASSOC
29896572,Lisa Webster,"Aguilar, Daniela",Streetsmart Insurance,Personal,Auto (Personal),Progressive Insurance,968949050,04/21/2026,10/21/2026,"$1,279.93",STREETSMART INSURANCE ,33617,,Direct,Progressive Insurance,($11.00),-2.00%,$0.00,,07/13/2026,04/22/2023,07/14/2026,04/21/2023,07/14/2026,Personal Lines (P/L),AUTOP,,0.00,Applied,Active,6,$0.00,$0.00,$0.00,$641.72,$641.72,33617,,NC,,$0.00,$0.00,0.00%,,Download,Policy Change,PROGRESSIVE SOUTHEASTERN INS CO
30506136,Robin & Joseph Marchese,"Aguilar, Daniela",Streetsmart Insurance,Personal,Flood,ASI (AMERICAN STRATEGIC INS),FLD304754,10/11/2025,10/11/2026,"$1,636.00",STREETSMART INSURANCE ,423119,,Unknown,ASI (AMERICAN STRATEGIC INS),($41.00),-2.00%,$0.00,,10/11/2025,08/06/2015,08/14/2026,07/24/2015,08/18/2026,Personal Lines (P/L),FLOOD,,17.11,Applied,Active,12,($41.00),$0.00,$0.00,"$1,636.00","$1,636.00",,,NJ,,$0.00,$0.00,0.00%,,Download,Policy Change,AMERICAN STRATEGIC INS CORP
31439734,At Your Service Construction LLC,"Illanes, Andrea ",Streetsmart Insurance,Commercial,Genl Liability,TAPCO Underwriters Inc.,CPS4103464,10/13/2025,10/13/2026,"($2,195.00)",STREETSMART INSURANCE ,,Tapco MGA,Agency,TAPCO Underwriters Inc.,$0.00,0.00%,$12.50,04/01/2026,04/01/2026,10/19/2022,04/01/2026,10/13/2022,07/16/2026,Commercial Lines (C/L),CGL,CGL,0.00,Applied,Inactive,12,$0.00,$0.00,$0.00,"($2,195.00)","($2,195.00)",,,NJ,,$0.00,$0.00,0.00%,,Manual,Cancel Conf,Unknown
32397880,Natalie & Hugo Sanchez,"Molina, Jazmin",Streetsmart Insurance,Personal,Homeowners,Farmers Mutual Fire Ins. Co of Salem,HONJ017605,10/22/2025,10/22/2026,"$1,639.00",STREETSMART INSURANCE ,141546,,Unknown,Farmers Mutual Fire Ins. Co of Salem,$369.00,29.00%,$0.00,,10/22/2025,10/14/2022,09/08/2025,10/22/2022,10/22/2025,Personal Lines (P/L),HOME,,29.06,Applied,Active,12,"$1,639.00",$0.00,$0.00,"$1,639.00","$1,639.00",,,NJ,,$0.00,$0.00,0.00%,,Download,Renewal,FARMERS MUT FIRE INS CO OF SALEM CN
32818818,Steven & Lisa Mutchler,"Molina, Jazmin",Streetsmart Insurance,Personal,Homeowners,InterGUARD Ltd,STHO669712,10/19/2025,10/19/2026,"$1,839.00",STREETSMART INSURANCE ,NJSMAR10,,Unknown,InterGUARD Ltd,$36.00,2.00%,$0.00,,10/19/2025,01/18/2019,09/15/2025,10/19/2018,10/19/2025,Personal Lines (P/L),HOME,,2.00,Applied,Active,12,"$1,839.00",$0.00,$0.00,"$1,839.00","$1,839.00",,,NJ,,$0.00,$0.00,0.00%,,Download,Renewal,AMGUARD INS CO
32900914,William Dicarlo & Yen Tran,"Molina, Jazmin",Streetsmart Insurance,Personal,Auto (Personal),Progressive Insurance,979562995,04/04/2026,10/4/2026,$941.42,Streetsmart Insurance,33617,,Direct,Progressive Insurance,($25.00),-5.00%,$0.00,,04/04/2026,04/05/2024,03/03/2026,12/18/2023,06/08/2026,Personal Lines (P/L),AUTOP,,-5.03,Applied,Active,6,$472.00,$0.00,$0.00,$472.00,$472.00,33617,,FL,,$0.00,$0.00,0.00%,,Download,Renewal,PROGRESSIVE AMER INS CO
32941812,Varsity Moving LLC,"Aguilar, Ricardo",Streetsmart Insurance,Commercial,Auto (Commercial),Specialty Coverage Insurance Agency MGA,812501-8883431Y,10/03/2025,10/3/2026,"$12,872.00",Streetsmart Insurance,,Specialty Coverage Insurance Agency,Agency,Specialty Coverage Insurance Agency MGA,$0.00,0.00%,$0.00,02/15/2026,02/15/2026,10/08/2025,04/23/2026,10/03/2025,06/02/2026,Trucking,AUTOB,AUTOB,0.00,Applied,Inactive,12,$0.00,$0.00,$0.00,"$12,872.00","$12,872.00",,,NJ,,$0.00,$0.00,0.00%,,Manual,Cancel Conf,PENNSYLVANIA MANUFACTURERS ASSOC INS
33644097,Brangel Transportation LLC,"Aguilar, Ricardo",Streetsmart Insurance,Commercial,Auto (Commercial),Rocklake Insurance Group MGA,ATR0125-C88874 NTL,10/20/2025,10/20/2026,$890.00,Streetsmart Insurance,,Rocklake Insurance Group MGA,Agency,Rocklake Insurance Group MGA,$0.00,0.00%,$0.00,12/11/2025,12/11/2025,10/22/2025,12/09/2025,10/20/2025,05/06/2026,Trucking,AUTOB,AUTOB,0.00,Applied,Inactive,12,$0.00,$0.00,$0.00,$890.00,$890.00,,,NJ,,$0.00,$0.00,0.00%,,Manual,Cancel Conf,"CERTAIN UNDERWRITERS LLOYDS, LONDON"
33644097,Brangel Transportation LLC,"Aguilar, Ricardo",Streetsmart Insurance,Commercial,Auto (Commercial),Rocklake Insurance Group MGA,CHB0125-C88874 APD,10/20/2025,10/20/2026,"$1,910.20",Streetsmart Insurance,,Rocklake Insurance Group MGA,Agency,Rocklake Insurance Group MGA,$0.00,0.00%,$0.00,12/11/2025,12/11/2025,10/22/2025,12/09/2025,10/20/2025,05/06/2026,Trucking,AUTOB,AUTOB,0.00,Applied,Inactive,12,$0.00,$0.00,$0.00,"$1,910.20","$1,910.20",,,NJ,,$0.00,$0.00,0.00%,,Manual,Cancel Conf,CHUBB EUROPEAN GROUP SE
34421098,AC Cleaning and Labor Llc,"Cimei, Taylor",Streetsmart Insurance,Commercial,Business Owners,Utica First Insurance Company,ART3000994360,10/06/2025,10/6/2026,$435.89,STREETSMART INSURANCE ,20000985,,Direct,Utica First Insurance Company,($926.35),-68.00%,$0.00,01/07/2026,01/07/2026,10/07/2023,01/13/2026,10/06/2023,01/13/2026,Commercial Lines (C/L),BOP,,-68.00,Applied,Inactive,12,($926.35),$0.00,$0.00,$435.89,$435.89,,,NJ,,$0.00,$0.00,0.00%,,Download,Cancel Conf,Utica First Insurance Company
34421098,AC Cleaning and Labor Llc,"Cimei, Taylor",Streetsmart Insurance,Commercial,Workers comp,Pie Insurance,WC PI 3105720-000,10/07/2025,10/7/2026,"$5,207.00",Streetsmart Insurance,A11743,,Direct,Pie Insurance,"$3,692.00",244.00%,$0.00,01/13/2026,01/13/2026,10/08/2025,01/14/2026,10/07/2025,01/14/2026,Commercial Lines (C/L),WORK,,0.00,Applied,Inactive,12,$0.00,$0.00,$0.00,"$5,207.00","$5,207.00",,,NJ,,$0.00,$0.00,0.00%,,Download,Cancel Conf,The Pie Insurance Company
35209713,Mindie Herman & Roxane Hermanns,"Molina, Jazmin",Streetsmart Insurance,Personal,Dwelling fire,New England Excess Exchange MGA,NELL12510348,10/20/2025,10/20/2026,"$1,056.40",Streetsmart Insurance,,,Direct,New England Excess Exchange MGA,$0.00,0.00%,$0.00,,10/20/2025,10/23/2025,10/23/2025,10/20/2025,06/08/2026,Personal Lines (P/L),DFIRE,DFIRE,,Applied,Active,12,$0.00,$145.00,$43.40,"$1,056.40",$868.00,,,NJ,,$0.00,$0.00,0.00%,,Manual,New Business,LLOYDS OF LONDON
37360846,Patricia & Richard Ford,"Aguilar, Daniela",Streetsmart Insurance,Personal,Auto (Personal),Nationwide Insurance,5129J 014747,04/12/2026,10/12/2026,"$3,528.59",STREETSMART INSURANCE ,56792,,Direct,Harleysville Mutual Insurance,"($1,792.90)",0.00%,$0.00,04/12/2026,04/12/2026,10/13/2021,03/11/2026,10/12/2017,07/11/2026,Personal Lines (P/L),AUTOP,,-1.33,Applied,Inactive,6,"($1,792.90)",$0.00,$0.00,"$1,769.13","$1,769.13",002,,NJ,,$0.00,$0.00,0.00%,,Download,Cancel Conf,HARLEYSVILLE INS CO OF NJ
38297260,Cordova & Sons Painting LLC,"Valladarez, Angie",Streetsmart Insurance,Commercial,Auto (Commercial),Progressive Insurance,872195988,04/03/2026,10/3/2026,"$1,828.99",Streetsmart Insurance,33617,,Direct,Progressive Insurance,$0.00,0.00%,$0.00,,04/03/2026,04/15/2026,06/23/2026,04/03/2026,07/16/2026,Commercial Lines (C/L),AUTOB,,0.00,Applied,Active,6,$0.00,$0.00,$0.00,$917.00,$917.00,33617,,NJ,,$0.00,$0.00,0.00%,,Download,Policy Change,DRIVE NJ INS CO
38546635,Grace In Motion School of Dance LLC,"Valladarez, Angie",Streetsmart Insurance,Commercial,Workers comp,First Comp,MWC0192046-05,10/15/2025,10/15/2026,$970.00,STREETSMART INSURANCE ,850069,,Direct,First Comp,($58.00),-6.00%,$0.00,,10/15/2025,09/17/2021,10/02/2025,07/23/2021,07/16/2026,Commercial Lines (C/L),WORK,,-5.64,Applied,Active,12,$970.00,$0.00,$0.00,$970.00,$970.00,1210247,,NJ,,$0.00,$0.00,0.00%,,Download,Renewal,MARKEL INS CO
40391331,Ena Forrester-Webster,"Aguilar, Daniela",Streetsmart Insurance,Personal,Auto (Personal),Bristol West,G00896558116,04/20/2026,10/20/2026,"$3,985.08",STREETSMART INSURANCE ,2990339,,Unknown,Bristol West,$54.00,3.00%,$0.00,,04/20/2026,03/20/2023,03/17/2026,04/20/2023,07/11/2026,Personal Lines (P/L),AUTOP,,2.78,Applied,Active,6,"$1,998.00",$0.00,$0.00,"$1,998.00","$1,998.00",2990339,,NJ,,$0.00,$0.00,0.00%,,Download,Renewal,Bristol West                                      
41031488,Zhanna Lehka,"Molina, Jazmin",Streetsmart Insurance,Personal,Auto (Personal),Progressive Insurance,988239626,10/20/2025,10/20/2026,"$2,320.00",Streetsmart Insurance,33617,,Unknown,Progressive Insurance,$0.00,0.00%,$0.00,,10/20/2025,10/18/2024,10/21/2025,10/20/2024,10/21/2025,Personal Lines (P/L),AUTOP,,0.00,Applied,Active,12,"$2,320.00",$0.00,$0.00,"$2,320.00","$2,320.00",33617,,NJ,,$0.00,$0.00,0.00%,,Download,Renewal,DRIVE NJ INS CO
41530468,Debra  Lawrence Natale Trust,"Molina, Jazmin",Streetsmart Insurance,Personal,Auto (Personal),Nationwide Insurance,5129J 021496,04/15/2026,10/15/2026,"($5,147.58)",STREETSMART INSURANCE ,56792,,Unknown,Harleysville Mutual Insurance,"($2,580.84)",0.00%,$0.00,04/15/2026,04/15/2026,09/01/2022,04/22/2026,10/15/2022,04/22/2026,Personal Lines (P/L),AUTOP,,-200.00,Applied,Inactive,6,"($2,580.84)",$0.00,$0.00,"($2,580.84)","($2,580.84)",002,,NJ,,$0.00,$0.00,0.00%,,Download,Cancel Conf,HARLEYSVILLE INS CO OF NJ
41759944,Ciao Pizzeria & Restaurant INC,"Illanes, Andrea ",Streetsmart Insurance,Commercial,Business Owners,Merchants Insurance Group,BOPI111867,10/17/2025,10/17/2026,"$2,847.00",STREETSMART INSURANCE ,84409,,Unknown,Merchants Insurance Group,$0.00,0.00%,$0.00,07/11/2026,07/11/2026,10/27/2022,07/17/2026,10/17/2022,07/17/2026,Commercial Lines (C/L),BOP,,0.00,Applied,Inactive,12,($764.00),$0.00,$0.00,"$2,847.00","$2,847.00",,,NJ,,$0.00,$0.00,0.00%,,Download,Cancel Conf,MERCHANTS PREFERRED INS CO
44075654,Anthony & Maria Rossi,"Molina, Jazmin",Streetsmart Insurance,Personal,Auto (Personal),Travelers,6104837042061,10/21/2025,10/21/2026,"$2,223.00",STREETSMART INSURANCE ,0CHN190000,,Unknown,Travelers,($64.00),-3.00%,$0.00,,06/29/2026,10/15/2021,06/30/2026,10/21/2021,06/30/2026,Personal Lines (P/L),AUTOP,,-2.80,Applied,Active,12,($21.00),$0.00,$0.00,"$2,223.00","$2,223.00",,,NJ,,$0.00,$0.00,0.00%,,Download,Policy Change,ST PAUL PROTECTIVE INS CO
44075654,Anthony & Maria Rossi,"Molina, Jazmin",Streetsmart Insurance,Personal,Pers Umb (exs indemnity),Travelers,6104842383117,10/21/2025,10/21/2026,$493.00,STREETSMART INSURANCE ,0CHN190000,,Unknown,Travelers,$0.00,0.00%,$0.00,,06/29/2026,10/27/2021,06/30/2026,10/21/2021,06/30/2026,Personal Lines (P/L),PUMBR,,0.00,Applied,Active,12,$0.00,$0.00,$0.00,$493.00,$493.00,,,NJ,,$0.00,$0.00,0.00%,,Download,Policy Change,FIDELITY & GUAR INS UNDERWRITERS INC
44290430,Pirin Construction LLC,"Illanes, Andrea ",Streetsmart Insurance,Commercial,Genl Liability,"MGA Resource, LLC",L259004982-1,10/11/2025,10/11/2026,"$5,211.00",Streetsmart Insurance,963050,"MGA Resource, LLC",Agency,"MGA Resource, LLC",$0.00,0.00%,$0.00,,10/11/2025,10/17/2024,02/19/2026,10/11/2024,07/16/2026,Commercial Lines (C/L),CGL,,0.00,Applied,Active,12,$0.00,$0.00,$0.00,"$5,211.00","$5,211.00",,,NJ,,$0.00,$0.00,0.00%,,Download,Policy Change,Atlantic Casualty Insurance Company
44290430,Pirin Construction LLC,"Illanes, Andrea ",Streetsmart Insurance,Commercial,Umbrella - Comm,"MGA Resource, LLC",MX0083001001726,10/11/2025,10/11/2026,"$13,040.00",Streetsmart Insurance,,Tuscano Agency,Agency,"MGA Resource, LLC",$0.00,0.00%,$0.00,10/29/2025,10/29/2025,10/15/2024,11/17/2025,10/11/2024,07/16/2026,Commercial Lines (C/L),CUMBR,CUMBR,0.00,Applied,Inactive,12,$0.00,$0.00,$0.00,"$13,040.00","$12,000.00",,,NJ,,$0.00,$0.00,0.00%,,Manual,Cancel Conf,MESA UNDERWRITERS SPECIALTY INS CO
47126196,Cheryl Inocencio,"Aguilar, Daniela",Streetsmart Insurance,Personal,Flood,Wright National Flood Ins. Co,29 1152209437   04,10/16/2025,10/16/2026,"$1,862.00",STREETSMART INSURANCE ,9999900004,,Unknown,Wright National Flood Ins. Co,$104.00,6.00%,$0.00,,10/16/2025,11/07/2017,10/07/2025,10/16/2017,07/11/2026,Personal Lines (P/L),FLOOD,,5.92,Applied,Active,12,"$1,862.00",$0.00,$0.00,"$1,862.00","$1,862.00",0702122,,NJ,,$0.00,$0.00,0.00%,,Download,Renewal,WRIGHT NATL FLOOD INS CO
47339411,Brian McCabe,"Aguilar, Daniela",Streetsmart Insurance,Personal,Flood,Wright National Flood Ins. Co,29 1152765090   00,10/11/2025,10/11/2026,"$2,887.00",Streetsmart Insurance,9999900004,,Unknown,Wright National Flood Ins. Co,$0.00,0.00%,$0.00,,10/11/2025,09/12/2025,09/12/2025,10/11/2025,07/11/2026,Personal Lines (P/L),FLOOD,,,Applied,Active,12,"$2,887.00",$0.00,$0.00,"$2,887.00","$2,887.00",0702122,,NJ,,$0.00,$0.00,0.00%,,Download,New Business,WRIGHT NATL FLOOD INS CO
48137418,Winston & Sandra James,"Aguilar, Daniela",Streetsmart Insurance,Personal,Flood,Wright National Flood Ins. Co,29 1152209111   04,10/15/2025,10/15/2026,"$1,259.00",STREETSMART INSURANCE ,9999900004,,Unknown,Wright National Flood Ins. Co,$0.00,0.00%,$0.00,,10/15/2025,11/13/2020,02/19/2026,10/15/2020,07/11/2026,Personal Lines (P/L),FLOOD,,0.00,Applied,Active,12,$0.00,$0.00,$0.00,"$1,259.00","$1,259.00",0702122,,NJ,,$0.00,$0.00,0.00%,,Download,DB Synch,WRIGHT NATL FLOOD INS CO
48622977,SHRUTI NAYAR & ASHISH VADEHRA,"Molina, Jazmin",Streetsmart Insurance,Personal,Auto (Personal),Safeco Insurance,K4207399,10/20/2025,10/20/2026,"$3,269.30",STREETSMART INSURANCE ,571122,,Direct,Safeco Insurance,$0.00,0.00%,$0.00,,07/22/2026,10/21/2023,07/24/2026,10/03/2019,07/24/2026,Personal Lines (P/L),AUTOP,,0.00,Applied,Active,12,"$3,269.30",$0.00,$0.00,"$3,269.30","$3,269.30",57-1122,,NJ,,$0.00,$0.00,0.00%,,Download,Policy Change,SAFECO INS CO OF AMER
48622977,SHRUTI NAYAR & ASHISH VADEHRA,"Molina, Jazmin",Streetsmart Insurance,Personal,Homeowners,Safeco Insurance,OK7543583,10/20/2025,10/20/2026,"$1,333.00",STREETSMART INSURANCE ,571122,,Direct,Safeco Insurance,$0.00,0.00%,$0.00,,07/22/2026,10/21/2023,07/24/2026,09/28/2017,07/24/2026,Personal Lines (P/L),HOME,,0.00,Applied,Active,12,"$1,333.00",$0.00,$0.00,"$1,333.00","$1,333.00",57-1122,,NJ,,$0.00,$0.00,0.00%,,Download,Policy Change,SAFECO INS CO OF AMER
48953719,Richard Silvani,"Molina, Jazmin",Streetsmart Insurance,Personal,Homeowners,American Modern Property & Casualty Ins Co,071103879391,10/09/2025,10/9/2026,$561.68,STREETSMART INSURANCE ,046901IRNJ16,,Unknown,American Modern Insurance,$0.00,0.00%,$0.00,,10/09/2025,10/04/2023,09/10/2025,10/09/2023,10/09/2025,Personal Lines (P/L),HOME,,0.00,Applied,Active,12,$1.68,$0.00,$0.00,$561.68,$561.68,IRNJ16,,NJ,,$0.00,$0.00,0.00%,,Download,Policy Change,American Modern Property & Casualty Ins Co
48989705,Matthew Brennan Plumbing Inc.,"Valladarez, Angie",Streetsmart Insurance,Commercial,Business Owners,Progressive Insurance,PGR973343766,10/07/2025,10/7/2026,"$3,883.62",Streetsmart Insurance,33617,,Unknown,Progressive Insurance,$0.00,0.00%,$0.00,,10/07/2025,10/08/2025,11/06/2025,10/07/2025,07/16/2026,Commercial Lines (C/L),BOP,,0.00,Applied,Active,12,$0.00,$0.00,$0.00,"$3,883.62","$3,883.62",33617,,NJ,,$0.00,$0.00,0.00%,,Download,Policy Change,DRIVE NJ INS CO
49017645,Harrison Donahue,"Molina, Jazmin",Streetsmart Insurance,Personal,Flood,Wright National Flood Ins. Co,29 SFA0001579   08,10/16/2025,10/16/2026,"$1,139.00",STREETSMART INSURANCE ,9999900004,,Unknown,Wright National Flood Ins. Co,"$1,139.00",0.00%,$0.00,,10/16/2025,10/18/2017,10/09/2025,10/16/2017,06/08/2026,Personal Lines (P/L),FLOOD,,0.00,Applied,Active,12,"$1,139.00",$0.00,$0.00,"$1,139.00","$1,139.00",0702122,,NJ,,$0.00,$0.00,0.00%,,Download,Renewal,WRIGHT NATL FLOOD INS CO
49030024,Murielle Gabriel Paul,"Aguilar, Daniela",Streetsmart Insurance,Personal,Homeowners,Universal Property & Casualty Ins Co,4701-2100-4704,10/18/2025,10/18/2026,"$2,123.59",STREETSMART INSURANCE ,,,Direct,Universal Property & Casualty Ins Co,$0.00,0.00%,$0.00,,10/19/2025,10/19/2021,10/20/2025,10/18/2021,07/11/2026,Personal Lines (P/L),HOME,,0.00,Applied,Active,12,"$2,123.59",$0.00,$0.00,"$2,123.59","$2,123.59",,,NJ,,$0.00,$0.00,0.00%,,Download,DB Synch,UNIVERSAL PROP & CAS INS
49102022,Avani Parikh,"Huntley, Ashley",Streetsmart Insurance,Personal,Dwelling fire,Johnson & Johnson Insurance,DFS4002058,10/04/2025,10/4/2026,"$3,820.40",Streetsmart Insurance,895543,,Direct,Johnson & Johnson Insurance,($274.05),-7.00%,$0.00,,05/12/2026,10/09/2025,05/12/2026,10/04/2025,08/14/2026,Personal Lines (P/L),DFIRE,DFIRE,-6.69,Applied,Active,12,($109.20),$0.00,$0.00,"$3,820.40","$3,820.40",,,NJ,,$0.00,$0.00,0.00%,,Download,Policy Change,SCOTTSDALE INS CO
49267826,Rambull Incorporated Of Maryland DBA  Rambull,"Aguilar, Ricardo",Streetsmart Insurance,Commercial,Auto (Commercial),Progressive Insurance,04178941,10/02/2025,10/2/2026,"$4,898.00",STREETSMART INSURANCE ,33617,,Direct,Progressive Insurance,$0.00,0.00%,$0.00,,10/20/2025,10/02/2017,01/17/2026,10/02/2017,07/16/2026,Commercial Lines (C/L),AUTOB,,0.00,Applied,Active,12,$0.00,$0.00,$0.00,"$4,898.00","$4,898.00",33617,,MD,,$0.00,$0.00,0.00%,,Download,DB Synch,PROGRESSIVE CAS INS CO
49338990,Jeffrey Abdin & Robyn Moran,"Molina, Jazmin",Streetsmart Insurance,Personal,Flood,Wright National Flood Ins. Co,29 SFA0001590   08,10/12/2025,10/12/2026,$751.00,STREETSMART INSURANCE ,9999900004,,Unknown,Wright National Flood Ins. Co,$24.00,3.00%,$0.00,,10/12/2025,10/30/2017,10/02/2025,10/12/2017,06/08/2026,Personal Lines (P/L),FLOOD,,3.30,Applied,Active,12,$751.00,$0.00,$0.00,$751.00,$751.00,0702122,,NJ,,$0.00,$0.00,0.00%,,Download,Renewal,WRIGHT NATL FLOOD INS CO
49798212,Laura & Kenneth Dugan,"Molina, Jazmin",Streetsmart Insurance,Personal,Dwelling fire,Homeowners Choice, HCPC-DP3-822747-5,10/12/2025,10/12/2026,"$2,384.00",STREETSMART INSURANCE ,,,Direct,Homeowners Choice,$0.00,0.00%,$10.00,05/28/2026,05/28/2026,01/26/2022,04/23/2026,01/15/2022,06/08/2026,Personal Lines (P/L),DFIRE,DFIRE,0.00,Applied,Inactive,12,$0.00,$0.00,$0.00,"$2,384.00","$2,384.00",,,NJ,,$0.00,$0.00,0.00%,,Manual,Cancel Conf,HOMEOWNERS CHOICE PROP & CAS INS CO
49831031,William & Mary Quigley,"Aguilar, Daniela",Streetsmart Insurance,Personal,Homeowners,Narragansett Bay Ins. Co.,NJH0049787,10/18/2025,10/18/2026,$519.00,STREETSMART INSURANCE ,N4756,,Unknown,Narragansett Bay Ins. Co.,$0.00,0.00%,$0.00,,10/18/2025,09/14/2020,10/02/2025,10/18/2017,07/11/2026,Personal Lines (P/L),HOME,CONDO,0.00,Applied,Active,12,$519.00,$0.00,$0.00,$519.00,$519.00,,,NJ,,$0.00,$0.00,0.00%,,Download,Policy Change,NARRAGANSETT BAY INS CO
50136854,Elena Chambous,"Valladarez, Angie",Streetsmart Insurance,Commercial,Commercial pkg,Selective Insurance,S  2529818,10/15/2025,10/15/2026,"$1,485.00",STREETSMART INSURANCE ,8911000000,,Direct,Selective Insurance,$122.00,9.00%,$0.00,,10/15/2025,10/01/2022,08/29/2025,10/15/2022,07/16/2026,Commercial Lines (C/L),CPKGE,,8.95,Applied,Active,12,"$1,410.00",$0.00,$0.00,"$1,485.00","$1,485.00",,,NJ,,$0.00,$0.00,0.00%,,Download,Renewal,SELECTIVE INS CO OF NEW ENGLAND
51379219,Richard Shulman,"Molina, Jazmin",Streetsmart Insurance,Personal,Auto (Personal),Safeco Insurance,K4203628,10/11/2025,10/11/2026,"$3,874.20",STREETSMART INSURANCE ,571122,,Unknown,Safeco Insurance,$0.00,0.00%,$0.00,,07/22/2026,10/12/2023,07/24/2026,10/11/2023,07/24/2026,Personal Lines (P/L),AUTOP,,0.00,Applied,Active,12,"$3,874.20",$0.00,$0.00,"$3,874.20","$3,874.20",57-1122,,NJ,,$0.00,$0.00,0.00%,,Download,Policy Change,SAFECO INS CO OF AMER
53127000,Rik & Haroula Couwenberg,"Molina, Jazmin",Streetsmart Insurance,Personal,Auto (Personal),Progressive Insurance,987891939,04/09/2026,10/9/2026,"$10,772.49",Streetsmart Insurance,33617,,Unknown,Progressive Insurance,"($2,103.00)",-28.00%,$0.00,,04/09/2026,10/10/2024,05/08/2026,10/09/2024,06/08/2026,Personal Lines (P/L),AUTOP,,-4.98,Applied,Active,6,"($2,103.00)",$0.00,$0.00,"$5,401.00","$5,401.00",33617,,NJ,,$0.00,$0.00,0.00%,,Download,Policy Change,DRIVE NJ INS CO
54893172,Hua Li & Simon Zhou,"Molina, Jazmin",Streetsmart Insurance,Personal,Dwelling fire,Hyundai Marine & Fire Insurance Company,DPNJ2024100008-25,10/09/2025,10/9/2026,"$1,163.00",Streetsmart Insurance,,,Direct,Hyundai Marine & Fire Insurance Company,$0.00,0.00%,$0.00,,10/09/2025,10/08/2024,09/09/2025,10/09/2020,10/09/2025,Personal Lines (P/L),DFIRE,DFIRE,0.00,Applied,Active,12,$0.00,$0.00,$0.00,"$1,163.00","$1,163.00",,,NJ,,$0.00,$0.00,0.00%,,Manual,Renewal,HYUNDAI MARINE & FIRE INS CO LTD
55044241,NJ One Team General Remodeling LLC,"Valladarez, Angie",Streetsmart Insurance,Commercial,Workers comp,InterGUARD Ltd,NJWC667531,10/15/2025,10/15/2026,"$1,842.00",STREETSMART INSURANCE ,NJSMAR10,,Direct,InterGUARD Ltd,"($4,506.00)",-71.00%,$0.00,01/21/2026,01/21/2026,10/18/2021,01/21/2026,07/03/2018,07/16/2026,Commercial Lines (C/L),WORK,,-70.98,Applied,Inactive,12,"($4,506.00)",$0.00,$0.00,"$1,842.00","$1,842.00",,,NJ,,$0.00,$0.00,0.00%,,Download,Cancel Conf,NORGUARD INS CO
55160961,Miguel Vera & Daniela Cares,"Molina, Jazmin",Streetsmart Insurance,Personal,Auto (Personal),Plymouth Rock Assurance Corp,PAA80002217571,10/08/2025,10/8/2026,"$4,212.00",Streetsmart Insurance,4500612,,Unknown,Palisades Insurance,$0.00,0.00%,$0.00,,10/08/2025,10/08/2024,05/05/2026,10/08/2024,05/05/2026,Personal Lines (P/L),AUTOP,,0.00,Applied,Active,12,$0.00,$0.00,$0.00,"$4,212.00","$4,212.00",3020760,,NJ,,$0.00,$0.00,0.00%,,Download,Policy Change,PALISADES SAFETY & INS ASSOC
55518038,Griffen Lavan,"Molina, Jazmin",Streetsmart Insurance,Personal,Auto (Personal),Progressive Insurance,864559794,04/17/2026,10/17/2026,"$3,207.21",Streetsmart Insurance,33617,,Direct,Progressive Insurance,$0.00,0.00%,$0.00,,08/16/2026,10/18/2025,08/18/2026,06/18/2020,08/18/2026,Personal Lines (P/L),AUTOP,,0.00,Applied,Active,6,$0.00,$0.00,$0.00,"$1,608.00","$1,608.00",33617,,NJ,,$0.00,$0.00,0.00%,,Download,Reinstate,DRIVE NJ INS CO
58135101,The Tree Guy Service LLC,"Illanes, Andrea ",Streetsmart Insurance,Commercial,Workers comp,NJCRIB - Liberty Assigned Risk,WC5-33S-B22Z7R-014,10/19/2025,10/19/2026,"$5,228.00",STREETSMART INSURANCE ,,,Direct,NJCRIB - Liberty Assigned Risk,$0.00,0.00%,$0.00,02/17/2026,02/17/2026,10/19/2022,01/13/2026,10/19/2022,07/16/2026,Commercial Lines (C/L),WORK,WORK,0.00,Applied,Inactive,12,$0.00,$0.00,$0.00,"$5,228.00","$5,228.00",,,NJ,,$0.00,$0.00,0.00%,,Manual,Cancel Conf,LIBERTY MUT FIRE INS CO
58171898,John Chambous,"Aguilar, Daniela",Streetsmart Insurance,Personal,Homeowners,Franklin Mut Grp,4130401,10/20/2025,10/20/2026,"$2,445.00",STREETSMART INSURANCE ,165100,,Direct,Franklin Mut Grp,($192.00),-7.00%,$0.00,,10/20/2025,09/13/2018,09/05/2025,12/23/1993,07/11/2026,Personal Lines (P/L),HOME,,-7.28,Applied,Active,12,"$2,445.00",$0.00,$0.00,"$2,445.00","$2,445.00",,,NJ,,$0.00,$0.00,0.00%,,Download,Renewal,FMI INS CO
58475539,Pearl Street Automotive Services LLC,"Santana, Sandy",Streetsmart Insurance,Commercial,Commercial pkg,Selective Insurance,S  2614572,10/12/2025,10/12/2026,"$3,705.00",Streetsmart Insurance,8911000000,,Direct,Selective Insurance,$311.00,9.00%,$0.00,,10/30/2025,09/27/2024,10/23/2025,10/12/2024,10/30/2025,Commercial Lines (C/L),CPKGE,,9.16,Applied,Active,12,($307.00),$0.00,$0.00,"$3,705.00","$3,705.00",,,NJ,,$0.00,$0.00,0.00%,,Download,Policy Change,SELECTIVE FIRE & CAS INS CO
58559693,Rita Belarista & Brian Kearns,"Aguilar, Daniela",Streetsmart Insurance,Personal,Auto (Personal),Progressive Insurance,925171537,10/18/2025,10/18/2026,"$1,575.00",STREETSMART INSURANCE ,33617,,Unknown,Progressive Insurance,$0.00,0.00%,$0.00,,10/18/2025,10/19/2018,10/21/2025,10/18/2018,07/11/2026,Personal Lines (P/L),AUTOP,,0.00,Applied,Active,12,"$1,575.00",$0.00,$0.00,"$1,575.00","$1,575.00",33617,,NJ,,$0.00,$0.00,0.00%,,Download,Renewal,DRIVE NJ INS CO
58585122,JC Towing LLC,"Valladarez, Angie",Streetsmart Insurance,Commercial,Auto (Commercial),Progressive Insurance,08288092,10/20/2025,10/20/2026,"$12,066.00",STREETSMART INSURANCE ,33617,,Direct,Progressive Insurance,$595.00,5.00%,$0.00,10/20/2025,10/20/2025,10/19/2018,10/22/2025,10/20/2018,10/22/2025,Commercial Lines (C/L),AUTOB,,5.19,Applied,Inactive,12,"($12,066.00)",$0.00,$0.00,"$12,066.00","$12,066.00",33617,33617,NJ,,$0.00,$0.00,0.00%,,Download,Cancel Conf,DRIVE NJ INS CO
58768907,Dean & Danielle Lacorte,"Ferrara, Carlo",Streetsmart Insurance,Personal,Homeowners,Chubb Group,13332766-03,10/11/2025,10/11/2026,"$16,284.70",STREETSMART INSURANCE ,,Anderson and Murison MGA,Direct,Chubb Group,"$1,103.30",7.00%,$10.00,,10/11/2025,10/27/2018,08/29/2025,03/29/2017,10/11/2025,Personal Lines (P/L),HOME,HOME,7.27,Applied,Active,12,$0.00,$0.00,$0.00,"$16,284.70","$16,284.70",,,NJ,,$0.00,$0.00,0.00%,,Manual,Renewal,CHUBB NATL INS CO
58768907,Dean & Danielle Lacorte,"Ferrara, Carlo",Streetsmart Insurance,Personal,Auto (Personal),Chubb Group,268224700A,10/17/2025,10/17/2026,"$9,561.60",STREETSMART INSURANCE ,,,Direct,Chubb Group,($208.62),-2.00%,$0.00,,10/17/2025,10/18/2021,10/31/2025,10/17/2021,10/31/2025,Personal Lines (P/L),AUTOP,AUTOP,-2.14,Applied,Active,12,$0.00,$0.00,$0.00,"$9,561.60","$9,561.60",,,NJ,,$0.00,$0.00,0.00%,,Manual,Renewal,ATLANTIC EMPLOYERS INS CO
58866127,AK Masonry LLC,"Santana, Sandy",Streetsmart Insurance,Commercial,Genl Liability,InterGUARD Ltd,AKBP675403 ,10/19/2025,10/19/2026,$902.70,STREETSMART INSURANCE ,,,Direct,InterGUARD Ltd,$103.43,13.00%,$0.00,,10/19/2025,10/25/2018,08/15/2025,10/24/2018,07/16/2026,Commercial Lines (C/L),CGL,CGL,19.20,Applied,Active,12,$0.00,$0.00,$0.00,$902.70,$902.70,,,NJ,,$0.00,$0.00,0.00%,,Manual,Renewal,AMGUARD INS CO
59297127,Joann Abrahamsen,"Molina, Jazmin",Streetsmart Insurance,Personal,Auto (Personal),Nationwide Insurance,5129J 021619,04/22/2026,10/22/2026,"$1,708.60",STREETSMART INSURANCE ,56792,,Unknown,Harleysville Mutual Insurance,$40.94,5.00%,$0.00,,04/22/2026,10/19/2018,03/20/2026,10/22/2018,06/08/2026,Personal Lines (P/L),AUTOP,,5.02,Applied,Active,6,$856.64,$0.00,$0.00,$856.64,$856.64,002,,NJ,,$0.00,$0.00,0.00%,,Download,Renewal,HARLEYSVILLE INS CO OF NJ
60101946,Asphalt Appeal LLC,"Illanes, Andrea ",Streetsmart Insurance,Commercial,Auto (Commercial),Merchants Insurance Group,CAPI077100,10/19/2025,10/19/2026,"$12,352.00",STREETSMART INSURANCE ,84409,,Direct,Merchants Insurance Group,$0.00,0.00%,$0.00,,08/11/2026,10/22/2020,08/20/2026,11/15/2018,08/20/2026,Commercial Lines (C/L),AUTOB,,0.00,Applied,Active,12,$666.00,$0.00,$0.00,"$12,352.00","$12,352.00",,,NJ,,$0.00,$0.00,0.00%,,Download,Policy Change,MERCHANTS MUT INS CO
63327759,Dynamic Renovations LLC,"Valladarez, Angie",Streetsmart Insurance,Commercial,Business Owners,Utica First Insurance Company,ART3000567620,10/21/2025,10/21/2026,"$1,919.55",STREETSMART INSURANCE ,20000985,,Unknown,Utica First Insurance Company,$0.00,0.00%,$0.00,10/21/2025,10/21/2025,08/17/2022,09/06/2025,10/21/2022,07/16/2026,Commercial Lines (C/L),BOP,,0.20,Applied,Inactive,12,"($1,915.73)",$0.00,$0.00,"$1,919.55","$1,919.55",,,NJ,,$0.00,$0.00,0.00%,,Download,Cancel Conf,Utica First Insurance Company
65579300,Kevin Tassey,"Aguilar, Daniela",Streetsmart Insurance,Personal,Auto (Personal),Nationwide Insurance,5129J 017209,04/07/2026,10/7/2026,"($5,946.95)",STREETSMART INSURANCE ,56792,,Unknown,Harleysville Mutual Insurance,"($2,981.62)",0.00%,$0.00,04/07/2026,04/07/2026,03/29/2019,04/08/2026,04/07/2019,07/11/2026,Personal Lines (P/L),AUTOP,,-204.95,Applied,Inactive,6,"($2,981.62)",$0.00,$0.00,"($2,981.62)","($2,981.62)",002,,NJ,,$0.00,$0.00,0.00%,,Download,Cancel Conf,HARLEYSVILLE INS CO OF NJ
65734552,Anderson S Mayorga,"Santana, Sandy",Streetsmart Insurance,Commercial,Auto (Commercial),Progressive Insurance,872402063,04/08/2026,10/8/2026,"$4,894.59",Streetsmart Insurance,33617,,Direct,Progressive Insurance,$771.00,46.00%,$0.00,,04/08/2026,04/09/2026,05/07/2026,04/08/2026,05/07/2026,Commercial Lines (C/L),AUTOB,,45.81,Applied,Active,6,$771.00,$0.00,$0.00,"$2,454.00","$2,454.00",33617,,NJ,,$0.00,$0.00,0.00%,,Download,Policy Change,DRIVE NJ INS CO
66248732,Georgia Anastasa & Demetrios Georgallis,"Molina, Jazmin",Streetsmart Insurance,Personal,Auto (Personal),Nationwide Insurance,5129J 017296,04/11/2026,10/11/2026,"$6,418.28",STREETSMART INSURANCE ,56792,,Unknown,Harleysville Mutual Insurance,$1.00,0.00%,$0.00,,04/27/2026,04/11/2019,04/29/2026,04/11/2019,07/28/2026,Personal Lines (P/L),AUTOP,,1.84,Applied,Active,6,$53.45,$0.00,$0.00,"$3,217.93","$3,217.93",002,,NJ,,$0.00,$0.00,0.00%,,Download,Policy Change,HARLEYSVILLE INS CO OF NJ
66993657,Handyman on the Hudson LLC,"Valladarez, Angie",Streetsmart Insurance,Commercial,Workers comp,Pie Insurance,WC PI 528664-002,10/05/2025,10/5/2026,"$3,265.00",Streetsmart Insurance,A11743,,Unknown,Firemans Fund Insurance Company,$0.00,0.00%,$0.00,,10/05/2025,09/29/2025,09/29/2025,10/05/2025,07/16/2026,Commercial Lines (C/L),WORK,,,Applied,Active,12,"$3,265.00",$0.00,$0.00,"$3,265.00","$3,265.00",,,NJ,,$0.00,$0.00,0.00%,,Download,Renewal,The Pie Insurance Company
67945587,Michael & Courtney Foti,"Aguilar, Daniela",Streetsmart Insurance,Personal,Auto (Personal),Safeco Insurance,K4207100,10/20/2025,10/20/2026,"$3,389.80",STREETSMART INSURANCE ,571122,,Direct,Safeco Insurance,($263.30),-7.00%,$0.00,,10/20/2025,10/21/2023,10/18/2025,07/05/2019,07/11/2026,Personal Lines (P/L),AUTOP,,-7.21,Applied,Active,12,($263.30),$0.00,$0.00,"$3,389.80","$3,389.80",57-1122,,NJ,,$0.00,$0.00,0.00%,,Download,Policy Change,SAFECO INS CO OF AMER
67945587,Michael & Courtney Foti,"Aguilar, Daniela",Streetsmart Insurance,Personal,Homeowners,Safeco Insurance,OK7543277,10/20/2025,10/20/2026,"$1,432.00",STREETSMART INSURANCE ,571122,,Direct,Safeco Insurance,$219.00,18.00%,$0.00,,10/20/2025,10/21/2023,09/11/2025,07/05/2020,07/11/2026,Personal Lines (P/L),HOME,,18.05,Applied,Active,12,"$1,432.00",$0.00,$0.00,"$1,432.00","$1,432.00",57-1122,,NJ,,$0.00,$0.00,0.00%,,Download,Renewal,SAFECO INS CO OF AMER
68325032,All State Pavers LLC,"Santana, Sandy",Streetsmart Insurance,Commercial,Business Owners,Progressive Insurance,PGR973163297,10/21/2025,10/21/2026,"$1,495.47",Streetsmart Insurance,33617,,Unknown,Progressive Insurance,$0.00,0.00%,$0.00,10/21/2025,10/21/2025,10/24/2024,10/28/2025,10/21/2024,08/20/2026,Commercial Lines (C/L),BOP,,0.00,Applied,Inactive,12,"($1,495.47)",$0.00,$0.00,"$1,495.47","$1,495.47",33617,,NJ,,$0.00,$0.00,0.00%,,Download,Cancel Conf,DRIVE NJ INS CO
69154974,Macdonald Dale Millwork and Interiors LLC DBA Liberty Construction Group,"Cimei, Taylor",Streetsmart Insurance,Commercial,Genl Liability,"MGA Resource, LLC",GS1305421,10/05/2025,10/5/2026,"$5,733.00",STREETSMART INSURANCE ,,Tuscano Agency,Agency,"MGA Resource, LLC",$421.05,7.00%,$15.00,01/27/2026,01/27/2026,10/15/2020,02/19/2026,08/01/2019,04/20/2026,Commercial Lines (C/L),CGL,CGL,6.99,Applied,Inactive,12,$0.00,$0.00,$0.00,"$6,442.05","$6,442.05",,,NJ,,$0.00,$0.00,0.00%,,Download,Cancel Conf,EVANSTON INS CO
70713064,Donald & Janine DeFalco,"Molina, Jazmin",Streetsmart Insurance,Personal,Auto (Personal),Progressive Insurance,MC988067195,10/14/2025,10/14/2026,$369.00,Streetsmart Insurance,33617,,Unknown,Progressive Insurance,($10.00),-3.00%,$0.00,,11/01/2025,10/15/2024,11/03/2025,10/14/2024,06/08/2026,Personal Lines (P/L),AUTOP,CYCL,-2.64,Applied,Active,12,($9.51),$0.00,$0.00,$369.00,$369.00,33617,,FL,,$0.00,$0.00,0.00%,,Download,Policy Change,PROGRESSIVE AMER INS CO
71007618,Andres Rodriguez,"Molina, Jazmin",Streetsmart Insurance,Personal,Homeowners,Universal Property & Casualty Ins Co,4701-1900-2918,10/02/2025,10/2/2026,"$1,078.03",STREETSMART INSURANCE ,,,Unknown,Universal Property & Casualty Ins Co,$0.00,0.00%,$0.00,,10/03/2025,09/11/2019,10/03/2025,09/13/2019,10/03/2025,Personal Lines (P/L),HOME,,0.00,Applied,Active,12,"$1,078.03",$0.00,$0.00,"$1,078.03","$1,078.03",,,NJ,,$0.00,$0.00,0.00%,,Download,DB Synch,UNIVERSAL PROP & CAS INS
71102322,Jaide & Alex Kyle,"Molina, Jazmin",Streetsmart Insurance,Personal,Homeowners,InterGUARD Ltd,JAHO620239,10/05/2025,10/5/2026,"$2,326.00",STREETSMART INSURANCE ,NJSMAR10,,Unknown,InterGUARD Ltd,$48.00,2.00%,$0.00,,10/05/2025,10/04/2023,09/01/2025,10/05/2023,10/05/2025,Personal Lines (P/L),HOME,,2.11,Applied,Active,12,"$2,326.00",$0.00,$0.00,"$2,326.00","$2,326.00",,,NJ,,$0.00,$0.00,0.00%,,Download,Renewal,AMGUARD INS CO
71167414,William Casado & Kristen Trionfo,"Aguilar, Daniela",Streetsmart Insurance,Personal,Homeowners,Nationwide Insurance,5129HR016783,10/05/2025,10/5/2026,"$1,571.06",STREETSMART INSURANCE ,56792,,Direct,Harleysville Mutual Insurance,$147.37,10.00%,$0.00,,10/05/2025,10/01/2019,09/03/2025,10/05/2019,07/11/2026,Personal Lines (P/L),HOME,,10.35,Applied,Active,12,"$1,571.06",$0.00,$0.00,"$1,571.06","$1,571.06",002,,NJ,,$0.00,$0.00,0.00%, Lola Ferrara,Download,Renewal,HARLEYSVILLE INS CO OF NJ
71440740,K&B Painters Llc,"Valladarez, Angie",Streetsmart Insurance,Commercial,Auto (Commercial),Geico,9300214580,10/18/2025,10/18/2026,"$4,040.00",Streetsmart Insurance,G01589,,Unknown,Geico,($15.00),0.00%,$0.00,,08/14/2026,09/26/2025,08/14/2026,10/18/2025,08/14/2026,Commercial Lines (C/L),AUTOB,,-0.37,Applied,Active,12,($15.00),$0.00,$0.00,"$4,040.00","$4,040.00",,,NJ,,$0.00,$0.00,0.00%,,Download,Policy Change,GEICO Marine Insurance Company
71440740,K&B Painters Llc,"Valladarez, Angie",Streetsmart Insurance,Commercial,Commercial pkg,Merchants Insurance Group,CTRI019834,10/18/2025,10/18/2026,"$1,039.00",Streetsmart Insurance,84409,,Unknown,Merchants Insurance Group,$0.00,0.00%,$0.00,,10/18/2025,10/18/2025,02/20/2026,01/01/2025,07/16/2026,Commercial Lines (C/L),CPKGE,,0.00,Applied,Active,12,$6.00,$0.00,$0.00,"$1,039.00","$1,039.00",,,NJ,,$0.00,$0.00,0.00%,,Download,Policy Change,MERCHANTS PREFERRED INS CO
71440740,K&B Painters Llc,"Valladarez, Angie",Streetsmart Insurance,Commercial,Workers comp,The Hartford,13WECAN7AZL,10/18/2025,10/18/2026,"$5,169.00",STREETSMART INSURANCE ,13653284,,Direct,The Hartford,($199.00),-4.00%,$0.00,,10/18/2025,10/19/2021,09/08/2025,10/18/2019,07/16/2026,Commercial Lines (C/L),WORK,,13.18,Applied,Active,12,"$5,169.00",$0.00,$0.00,"$5,169.00","$5,169.00",,,NJ,,$0.00,$0.00,0.00%,,Download,Renewal,SENTINEL INS CO LTD
71623497,Dominick & Grace Gigante,"Aguilar, Daniela",Streetsmart Insurance,Personal,Pers Umb (exs indemnity),Plymouth Rock Assurance Corp,NJU00003009972,10/17/2025,10/17/2026,$474.00,STREETSMART INSURANCE ,4500612,,Unknown,Plymouth Rock Assurance Corp,($44.00),-8.00%,$0.00,,02/28/2026,10/25/2023,03/04/2026,10/17/2023,07/11/2026,Personal Lines (P/L),PUMBR,,-8.49,Applied,Active,12,($28.00),$0.00,$0.00,$474.00,$474.00,3020760,,NJ,,$0.00,$0.00,0.00%,,Download,Policy Change,PALISADES PROP & CAS INS CO
71794898,Melissa & Hector Santana,"Molina, Jazmin",Streetsmart Insurance,Personal,Auto (Personal),Progressive Insurance,995924450,04/11/2026,10/11/2026,"$4,820.79",Streetsmart Insurance,33617,,Direct,Progressive Insurance,$0.00,0.00%,$0.00,,08/01/2026,04/12/2025,08/03/2026,11/01/2022,08/03/2026,Personal Lines (P/L),AUTOP,,0.00,Applied,Active,6,$0.00,$0.00,$0.00,"$2,417.00","$2,417.00",33617,,NJ,,$0.00,$0.00,0.00%,,Download,Reinstate,DRIVE NJ INS CO
71845151,Main Door Garage Doors Systems LLC,"Cimei, Taylor",Streetsmart Insurance,Commercial,Genl Liability,MSA Group (Main Street America),CP00171881,10/08/2025,10/8/2026,"$1,489.00",STREETSMART INSURANCE ,290106013,,Direct,MSA Group (Main Street America),($162.00),-10.00%,$0.00,,10/08/2025,10/11/2019,07/21/2025,10/08/2019,10/08/2025,Commercial Lines (C/L),CGL,,-9.81,Applied,Active,12,"$1,489.00",$0.00,$0.00,"$1,489.00","$1,489.00",290106,,NJ,,$0.00,$0.00,0.00%,,Download,Renewal,NGM INS CO
71845151,Main Door Garage Doors Systems LLC,"Cimei, Taylor",Streetsmart Insurance,Commercial,Inland marine (comm),MSA Group (Main Street America),CP00171881,10/08/2025,10/8/2026,$300.00,STREETSMART INSURANCE ,290106013,,Unknown,MSA Group (Main Street America),$0.00,0.00%,$0.00,,10/08/2025,10/11/2019,07/21/2025,10/08/2019,10/08/2025,Commercial Lines (C/L),INMRC,,0.00,Applied,Active,12,$300.00,$0.00,$0.00,$300.00,$300.00,290106,,NJ,,$0.00,$0.00,0.00%,,Download,Renewal,NGM INS CO
71985182,Robert Truszkowski,"Molina, Jazmin",Streetsmart Insurance,Personal,Homeowners,Selective Insurance,H  2369923,10/10/2025,10/10/2026,"$2,592.00",STREETSMART INSURANCE ,8911000000,,Direct,Selective Insurance,$512.00,25.00%,$0.00,,10/10/2025,09/18/2020,09/04/2025,10/10/2019,10/10/2025,Personal Lines (P/L),HOME,,24.62,Applied,Active,12,"$2,592.00",$0.00,$0.00,"$2,592.00","$2,592.00",0089110,,NJ,,$0.00,$0.00,0.00%,,Download,Renewal,SELECTIVE AUTO INS CO OF NJ
73422593,Patricia & Fransico Lopez,"Molina, Jazmin",Streetsmart Insurance,Personal,Homeowners,Selective Insurance,H  2372234,10/15/2025,10/15/2026,"$1,149.00",STREETSMART INSURANCE ,8911000000,,Direct,Selective Insurance,$210.00,22.00%,$0.00,,10/15/2025,10/10/2020,09/09/2025,12/22/2019,11/26/2025,Personal Lines (P/L),HOME,,22.36,Applied,Active,12,"$1,149.00",$0.00,$0.00,"$1,149.00","$1,149.00",0089110,,NJ,,$0.00,$0.00,0.00%,,Download,Renewal,SELECTIVE AUTO INS CO OF NJ
74382894,Alison Ballard,"Molina, Jazmin",Streetsmart Insurance,Personal,Auto (Personal),Travelers,6172644352031,04/22/2026,10/22/2026,"$1,832.98",Streetsmart Insurance,0CHN190000,,Direct,Travelers,($11.00),-1.00%,$0.00,,04/22/2026,04/22/2025,03/24/2026,01/03/2020,06/08/2026,Personal Lines (P/L),AUTOP,,-1.18,Applied,Active,6,$919.00,$0.00,$0.00,$919.00,$919.00,,,SC,,$0.00,$0.00,0.00%,,Download,Renewal,TRAVELERS PROP CAS INS CO
75172204,B&M All Inclusive LLC,"Illanes, Andrea ",Streetsmart Insurance,Commercial,Workers comp,The Hartford,13WECAN7A7K,10/12/2025,10/12/2026,"$3,973.00",STREETSMART INSURANCE ,,,Direct,The Hartford,$0.00,0.00%,$0.00,,08/20/2026,10/14/2021,08/20/2026,10/12/2021,08/20/2026,Commercial Lines (C/L),WORK,,0.00,Applied,Active,12,$0.00,$0.00,$0.00,"$3,973.00","$3,973.00",,,NY,,$0.00,$0.00,0.00%,,Manual,Policy Change,Unknown
75562775,Maky LLC,"Valladarez, Angie",Streetsmart Insurance,Commercial,Auto (Commercial),Progressive Insurance,995780760,04/08/2026,10/8/2026,"$3,119.45",Streetsmart Insurance,33617,,Unknown,Progressive Insurance,$0.00,0.00%,$0.00,,04/29/2026,04/11/2025,04/30/2026,04/08/2025,07/16/2026,Commercial Lines (C/L),AUTOB,,0.00,Applied,Active,6,$0.00,$0.00,$0.00,"$1,564.00","$1,564.00",33617,,NJ,,$0.00,$0.00,0.00%,,Download,Policy Change,DRIVE NJ INS CO
75720196,Raman Mehta,"Aguilar, Daniela",Streetsmart Insurance,Personal,Auto (Personal),Plymouth Rock Assurance Corp,PAA80002198782,10/21/2025,10/21/2026,"$1,264.00",STREETSMART INSURANCE ,4500612,,Direct,Palisades Insurance,$0.00,0.00%,$0.00,,03/26/2026,10/19/2023,03/28/2026,09/21/2020,07/11/2026,Personal Lines (P/L),AUTOP,,0.00,Applied,Active,12,$0.00,$0.00,$0.00,"$1,264.00","$1,264.00",3020760,,NJ,,$0.00,$0.00,0.00%,,Download,Policy Change,PALISADES SAFETY & INS ASSOC
76858853,OTL General Contractor LLC,"Valladarez, Angie",Streetsmart Insurance,Commercial,Bonds Miscellaneous,CNA Surety,67664405,10/20/2025,10/20/2026,$625.00,Streetsmart Insurance,,,Direct,CNA Surety,$0.00,0.00%,$0.00,,08/06/2026,10/20/2025,08/11/2026,10/20/2025,08/11/2026,Commercial Lines,BMISC,BMISC,0.00,Applied,Active,12,$0.00,$0.00,$0.00,$625.00,$625.00,,,NJ,,$0.00,$0.00,0.00%,,Manual,Policy Change,WESTERN SURETY CO
77597626,Rasheed A Howard Jr,"Bara, Maria",Streetsmart Insurance,Commercial,Auto (Commercial),Diesel Insurance Solutions,FINFRD100170700469-001 APD,10/16/2025,10/16/2026,"$1,785.00",Streetsmart Insurance,,Diesel Insurance Solutions,Agency,Diesel Insurance Solutions,($903.23),-51.00%,$0.00,03/23/2026,03/23/2026,10/17/2025,04/07/2026,10/16/2025,04/07/2026,Trucking,AUTOB,AUTOB,-50.60,Applied,Inactive,12,($903.23),$0.00,$0.00,"$1,785.00",$881.77,,,NJ,,$0.00,$0.00,0.00%,,Manual,Cancel Conf,LLOYDS OF LONDON
77597626,Rasheed A Howard Jr,"Bara, Maria",Streetsmart Insurance,Commercial,Auto (Commercial),Diesel Insurance Solutions,FINFRD100170700469-001 NTL,10/16/2025,10/16/2026,$960.97,Streetsmart Insurance,,Diesel Insurance Solutions,Agency,Diesel Insurance Solutions,($433.65),-45.00%,$0.00,03/23/2026,03/23/2026,10/17/2025,04/07/2026,10/16/2025,04/07/2026,Trucking,AUTOB,AUTOB,-45.13,Applied,Inactive,12,($433.65),$0.00,$0.00,$960.97,$527.32,,,NJ,,$0.00,$0.00,0.00%,,Manual,Cancel Conf,LLOYDS OF LONDON
79002334,Hanim Benli,"Aguilar, Daniela",Streetsmart Insurance,Personal,Homeowners,Hyundai Marine & Fire Insurance Company,HONJ2025100027,10/08/2025,10/8/2026,"$1,525.00",Streetsmart Insurance,,,Direct,Hyundai Marine & Fire Insurance Company,$0.00,0.00%,$0.00,,10/08/2025,10/07/2025,10/07/2025,09/20/2020,07/11/2026,Personal Lines (P/L),HOME,HOME,,Applied,Active,12,$0.00,$0.00,$0.00,"$1,525.00","$1,525.00",,,NJ,,$0.00,$0.00,0.00%,,Manual,Rewrite,HYUNDAI MARINE & FIRE INS CO LTD
79601176,NICOLE EHNSTROM,"Molina, Jazmin",Streetsmart Insurance,Personal,Homeowners,Travelers,6076810866331,10/15/2025,10/15/2026,"$3,881.00",STREETSMART INSURANCE ,0CHN190000,,Unknown,Travelers,$0.00,0.00%,$0.00,01/15/2026,01/15/2026,10/09/2020,12/11/2025,10/15/2020,06/08/2026,Personal Lines (P/L),HOME,,0.00,Applied,Inactive,12,"($2,901.00)",$0.00,$0.00,"$3,881.00","$3,881.00",,,NJ,,$0.00,$0.00,0.00%,,Download,Cancel Conf,ST PAUL PROTECTIVE INS CO
80209632,Mark Dinger,"Molina, Jazmin",Streetsmart Insurance,Commercial,Auto (Commercial),Progressive Insurance,03943087,10/10/2025,10/10/2026,"$1,725.00",STREETSMART INSURANCE ,33617,,Unknown,Progressive Insurance,$0.00,0.00%,$0.00,,10/10/2025,10/11/2016,01/17/2026,10/05/2016,06/08/2026,Commercial Lines (C/L),AUTOB,,0.00,Applied,Active,12,$0.00,$0.00,$0.00,"$1,725.00","$1,725.00",33617,,NJ,,$0.00,$0.00,0.00%,,Download,DB Synch,DRIVE NJ INS CO
81382731,PrimeTime Trucking LLC,"Valladarez, Angie",Streetsmart Insurance,Commercial,Auto (Commercial),Progressive Insurance,962516574,10/14/2025,10/14/2026,"$45,338.00",STREETSMART INSURANCE ,33617,,Direct,Progressive Insurance,$0.00,0.00%,$0.00,10/14/2025,10/14/2025,10/14/2022,10/16/2025,10/14/2022,10/16/2025,Commercial Lines (C/L),AUTOB,,0.00,Applied,Inactive,12,"($45,338.00)",$0.00,$0.00,"$45,338.00","$45,338.00",33617,,NJ,,$0.00,$0.00,0.00%,,Download,Cancel Conf,DRIVE NJ INS CO
82400378,AJR Express LLC,"Sosa, Mike",Streetsmart Insurance,Commercial,Auto (Commercial),Geico,9300073782,10/07/2025,10/7/2026,"$7,642.00",Streetsmart Insurance,G01589,,Unknown,Geico,"($10,176.00)",-99.00%,$0.00,10/10/2025,10/10/2025,09/28/2024,09/06/2025,10/07/2024,10/10/2025,Commercial Lines (C/L),AUTOB,,-25.49,Applied,Inactive,12,"($10,176.00)",$0.00,$0.00,"$7,642.00","$7,642.00",,,SC,,$0.00,$0.00,0.00%,,Download,Cancel Conf,GEICO Marine Insurance Company
82735082,Danielle & Michael Cooper,"Molina, Jazmin",Streetsmart Insurance,Personal,Auto (Personal),Progressive Insurance,952691298,10/16/2025,10/16/2026,"$2,330.00",STREETSMART INSURANCE ,33617,,Direct,Progressive Insurance,$0.00,0.00%,$0.00,,08/09/2026,09/30/2021,08/27/2026,10/16/2020,08/27/2026,Personal Lines (P/L),AUTOP,,0.00,Applied,Active,12,$0.00,$0.00,$0.00,"$2,330.00","$2,330.00",33617,,NJ,,$0.00,$0.00,0.00%,,Download,Policy Change,DRIVE NJ INS CO
83336436,Halvard & Karen Hvidsten,"Aguilar, Daniela",Streetsmart Insurance,Personal,Homeowners,Mercury Insurance,NJHP0000032159,10/15/2025,10/15/2026,"$1,553.73",STREETSMART INSURANCE ,N535,,Unknown,Mercury Insurance,"($1,553.73)",0.00%,$0.00,02/07/2026,02/07/2026,09/16/2023,02/18/2026,09/22/2023,07/11/2026,Personal Lines (P/L),HOME,,0.00,Applied,Inactive,12,"($1,064.29)",$0.00,$0.00,"$1,553.73","$1,553.73",,,NJ,,$0.00,$0.00,0.00%,,Download,Cancel Conf,MERCURY INS CO OF IL
83571357,George Chafos DBA GC TRUCKING,"Bara, Maria",Streetsmart Insurance,Commercial,Auto (Commercial),Risk Placement Services (RPS) MGA,GAT0002929-01,10/10/2025,10/10/2026,"$13,640.00",Streetsmart Insurance,,Risk Placement Services (RPS) MGA,Agency,Risk Placement Services (RPS) MGA,"$3,609.00",36.00%,$0.00,,10/10/2025,10/04/2024,10/07/2025,10/10/2024,08/10/2026,Trucking,AUTOB,AUTOB,35.98,Applied,Active,12,$0.00,$0.00,$0.00,"$13,640.00","$13,640.00",,,NJ,,$0.00,$0.00,0.00%,,Manual,Renewal,OCCIDENTAL FIRE & CAS CO OF NC
83644603,Laura Oloughlin,"Molina, Jazmin",Streetsmart Insurance,Personal,Flood,Wright National Flood Ins. Co,29 1152005977   05,10/12/2025,10/12/2026,"$1,204.00",STREETSMART INSURANCE ,9999900004,,Unknown,Wright National Flood Ins. Co,$138.00,13.00%,$0.00,,10/12/2025,10/16/2020,09/25/2025,10/12/2020,10/12/2025,Personal Lines (P/L),FLOOD,,12.95,Applied,Active,12,"$1,204.00",$0.00,$0.00,"$1,204.00","$1,204.00",0702122,,NJ,,$0.00,$0.00,0.00%,,Download,Renewal,WRIGHT NATL FLOOD INS CO
83644603,Laura Oloughlin,"Molina, Jazmin",Streetsmart Insurance,Personal,Homeowners,Universal Property & Casualty Ins Co,4701-2000-4650,10/12/2025,10/12/2026,"$4,107.31",STREETSMART INSURANCE ,,,Unknown,Universal Property & Casualty Ins Co,$0.00,0.00%,$0.00,,10/13/2025,10/10/2020,10/13/2025,10/12/2020,10/13/2025,Personal Lines (P/L),HOME,,0.00,Applied,Active,12,"$4,107.31",$0.00,$0.00,"$4,107.31","$4,107.31",,,NJ,,$0.00,$0.00,0.00%,,Download,DB Synch,UNIVERSAL PROP & CAS INS
83996664,Matthew Synarski,"Molina, Jazmin",Streetsmart Insurance,Personal,Auto (Personal),Progressive Insurance,942858012,10/17/2025,10/17/2026,"$2,975.00",STREETSMART INSURANCE ,33617,,Unknown,Progressive Insurance,$79.00,3.00%,$0.00,,01/22/2026,10/19/2020,01/23/2026,10/17/2020,01/23/2026,Personal Lines (P/L),AUTOP,,2.73,Applied,Active,12,$57.99,$0.00,$0.00,"$2,975.00","$2,975.00",33617,,NJ,,$0.00,$0.00,0.00%,,Download,Policy Change,DRIVE NJ INS CO
84214144,Curb Appeal Landscaping & Design,"Valladarez, Angie",Streetsmart Insurance,Commercial,Workers comp,InterGUARD Ltd,R2WC603429,10/15/2025,10/13/2026,$313.72,STREETSMART INSURANCE ,NJSMAR10,,Direct,InterGUARD Ltd,($832.00),-73.00%,$0.00,01/22/2026,01/22/2026,10/26/2023,01/22/2026,10/13/2023,07/16/2026,Commercial Lines (C/L),WORK,,-72.73,Applied,Inactive,12,($832.00),$0.00,$0.00,$312.00,$312.00,,,NJ,,$0.00,$0.00,0.00%,,Download,Cancel Conf,AMGUARD INS CO
84635354,Peter Kirk,"Aguilar, Daniela",Streetsmart Insurance,Personal,Homeowners,Safeco Insurance,OK7832212,10/20/2025,10/20/2026,$126.00,Streetsmart Insurance,571122,,Direct,Safeco Insurance,$0.00,0.00%,$0.00,,07/22/2026,10/21/2025,07/24/2026,10/20/2025,07/24/2026,Personal Lines (P/L),HOME,,0.00,Applied,Active,12,$126.00,$0.00,$0.00,$126.00,$126.00,57-1122,,NJ,,$0.00,$0.00,0.00%,,Download,Policy Change,SAFECO INS CO OF AMER
84705043,Marek PKS Transportation Inc,"Bara, Maria",Streetsmart Insurance,Commercial,Auto (Commercial),Trinity Underwriters,248394-001APD-94344-SSRM APD,10/16/2025,10/16/2026,$750.00,Streetsmart Insurance,,Trinity Underwriters,Agency,Trinity Underwriters,$0.00,0.00%,$0.00,,08/14/2026,10/15/2024,08/14/2026,10/16/2024,08/14/2026,Trucking,AUTOB,AUTOB,0.00,Applied,Active,12,$0.00,$0.00,$0.00,$750.00,$750.00,,,NJ,,$0.00,$0.00,0.00%,,Manual,Policy Change,UNDERWRITERS AT LLOYDS LONDON
84705043,Marek PKS Transportation Inc,"Bara, Maria",Streetsmart Insurance,Commercial,Auto (Commercial),Trinity Underwriters,FINFR17078371-94344-SSRM NTL,10/16/2025,10/16/2026,$750.00,Streetsmart Insurance,,Trinity Underwriters,Agency,Trinity Underwriters,$0.00,0.00%,$0.00,,08/14/2026,10/15/2024,08/17/2026,10/16/2024,08/17/2026,Trucking,AUTOB,AUTOB,0.00,Applied,Active,12,$0.00,$0.00,$0.00,$750.00,$750.00,,,NJ,,$0.00,$0.00,0.00%,,Manual,Policy Change,UNDERWRITERS AT LLOYDS LONDON
85907457,Megan Wolff & Ryan Forbeck,"Molina, Jazmin",Streetsmart Insurance,Personal,Homeowners,Plymouth Rock Assurance Corp,NJH00002171841,10/16/2025,10/16/2026,"$3,482.00",Streetsmart Insurance,4500612,,Unknown,21st Century Insurance,$0.00,0.00%,$0.00,,08/21/2026,10/08/2024,08/21/2026,10/16/2024,08/21/2026,Personal Lines (P/L),HOME,,0.00,Applied,Active,12,$0.00,$0.00,$0.00,"$3,482.00","$3,482.00",3020760,,NJ,,$0.00,$0.00,0.00%,,Download,Policy Change,AtHome Insurance Company
86681277,Genesis Pool Solutions LLC,"Illanes, Andrea ",Streetsmart Insurance,Commercial,Auto (Commercial),Progressive Insurance,996348378,04/21/2026,10/21/2026,"$14,476.34",Streetsmart Insurance,33617,,Unknown,Progressive Insurance,$0.00,0.00%,$0.00,04/21/2026,04/21/2026,04/22/2025,04/28/2026,04/21/2025,07/16/2026,Commercial Lines (C/L),AUTOB,,0.00,Applied,Inactive,6,"($7,258.00)",$0.00,$0.00,"$7,258.00","$7,258.00",33617,,NJ,,$0.00,$0.00,0.00%,,Download,Cancel Conf,DRIVE NJ INS CO
88098561,Krystijean Artistry LLC DBA Boheme,"Cimei, Taylor",Streetsmart Insurance,Commercial,Commercial pkg,Selective Insurance,S  1722790,10/21/2025,10/21/2026,"$2,522.00",Streetsmart Insurance,8911000000,,Unknown,Selective Insurance,$237.00,10.00%,$0.00,,10/21/2025,10/22/2024,08/28/2025,10/21/2024,10/21/2025,Commercial Lines (C/L),CPKGE,,10.37,Applied,Active,12,$620.00,$0.00,$0.00,"$2,522.00","$2,522.00",,,NJ,,$0.00,$0.00,0.00%,,Download,Renewal,SELECTIVE FIRE & CAS INS CO
88098561,Krystijean Artistry LLC DBA Boheme,"Cimei, Taylor",Streetsmart Insurance,Commercial,Commercial pkg,Selective Insurance,S  2530135,10/21/2025,10/21/2026,"$1,513.00",STREETSMART INSURANCE ,8911000000,,Direct,Selective Insurance,$146.00,11.00%,$0.00,,10/21/2025,10/21/2022,08/28/2025,10/21/2022,10/21/2025,Commercial Lines (C/L),CPKGE,,10.68,Applied,Active,12,"$1,329.00",$0.00,$0.00,"$1,513.00","$1,513.00",,,NJ,,$0.00,$0.00,0.00%,,Download,Renewal,SELECTIVE FIRE & CAS INS CO
89530272,Varendra Shiwratan,"Molina, Jazmin",Streetsmart Insurance,Personal,Auto (Personal),Nationwide Insurance,6631J 173492,04/15/2026,10/15/2026,"$3,784.99",STREETSMART INSURANCE ,56792,,Unknown,Allied,($222.57),-10.00%,$0.00,,04/15/2026,09/21/2022,03/13/2026,10/15/2022,04/15/2026,Personal Lines (P/L),AUTOP,,-10.50,Applied,Active,6,"$1,897.68",$0.00,$0.00,"$1,897.68","$1,897.68",004,,NY,,$0.00,$0.00,0.00%,,Download,Renewal,NATIONWIDE GEN INS CO
89530272,Varendra Shiwratan,"Molina, Jazmin",Streetsmart Insurance,Personal,Homeowners,Nationwide Insurance,6631HS041861,10/15/2025,10/15/2026,$169.40,STREETSMART INSURANCE ,56792,,Unknown,Allied,$1.21,1.00%,$0.00,,10/15/2025,09/21/2022,09/12/2025,10/15/2022,10/16/2025,Personal Lines (P/L),HOME,RENT,0.72,Applied,Active,12,$169.40,$0.00,$0.00,$169.40,$169.40,004,,NY,,$0.00,$0.00,0.00%,,Download,Renewal,NATIONWIDE GEN INS CO
90199643,J&G Handyman Services LLC,"Quezada, Zeus",Streetsmart Insurance,Commercial,Business Owners,Utica First Insurance Company,ART3001413020,10/19/2025,10/19/2026,$844.98,Streetsmart Insurance,20000985,,Direct,Utica First Insurance Company,($445.88),-35.00%,$0.00,06/02/2026,06/02/2026,10/23/2024,06/03/2026,10/19/2024,06/03/2026,Commercial Lines (C/L),BOP,,-34.54,Applied,Inactive,12,($445.88),$0.00,$0.00,$844.98,$844.98,,,NJ,,$0.00,$0.00,0.00%,,Download,Cancel Conf,Utica First Insurance Company
90645121,Christina & Khristian Gates,"Aguilar, Daniela",Streetsmart Insurance,Personal,Auto (Personal),FOREMOST INSURANCE,008190125200,10/10/2025,10/10/2026,$176.00,STREETSMART INSURANCE ,YDHRD,,Unknown,FOREMOST INSURANCE,($4.00),-2.00%,$0.00,,10/10/2025,10/10/2023,09/06/2025,10/10/2023,07/11/2026,Personal Lines (P/L),AUTOP,,-2.22,Applied,Active,12,$176.00,$0.00,$0.00,$176.00,$176.00,,,NJ,,$0.00,$0.00,0.00%,,Download,Renewal,FOREMOST INS CO GRAND RAPIDS MI
90984584,Richard & Morgan Kuperus,"Huntley, Ashley",Streetsmart Insurance,Personal,Auto (Personal),Plymouth Rock Assurance Corp,PAA80002217987,10/16/2025,10/16/2026,"$2,694.00",Streetsmart Insurance,4500612,,Direct,Palisades Insurance,$82.00,3.00%,$0.00,,10/16/2025,10/17/2024,09/11/2025,07/09/2021,08/10/2026,Personal Lines (P/L),AUTOP,,3.14,Applied,Active,12,"$2,678.00",$0.00,$0.00,"$2,694.00","$2,694.00",3020760,,NJ,,$0.00,$0.00,0.00%,,Download,Renewal,PALISADES SAFETY & INS ASSOC
91187694,Paul & Sherry Gates,"Aguilar, Daniela",Streetsmart Insurance,Personal,Auto (Personal),Safeco Insurance,K4035640,10/15/2025,10/15/2026,"$1,961.30",STREETSMART INSURANCE ,571122,,Unknown,Safeco Insurance,$0.00,0.00%,$0.00,10/15/2025,10/15/2025,10/08/2022,10/16/2025,10/15/2022,07/11/2026,Personal Lines (P/L),AUTOP,,0.00,Applied,Inactive,12,"($1,961.30)",$0.00,$0.00,"$1,961.30","$1,961.30",57-1122,,NJ,,$0.00,$0.00,0.00%,,Download,Cancel Conf,SAFECO INS CO OF AMER
91187694,Paul & Sherry Gates,"Aguilar, Daniela",Streetsmart Insurance,Personal,Auto (Personal),Plymouth Rock Assurance Corp,PAA80002235599,10/15/2025,10/15/2026,"$1,480.00",Streetsmart Insurance,4500612,,Direct,Palisades Insurance,$0.00,0.00%,$0.00,,10/28/2025,10/14/2025,10/28/2025,10/15/2025,07/11/2026,Personal Lines (P/L),AUTOP,,0.00,Applied,Active,12,$0.00,$0.00,$0.00,"$1,480.00","$1,480.00",3020760,,NJ,,$0.00,$0.00,0.00%,,Download,Policy Change,PALISADES SAFETY & INS ASSOC
91187694,Paul & Sherry Gates,"Aguilar, Daniela",Streetsmart Insurance,Personal,Auto (Personal),Progressive Insurance,TT987493897,10/15/2025,10/15/2026,$805.00,Streetsmart Insurance,33617,,Unknown,Progressive Insurance,$0.00,0.00%,$0.00,10/15/2025,10/15/2025,10/01/2024,10/15/2025,10/15/2024,07/11/2026,Personal Lines (P/L),AUTOP,,0.00,Applied,Inactive,12,$0.00,$0.00,$0.00,$805.00,$805.00,33617,,NJ,,$0.00,$0.00,0.00%,,Download,Cancel Conf,DRIVE NJ INS CO
93528291,Helen & Wayne Gargano,"Aguilar, Daniela",Streetsmart Insurance,Personal,Homeowners,Farmers Mutual Fire Ins. Co of Salem,HONJ026046,10/17/2025,10/17/2026,"$2,337.00",STREETSMART INSURANCE ,141546,,Direct,Farmers Mutual Fire Ins. Co of Salem,$395.00,20.00%,$0.00,,10/17/2025,10/12/2023,09/04/2025,06/30/2021,07/11/2026,Personal Lines (P/L),HOME,,20.34,Applied,Active,12,"$2,337.00",$0.00,$0.00,"$2,337.00","$2,337.00",,,NJ,,$0.00,$0.00,0.00%,,Download,Renewal,FARMERS MUT FIRE INS CO OF SALEM CN
95218264,Stephanie & Jeffery Cochran,"Molina, Jazmin",Streetsmart Insurance,Personal,Homeowners,Universal Property & Casualty Ins Co,4701-2200-5001,10/17/2025,10/17/2026,"$1,698.82",STREETSMART INSURANCE ,,,Unknown,Universal Property & Casualty Ins Co,$0.00,0.00%,$0.00,,11/15/2025,10/18/2022,11/15/2025,10/17/2022,06/08/2026,Personal Lines (P/L),HOME,,0.00,Applied,Active,12,"$1,698.82",$0.00,$0.00,"$1,698.82","$1,698.82",,,NJ,,$0.00,$0.00,0.00%,,Download,DB Synch,UNIVERSAL PROP & CAS INS
95254866,"THAA Hand and Stone, Inc","Santana, Sandy",Streetsmart Insurance,Commercial,Commercial pkg,Insurtec Inc MGA,0100327142-1,10/04/2025,10/4/2026,"$5,157.30",STREETSMART INSURANCE ,,Insurtec Inc MGA,Agency,Insurtec Inc MGA,$0.00,0.00%,$0.00,,10/04/2025,10/05/2023,08/29/2025,10/04/2021,11/10/2025,Commercial Lines (C/L),CPKGE,CPKGE,0.00,Applied,Active,12,$0.00,$0.00,$0.00,"$5,157.30","$5,157.30",,,NJ,,$0.00,$0.00,0.00%,,Manual,Renewal,KINSALE INSURANCE COMPANY
95254866,"THAA Hand and Stone, Inc","Santana, Sandy",Streetsmart Insurance,Commercial,Commercial pkg,Selective Insurance,S  2469848,10/04/2025,10/4/2026,"$2,513.00",STREETSMART INSURANCE ,8911000000,,Direct,Selective Insurance,$0.00,0.00%,$0.00,,10/04/2025,10/05/2021,09/16/2025,10/04/2021,10/04/2025,Commercial Lines (C/L),CPKGE,,0.00,Applied,Active,12,$431.00,$0.00,$0.00,"$2,513.00","$2,513.00",,,NJ,,$0.00,$0.00,0.00%,,Download,Policy Change,SELECTIVE CAS INS CO
97427225,ALEXIS GOMOLKA,"Aguilar, Daniela",Streetsmart Insurance,Personal,Auto (Personal),Travelers,6127426452061,10/18/2025,10/18/2026,"$2,942.00",STREETSMART INSURANCE ,0CHN190000,,Unknown,Travelers,$0.00,0.00%,$0.00,11/03/2025,11/03/2025,09/28/2022,11/18/2025,10/18/2022,07/11/2026,Personal Lines (P/L),AUTOP,,0.00,Applied,Inactive,12,"($2,807.00)",$0.00,$0.00,"$2,942.00","$2,942.00",,,NJ,,$0.00,$0.00,0.00%,,Download,Cancel Conf,ST PAUL PROTECTIVE INS CO
97493331,Bertille & Lee Glass,"Aguilar, Daniela",Streetsmart Insurance,Personal,Auto (Personal),Selective Insurance,F  5333106,10/07/2025,10/7/2026,"$1,842.00",STREETSMART INSURANCE ,8911000000,,Unknown,Selective Insurance,$346.00,23.00%,$0.00,,10/07/2025,09/24/2021,08/29/2025,10/07/2021,07/11/2026,Personal Lines (P/L),AUTOP,,23.13,Applied,Active,12,"$1,842.00",$0.00,$0.00,"$1,842.00","$1,842.00",0089110,,NJ,,$0.00,$0.00,0.00%,,Download,Renewal,SELECTIVE AUTO INS CO OF NJ
98183880,Manna Holdings LLC,"Aguilar, Daniela",Streetsmart Insurance,Personal,Homeowners,Universal Property & Casualty Ins Co,4703-2300-0266,10/21/2025,10/21/2026,$554.53,STREETSMART INSURANCE ,,,Direct,Universal Property & Casualty Ins Co,$0.00,0.00%,$0.00,,10/22/2025,10/21/2023,10/22/2025,10/21/2021,07/11/2026,Personal Lines (P/L),HOME,CONDO,0.00,Applied,Active,12,$554.53,$0.00,$0.00,$554.53,$554.53,,,NJ,,$0.00,$0.00,0.00%,,Download,DB Synch,UNIVERSAL PROP & CAS INS
99055770,Le Shawn Sneed,"Aguilar, Ricardo",Streetsmart Insurance,Commercial,Auto (Commercial),Rocklake Insurance Group MGA,CUS062007927 APD,10/20/2025,10/20/2026,"$1,917.00",Streetsmart Insurance,,Rocklake Insurance Group MGA,Agency,Rocklake Insurance Group MGA,$0.00,0.00%,$0.00,,10/20/2025,11/06/2025,11/06/2025,10/20/2025,09/01/2026,Trucking,AUTOB,AUTOB,,Applied,Active,12,$0.00,$100.00,$95.85,"$1,917.00","$1,917.00",,,NJ,,$0.00,$0.00,0.00%,,Manual,Renewal,"CANOPIUS US INSURANCE, INC."
99055770,Le Shawn Sneed,"Aguilar, Ricardo",Streetsmart Insurance,Commercial,Auto (Commercial),Rocklake Insurance Group MGA,CUS062900594 NTL,10/20/2025,10/20/2026,$750.00,Streetsmart Insurance,,Rocklake Insurance Group MGA,Agency,Rocklake Insurance Group MGA,$0.00,0.00%,$0.00,,11/27/2025,11/06/2025,12/10/2025,10/20/2025,09/01/2026,Trucking,AUTOB,AUTOB,0.00,Applied,Active,12,$0.00,$0.00,$0.00,$750.00,$750.00,,,NJ,,$0.00,$0.00,0.00%,,Manual,Reinstate,"CANOPIUS US INSURANCE, INC."
100116281,Maria & Joffre Galeas,"Aguilar, Daniela",Streetsmart Insurance,Personal,Auto (Personal),Travelers,6104194092061,10/15/2025,10/15/2026,"$3,243.00",STREETSMART INSURANCE ,0CHN190000,,Unknown,Travelers,($943.00),-23.00%,$0.00,10/15/2025,10/15/2025,10/07/2021,09/19/2025,10/15/2021,07/11/2026,Personal Lines (P/L),AUTOP,,11.71,Applied,Inactive,12,($942.00),$0.00,$0.00,"$3,243.00","$3,243.00",,,NJ,,$0.00,$0.00,0.00%,,Download,Policy Change,ST PAUL PROTECTIVE INS CO
100116281,Maria & Joffre Galeas,"Aguilar, Daniela",Streetsmart Insurance,Personal,Homeowners,Travelers,6104194086331,10/15/2025,10/15/2026,"$3,777.00",STREETSMART INSURANCE ,0CHN190000,,Unknown,Travelers,$0.00,0.00%,$0.00,10/15/2025,10/15/2025,10/07/2021,11/07/2025,10/15/2021,07/11/2026,Personal Lines (P/L),HOME,,0.00,Applied,Inactive,12,"($3,777.00)",$0.00,$0.00,"$3,777.00","$3,777.00",,,NJ,,$0.00,$0.00,0.00%,,Download,Cancel Conf,ST PAUL PROTECTIVE INS CO
100282592,Joya Hudgins,"Aguilar, Daniela",Streetsmart Insurance,Personal,Auto (Personal),Plymouth Rock Assurance Corp,PAA80002154106,10/15/2025,10/15/2026,"$2,249.00",STREETSMART INSURANCE ,4500612,,Unknown,Palisades Insurance,$0.00,0.00%,$0.00,,01/27/2026,10/08/2021,01/29/2026,10/15/2021,07/11/2026,Personal Lines (P/L),AUTOP,,0.00,Applied,Active,12,$0.00,$0.00,$0.00,"$2,249.00","$2,249.00",3020760,,NJ,,$0.00,$0.00,0.00%,,Download,Policy Change,PALISADES SAFETY & INS ASSOC
100282592,Joya Hudgins,"Aguilar, Daniela",Streetsmart Insurance,Personal,Homeowners,Plymouth Rock Assurance Corp,NJH00002086125,10/20/2025,10/20/2026,$150.00,STREETSMART INSURANCE ,4500612,,Unknown,Plymouth Rock Assurance Corp,$0.00,0.00%,$0.00,,01/27/2026,10/08/2021,01/28/2026,10/20/2021,07/11/2026,Personal Lines (P/L),HOME,RENT,0.00,Applied,Active,12,$0.00,$0.00,$0.00,$150.00,$150.00,3020760,,NJ,,$0.00,$0.00,0.00%,,Download,Policy Change,PALISADES PROP & CAS INS CO
100713343,Heyer Quality Care LLC,"Valladarez, Angie",Streetsmart Insurance,Commercial,Auto (Commercial),Progressive Insurance,04170524,10/20/2025,10/20/2026,"$15,728.00",STREETSMART INSURANCE ,33617,,Unknown,Progressive Insurance,($953.00),-6.00%,$0.00,,02/03/2026,10/20/2021,02/04/2026,10/18/2021,07/16/2026,Commercial Lines (C/L),AUTOB,,-5.71,Applied,Active,12,($676.00),$0.00,$0.00,"$15,728.00","$15,728.00",33617,,NJ,,$0.00,$0.00,0.00%,,Download,Policy Change,DRIVE NJ INS CO
102047043,Velasco Landscaping LLC ,"Santana, Sandy",Streetsmart Insurance,Commercial,Auto (Commercial),Progressive Insurance,00592579,04/08/2026,10/8/2026,"$8,333.17",STREETSMART INSURANCE ,33617,,Unknown,Progressive Insurance,$885.00,27.00%,$0.00,,08/17/2026,02/26/2022,08/18/2026,04/08/2022,08/18/2026,Commercial Lines (C/L),AUTOB,,26.88,Applied,Active,6,$250.00,$0.00,$0.00,"$4,178.00","$4,178.00",33617,,NJ,,$0.00,$0.00,0.00%,,Download,Policy Change,DRIVE NJ INS CO
102351931,Advance Marble & Granite LLC,"Santana, Sandy",Streetsmart Insurance,Commercial,Workers comp,NJCRIB - Hartford Assigned Risk,6S60UB A422965-3-25,10/22/2025,10/22/2026,"$1,254.00",Streetsmart Insurance,,,Direct,NJCRIB - Hartford Assigned Risk,$0.00,0.00%,$0.00,,10/23/2025,10/23/2025,11/07/2025,10/22/2025,07/16/2026,Commercial Lines,WORK,WORK,0.00,Applied,Active,12,$0.00,$0.00,$0.00,"$1,254.00","$1,254.00",,,NJ,,$0.00,$0.00,0.00%,,Manual,Policy Change,HARTFORD UNDERWRITERS INS CO
106828320,EGZON KRASNIQI & Zyla Krasniqi,"Aguilar, Ricardo",Streetsmart Insurance,Commercial,Workers comp,InterGUARD Ltd,R2WC686912,10/04/2025,10/4/2026,"$2,399.00",STREETSMART INSURANCE ,NJSMAR10,,Direct,InterGUARD Ltd,($197.00),-8.00%,$0.00,,10/04/2025,10/17/2023,09/04/2025,10/04/2023,06/30/2026,Commercial Lines (C/L),WORK,,-7.59,Applied,Active,12,"$2,399.00",$0.00,$0.00,"$2,399.00","$2,399.00",,,NJ,,$0.00,$0.00,0.00%, Commercial Truck Leads,Download,Renewal,AMGUARD INS CO
109131508,KC Power  Soft Wash,"Valladarez, Angie",Streetsmart Insurance,Commercial,Auto (Commercial),Progressive Insurance,03453857,04/02/2026,10/2/2026,"$2,515.11",STREETSMART INSURANCE ,33617,,Direct,Progressive Insurance,$0.00,0.00%,$0.00,,04/02/2026,03/24/2022,03/28/2026,03/30/2022,07/16/2026,Commercial Lines (C/L),AUTOB,,0.00,Applied,Active,6,"$1,261.00",$0.00,$0.00,"$1,261.00","$1,261.00",33617,,NJ,,$0.00,$0.00,0.00%,,Download,Renewal,DRIVE NJ INS CO
115292521,Non-Stop Transport Services LLC,"Bara, Maria",Streetsmart Insurance,Commercial,Auto (Commercial),Progressive Insurance,962724955,10/21/2025,10/21/2026,"$18,270.00",STREETSMART INSURANCE ,33617,,Direct,Progressive Insurance,$0.00,0.00%,$0.00,,02/12/2026,10/21/2022,02/13/2026,10/21/2022,07/16/2026,Commercial Lines (C/L),AUTOB,,0.00,Applied,Active,12,$0.00,$0.00,$0.00,"$18,270.00","$18,270.00",33617,33617,TN,,$0.00,$0.00,0.00%,,Download,Policy Change,PROGRESSIVE HI INS CORP
116838477,Jem Industrial Services Inc,"Cimei, Taylor",Streetsmart Insurance,Commercial,Workers comp,"AmTrust Financial Services, Inc",PWC1234662,10/10/2025,10/10/2026,"$1,174.00",STREETSMART INSURANCE ,58388,,Direct,"AmTrust Financial Services, Inc",($93.00),-7.00%,$0.00,,10/10/2025,10/17/2022,08/29/2025,10/10/2022,12/08/2025,Commercial Lines (C/L),WORK,,-7.34,Applied,Active,12,"$1,174.00",$0.00,$0.00,"$1,174.00","$1,174.00",,,NJ,,$0.00,$0.00,0.00%,,Download,Renewal,ARI INS CO
120119726,Conor & Dominika Murphy,"Molina, Jazmin",Streetsmart Insurance,Personal,Flood,ASI (AMERICAN STRATEGIC INS),FLD608377,10/21/2025,10/21/2026,"$2,414.00",STREETSMART INSURANCE ,423119,,Unknown,ASI (AMERICAN STRATEGIC INS),$0.00,0.00%,$0.00,,10/21/2025,09/29/2022,10/22/2025,10/21/2022,10/22/2025,Personal Lines (P/L),FLOOD,,0.00,Applied,Active,12,$0.00,$0.00,$0.00,"$2,414.00","$2,414.00",,,NJ,,$0.00,$0.00,0.00%,,Download,Policy Change,AMERICAN STRATEGIC INS CORP
120510523,Hernando & Concetta Rosario,"Molina, Jazmin",Streetsmart Insurance,Personal,Pers Umb (exs indemnity),Plymouth Rock Assurance Corp,NJU00003012457,10/04/2025,10/4/2026,$488.00,Streetsmart Insurance,4500612,,Unknown,Plymouth Rock Assurance Corp,$0.00,0.00%,$0.00,10/04/2025,10/04/2025,10/01/2024,10/01/2025,10/04/2024,12/08/2025,Personal Lines (P/L),PUMBR,,-12.23,Applied,Inactive,12,($555.00),$0.00,$0.00,$488.00,$488.00,3020760,,NJ,,$0.00,$0.00,0.00%,,Download,Cancel Conf,PALISADES PROP & CAS INS CO
121195981,Edvin Juarez,"Molina, Jazmin",Streetsmart Insurance,Personal,Auto (Personal),Progressive Insurance,962415172,04/15/2026,10/15/2026,"$7,224.21",STREETSMART INSURANCE ,33617,,Unknown,Progressive Insurance,($434.00),-11.00%,$0.00,,08/07/2026,10/12/2022,08/08/2026,10/15/2022,08/08/2026,Personal Lines (P/L),AUTOP,,-10.70,Applied,Active,6,($163.62),$0.00,$0.00,"$3,622.00","$3,622.00",33617,,NJ,,$0.00,$0.00,0.00%,,Download,Policy Change,DRIVE NJ INS CO
121393109,Truly Yogurt LLC ,"Santana, Sandy",Streetsmart Insurance,Commercial,Commercial pkg,Selective Insurance,S  2529965,10/12/2025,10/12/2026,"$2,511.00",STREETSMART INSURANCE ,8911000000,,Unknown,Selective Insurance,$250.00,11.00%,$0.00,,10/12/2025,10/12/2022,08/20/2025,10/12/2022,10/12/2025,Commercial Lines (C/L),CPKGE,,11.06,Applied,Active,12,"$2,411.00",$0.00,$0.00,"$2,511.00","$2,511.00",,,NJ,,$0.00,$0.00,0.00%,,Download,Renewal,SELECTIVE INS CO OF NEW ENGLAND
124582972,"Legacy Express, LLC.","Aguilar, Ricardo",Streetsmart Insurance,Commercial,Auto (Commercial),Progressive Insurance,962179446,10/13/2025,10/13/2026,"$10,015.00",STREETSMART INSURANCE ,33617,,Direct,Progressive Insurance,$0.00,0.00%,$0.00,,10/13/2025,12/29/2022,01/17/2026,10/04/2022,08/03/2026,Commercial Lines (C/L),AUTOB,,0.00,Applied,Active,12,$0.00,$0.00,$0.00,"$10,015.00","$10,015.00",33617,,NJ,,$0.00,$0.00,0.00%,,Download,DB Synch,DRIVE NJ INS CO
125048484,Demetrius Short DBA Short Trucking,"Bara, Maria",Streetsmart Insurance,Commercial,Auto (Commercial),Progressive Insurance,974417893,10/20/2025,10/20/2026,"$5,259.00",STREETSMART INSURANCE ,33617,,Direct,Progressive Insurance,$0.00,0.00%,$0.00,,10/20/2025,10/21/2023,01/17/2026,10/20/2023,02/18/2026,Commercial Lines (C/L),AUTOB,,0.00,Applied,Active,12,$0.00,$0.00,$0.00,"$5,259.00","$5,259.00",33617,,OH,,$0.00,$0.00,0.00%,,Download,DB Synch,PROGRESSIVE PREFERRED INS CO
125860459,Aastha 1313 LLC,"Santana, Sandy",Streetsmart Insurance,Commercial,Commercial pkg,TAPCO Underwriters Inc.,BCAVBR050506,04/12/2026,10/12/2026,"$2,949.22",Streetsmart Insurance,2903310,,Unknown,UNDERWRITERS AT LLOYDS LONDON,$0.00,0.00%,$0.00,,04/12/2026,04/30/2026,04/30/2026,04/12/2026,07/16/2026,Commercial Lines (C/L),CPKGE,,,Applied,Active,6,$210.00,$0.00,$0.00,"$1,478.65","$1,478.65",,,NJ,,$0.00,$0.00,0.00%,,Download,Renewal,LLOYDS OF LONDON
128308885,Espresso Mio LLC,"Illanes, Andrea ",Streetsmart Insurance,Commercial,Umbrella - Comm,Travelers,CUPA2635856,10/10/2025,10/10/2026,$351.00,Streetsmart Insurance,0X46880000,,Direct,Travelers,($389.00),-53.00%,$0.00,,10/10/2025,10/28/2024,09/03/2025,10/10/2024,07/16/2026,Commercial Lines (C/L),CUMBR,,-52.57,Applied,Active,12,$351.00,$0.00,$0.00,$351.00,$351.00,,,NJ,,$0.00,$0.00,0.00%,,Download,Renewal,TRAVELERS PROP CAS CO OF AMER
133317803,Bel Logistic Inc.,"Aguilar, Ricardo",Streetsmart Insurance,Commercial,Auto (Commercial),Progressive Insurance,953149212,10/21/2025,10/21/2026,"$15,259.00",STREETSMART INSURANCE ,33617,,Direct,Progressive Insurance,$0.00,0.00%,$0.00,,08/26/2026,05/24/2023,08/27/2026,10/21/2022,08/27/2026,Commercial Lines (C/L),AUTOB,,0.00,Applied,Active,12,$0.00,$0.00,$0.00,"$15,259.00","$15,259.00",33617,,TX,,$0.00,$0.00,0.00%,,Download,Policy Change,PROGRESSIVE CNTY MUT INS CO
133544495,Eduardo Sarmiento,"Molina, Jazmin",Streetsmart Insurance,Personal,Auto (Personal),Progressive Insurance,968812074,04/18/2026,10/18/2026,"$7,266.09",STREETSMART INSURANCE ,33617,,Unknown,Progressive Insurance,$0.00,0.00%,$0.00,,04/18/2026,04/19/2023,04/21/2026,04/18/2023,04/21/2026,Personal Lines (P/L),AUTOP,,0.00,Applied,Active,6,"$3,643.00",$0.00,$0.00,"$3,643.00","$3,643.00",33617,,NJ,,$0.00,$0.00,0.00%,,Download,Renewal,DRIVE NJ INS CO
143169811,Creative Construction Services LLC,"Santana, Sandy",Streetsmart Insurance,Commercial,Workers comp,InterGUARD Ltd,CRWC622780,10/17/2025,10/17/2026,"$1,305.00",Streetsmart Insurance,NJSMAR10,,Unknown,InterGUARD Ltd,$0.00,0.00%,$0.00,,10/17/2025,10/20/2025,10/20/2025,10/17/2025,10/20/2025,Commercial Lines (C/L),WORK,,,Applied,Active,12,"$1,305.00",$0.00,$0.00,"$1,305.00","$1,305.00",,,NJ,,$0.00,$0.00,0.00%,,Download,New Business,NORGUARD INS CO
144046432,Renee & Mark Mentonis,"Aguilar, Daniela",Streetsmart Insurance,Personal,Auto (Personal),National General Ins Co.,202527276001,10/15/2025,10/15/2026,"$10,983.00",Streetsmart Insurance,113563,,Unknown,National General Ins Co.,"($10,983.00)",0.00%,$0.00,01/09/2026,01/09/2026,10/12/2024,01/09/2026,10/15/2024,07/11/2026,Personal Lines (P/L),AUTOP,,0.00,Applied,Inactive,12,"($8,367.00)",$0.00,$0.00,"$10,983.00","$10,983.00",,,NJ,,$0.00,$0.00,0.00%,,Download,Cancel Conf,NATIONAL GEN INS CO
144826723,Jonathan Pacasi,"Molina, Jazmin",Streetsmart Insurance,Personal,Auto (Personal),Progressive Insurance,973851406,04/07/2026,10/7/2026,"$3,717.81",STREETSMART INSURANCE ,33617,,Unknown,Progressive Insurance,$0.00,0.00%,$0.00,,08/01/2026,09/28/2023,07/30/2026,09/27/2023,08/01/2026,Personal Lines (P/L),AUTOP,,0.00,Applied,Active,6,$0.00,$0.00,$0.00,"$1,864.00","$1,864.00",33617,,NJ,,$0.00,$0.00,0.00%,,Download,Reinstate,DRIVE NJ INS CO
145217363,Edwin Lema,"Bara, Maria",Streetsmart Insurance,Commercial,Auto (Commercial),Trinity Underwriters,A23B8960-78760-SSRM NTL,10/05/2025,10/5/2026,$480.00,STREETSMART INSURANCE ,,Trinity Underwriters,Agency,Trinity Underwriters,$0.00,0.00%,$0.00,,10/05/2025,10/11/2023,10/07/2025,10/11/2023,02/18/2026,Trucking,AUTOB,AUTOB,0.00,Applied,Active,12,$0.00,$0.00,$0.00,$480.00,$480.00,,,NJ,,$0.00,$0.00,0.00%,,Manual,Renewal,AMERICAN INTER FIDELITY EXCH
145766506,All Wall Interiors LLC,"Cimei, Taylor",Streetsmart Insurance,Commercial,Business Owners,Utica First Insurance Company,ART3000998090,10/11/2025,10/11/2026,$386.69,STREETSMART INSURANCE ,20000985,,Unknown,Utica First Insurance Company,($892.14),-70.00%,$0.00,01/03/2026,01/03/2026,10/14/2023,01/05/2026,10/11/2023,01/05/2026,Commercial Lines (C/L),BOP,,-69.76,Applied,Inactive,12,($892.14),$0.00,$0.00,$386.69,$386.69,,,NJ,,$0.00,$0.00,0.00%,,Download,Cancel Conf,Utica First Insurance Company
145834411,Newline Logistics Trucking LLC,"Bara, Maria",Streetsmart Insurance,Commercial,Auto (Commercial),Cover Whale  MGA,2-CWH-NJ-19-S0344896-00 AL,10/12/2025,10/12/2026,"$44,534.09",Streetsmart Insurance,,Cover Whale MGA,Agency,Cover Whale  MGA,"$6,464.46",30.00%,$0.00,09/04/2026,07/01/2026,10/10/2025,07/01/2026,10/12/2025,07/31/2026,Trucking,AUTOB,AUTOB,30.22,Applied,Active,12,"$6,464.46",$0.00,$0.00,"$44,534.09","$27,854.28",,,NJ,,$0.00,$0.00,0.00%,,Manual,Policy Change,Accredited Specialty Insurance Company
145834411,Newline Logistics Trucking LLC,"Bara, Maria",Streetsmart Insurance,Commercial,Auto (Commercial),Cover Whale  MGA,CW5342160-00 MTC,10/12/2025,10/12/2026,"$3,147.53",Streetsmart Insurance,,Cover Whale MGA,Agency,Cover Whale  MGA,$395.84,23.00%,$0.00,,07/01/2026,10/10/2025,07/01/2026,10/12/2025,07/22/2026,Trucking,AUTOB,AUTOB,22.69,Applied,Active,12,$395.84,$0.00,$0.00,"$3,147.53","$2,140.64",,,NJ,,$0.00,$0.00,0.00%,,Manual,Policy Change,TRISURA SPECIALTY INS CO
145834411,Newline Logistics Trucking LLC,"Bara, Maria",Streetsmart Insurance,Commercial,Auto (Commercial),Diesel Insurance Solutions,FINFRD100170700451-001 APD,10/12/2025,10/12/2026,"$5,342.51",Streetsmart Insurance,,Diesel Insurance Solutions,Agency,Diesel Insurance Solutions,$880.01,20.00%,$0.00,,07/01/2026,10/10/2025,07/06/2026,10/12/2025,07/22/2026,Trucking,AUTOB,AUTOB,19.72,Applied,Active,12,$880.01,$0.00,$0.00,"($1,905.58)","$5,342.51",,,NJ,,$0.00,$0.00,0.00%,,Manual,Policy Change,LLOYDS OF LONDON
145834411,Newline Logistics Trucking LLC,"Bara, Maria",Streetsmart Insurance,Commercial,Excess,Risk Placement Services (RPS) MGA,0100404717-0,10/12/2025,10/12/2026,"$4,500.00",Streetsmart Insurance,,RPS/TREIBER/METCOM,Agency,Risk Placement Services (RPS) MGA,$0.00,0.00%,$0.00,,10/12/2025,10/15/2025,10/15/2025,10/12/2025,07/22/2026,Trucking,EXCES,EXCES,,Applied,Active,12,$0.00,$250.00,$0.00,"$4,500.00","$4,500.00",,,NJ,,$0.00,$0.00,0.00%,,Manual,New Business,Accredited Specialty Insurance Company
145834411,Newline Logistics Trucking LLC,"Bara, Maria",Streetsmart Insurance,Commercial,Genl Liability,Cover Whale  MGA,TPM5334908-00 GL,10/12/2025,10/12/2026,$877.50,Streetsmart Insurance,,Cover Whale MGA,Agency,Cover Whale  MGA,$0.00,0.00%,$0.00,,10/12/2025,10/10/2025,10/10/2025,10/12/2025,07/22/2026,Trucking,CGL,CGL,,Applied,Active,12,$0.00,$0.00,$0.00,$877.50,$877.50,,,NJ,,$0.00,$0.00,0.00%,,Manual,Renewal,"CERTAIN UNDERWRITERS LLOYDS, LONDON"
148235525,John Kotarja,"Molina, Jazmin",Streetsmart Insurance,Personal,Dwelling fire,AmWINS MGA,25AWA1265-01946,10/15/2025,10/15/2026,"$4,658.35",Streetsmart Insurance,,,Direct,AmWINS MGA,$0.00,0.00%,$10.00,,01/22/2026,10/21/2025,02/06/2026,06/16/2025,02/06/2026,Personal Lines (P/L),DFIRE,DFIRE,0.00,Applied,Active,12,$0.00,$0.00,$0.00,"$4,658.35","$4,572.88",,,NJ,,$0.00,$0.00,0.00%,,Manual,Reinstate,LLOYD'S SYNDICATE NUMBER 1203
150744761,Alex P & H Corp DBA Aquathin of NJ,"Illanes, Andrea ",Streetsmart Insurance,Commercial,Auto (Commercial),Progressive Insurance,03697520,10/17/2025,10/17/2026,"$7,370.00",STREETSMART INSURANCE ,33617,,Direct,Progressive Insurance,"$2,535.00",52.00%,$0.00,,03/26/2026,02/04/2014,03/27/2026,09/21/2006,07/16/2026,Commercial Lines (C/L),AUTOB,,52.43,Applied,Active,12,"$1,422.00",$0.00,$0.00,"$7,370.00","$7,370.00",33617,,NJ,,$0.00,$0.00,0.00%, AW Warta,Download,Policy Change,DRIVE NJ INS CO
150751441,Imperio Enterprises I LLC,"Santana, Sandy",Streetsmart Insurance,Commercial,Excess,XPT Partners MGA,EZXS3229906,01/12/2026,10/16/2026,"$1,861.24",Streetsmart Insurance,,XS Brokers MGA,Agency,XPT Partners MGA,$0.00,0.00%,$0.00,,01/21/2026,11/25/2024,02/17/2026,11/22/2024,08/27/2026,Commercial Lines (C/L),EXCES,EXCES,0.00,Applied,Active,9,$0.00,$0.00,$0.00,"$1,412.50","$1,250.00",,,NJ,,$0.00,$0.00,0.00%,,Manual,Policy Change,EVANSTON INS CO
150751441,Imperio Enterprises I LLC,"Santana, Sandy",Streetsmart Insurance,Commercial,Genl Liability,Risk Placement Services (RPS) MGA,NPP8993646,10/16/2025,10/16/2026,"$2,859.70",Streetsmart Insurance,,Risk Placement Services (RPS) MGA,Agency,Risk Placement Services (RPS) MGA,$0.00,0.00%,$10.00,,01/21/2026,01/11/2024,01/29/2026,10/16/2023,08/27/2026,Commercial Lines (C/L),CGL,CGL,0.00,Applied,Active,12,$0.00,$0.00,$0.00,"$2,859.70","$2,859.70",,,NJ,,$0.00,$0.00,0.00%, AW Warta,Manual,Policy Change,WESTERN WORLD INS CO
151252552,Marek Zawisla,"Molina, Jazmin",Streetsmart Insurance,Personal,Auto (Personal),Progressive Insurance,917326025,04/07/2026,10/7/2026,"$2,800.33",Streetsmart Insurance,33617,,Direct,Progressive Insurance,$0.00,0.00%,$0.00,,04/07/2026,01/08/2024,04/08/2026,10/05/2017,04/08/2026,Personal Lines (P/L),AUTOP,,0.00,Applied,Active,6,"$1,404.00",$0.00,$0.00,"$1,404.00","$1,404.00",33617,,NJ,,$0.00,$0.00,0.00%, AW Warta,Download,Renewal,DRIVE NJ INS CO
151382204,Ank Construction LLC,"Illanes, Andrea ",Streetsmart Insurance,Commercial,Genl Liability,Risk Placement Services (RPS) MGA,WS666360,10/20/2025,10/20/2026,"$5,393.05",Streetsmart Insurance,,Risk Placement Services (RPS) MGA,Agency,Risk Placement Services (RPS) MGA,"($8,795.80)",-64.00%,$10.00,,10/20/2025,01/11/2024,10/17/2025,10/20/2023,07/16/2026,Commercial Lines (C/L),CGL,CGL,-51.59,Applied,Active,12,$0.00,$100.00,$252.05,"$5,393.05","$5,041.00",,,NJ,,$0.00,$0.00,0.00%, AW Warta,Manual,Renewal,WESTERN WORLD INS CO
151382204,Ank Construction LLC,"Illanes, Andrea ",Streetsmart Insurance,Commercial,Umbrella - Comm,Risk Placement Services (RPS) MGA,EZXS3220176,10/20/2025,10/20/2026,"$6,400.00",Streetsmart Insurance,,Risk Placement Services (RPS) MGA,Agency,Risk Placement Services (RPS) MGA,"$1,175.00",24.00%,$10.00,,10/20/2025,01/11/2024,10/17/2025,10/20/2023,07/16/2026,Commercial Lines (C/L),CUMBR,CUMBR,24.35,Applied,Active,12,$0.00,$100.00,$300.00,"$6,400.00","$6,000.00",,,NJ,,$0.00,$0.00,0.00%, AW Warta,Manual,Renewal,EVANSTON INS CO
151445306,Pross Construction LLC,"Cimei, Taylor",Streetsmart Insurance,Commercial,Workers comp,NJCRIB - Liberty Assigned Risk,WC5-33S-B1X2Z3-025,10/08/2025,10/8/2026,"$8,893.00",Streetsmart Insurance,,,Direct,NJCRIB - Liberty Assigned Risk,$81.00,1.00%,$0.00,,10/08/2025,02/07/2024,07/31/2025,10/08/2023,02/23/2026,Commercial Lines (C/L),WORK,WORK,490.50,Applied,Active,12,$0.00,$0.00,$0.00,"$8,893.00","$8,893.00",,,NJ,,$0.00,$0.00,0.00%, AW Warta,Manual,Renewal,LIBERTY MUT FIRE INS CO
152573235,Donald Cooper DBA Donald Cooper,"Bara, Maria",Streetsmart Insurance,Commercial,Auto (Commercial),Progressive Insurance,01193107,10/04/2025,10/4/2026,"$3,788.00",Streetsmart Insurance,33617,,Unknown,Progressive Insurance,$0.00,0.00%,$0.00,,10/04/2025,08/29/2024,01/17/2026,10/04/2019,02/18/2026,Commercial Lines (C/L),AUTOB,,0.00,Applied,Active,12,$0.00,$0.00,$0.00,"$3,788.00","$3,788.00",33617,,DE,,$0.00,$0.00,0.00%, Mylo,Download,DB Synch,UNITED FINANCIAL CAS CO
152574121,"D&C Cruz Trucking, Inc.","Aguilar, Ricardo",Streetsmart Insurance,Commercial,Auto (Commercial),Geico,9300226844,10/19/2025,10/19/2026,$734.00,Streetsmart Insurance,G01589,,Unknown,Geico,($879.00),-54.00%,$0.00,04/03/2026,04/03/2026,10/20/2025,04/03/2026,10/19/2025,05/06/2026,Commercial Lines (C/L),AUTOB,,-54.49,Applied,Inactive,12,($879.00),$0.00,$0.00,$734.00,$734.00,,,FL,,$0.00,$0.00,0.00%,,Download,Cancel Conf,GEICO Marine Insurance Company
152574532,Little Idaho,"Bara, Maria",Streetsmart Insurance,Commercial,Auto (Commercial),Progressive Insurance,02046483,04/21/2026,10/21/2026,"$2,194.01",Streetsmart Insurance,33617,,Direct,Progressive Insurance,$0.00,0.00%,$0.00,,04/21/2026,03/16/2024,04/22/2026,04/21/2020,07/16/2026,Commercial Lines (C/L),AUTOB,,0.00,Applied,Active,6,"$1,094.00",$0.00,$0.00,"$1,094.00","$1,094.00",33617,,ID,,$0.00,$0.00,0.00%, Mylo,Download,Renewal,UNITED FINANCIAL CAS CO
157134884,Robert Kiner,"Molina, Jazmin",Streetsmart Insurance,Personal,Auto (Personal),Progressive Insurance,872046890,04/05/2026,10/5/2026,"$2,082.30",Streetsmart Insurance,33617,,Unknown,Progressive Insurance,$0.00,0.00%,$0.00,,04/07/2026,04/02/2026,04/08/2026,04/05/2026,04/08/2026,Personal Lines (P/L),AUTOP,,0.00,Applied,Active,6,$0.00,$0.00,$0.00,"$1,044.00","$1,044.00",33617,,NJ,,$0.00,$0.00,0.00%,,Download,Policy Change,DRIVE NJ INS CO
157388228,Epoxy Concrete Coatings LLC,"Santana, Sandy",Streetsmart Insurance,Commercial,Genl Liability,XPT Partners MGA,3AA948407,10/22/2025,10/22/2026,"$4,450.00",Streetsmart Insurance,,XPT Specialty,Agency,XPT Partners MGA,$0.00,0.00%,$0.00,,10/22/2025,10/28/2025,10/28/2025,10/22/2025,10/29/2025,Commercial Lines,CGL,CGL,,Applied,Active,12,$0.00,$450.00,$0.00,"$4,450.00","$4,000.00",,,NJ,,$0.00,$0.00,0.00%,,Manual,New Business,EVANSTON INS CO
157388228,Epoxy Concrete Coatings LLC,"Santana, Sandy",Streetsmart Insurance,Commercial,Umbrella - Comm,XPT Partners MGA,EZXS3220708,10/22/2025,10/22/2026,"$2,462.50",Streetsmart Insurance,,XPT Specialty,Agency,XPT Partners MGA,$0.00,0.00%,$0.00,,10/22/2025,10/28/2025,10/28/2025,10/22/2025,10/29/2025,Commercial Lines,CUMBR,CUMBR,,Applied,Active,12,$0.00,$212.50,$0.00,"$2,462.50","$2,250.00",,,NJ,,$0.00,$0.00,0.00%,,Manual,New Business,EVANSTON INS CO
158306353,ANGEL SUAREZ,"Molina, Jazmin",Streetsmart Insurance,Personal,Auto (Personal),Progressive Insurance,872410583,04/09/2026,10/9/2026,"$2,475.22",Streetsmart Insurance,33617,,Unknown,Progressive Insurance,$0.00,0.00%,$0.00,,05/29/2026,04/09/2026,05/16/2026,04/09/2026,05/29/2026,Personal Lines (P/L),AUTOP,,0.00,Applied,Active,6,$0.00,$0.00,$0.00,"$1,241.00","$1,241.00",33617,,NJ,,$0.00,$0.00,0.00%,,Download,Reinstate,DRIVE NJ INS CO
158306353,ANGEL SUAREZ,"Molina, Jazmin",Streetsmart Insurance,Personal,Auto (Personal),Bristol West,G01455330003,04/17/2026,10/17/2026,"$3,578.20",Streetsmart Insurance,2990339,,Unknown,Bristol West,$0.00,0.00%,$0.00,04/17/2026,04/17/2026,04/28/2026,04/28/2026,04/17/2026,04/28/2026,Personal Lines (P/L),AUTOP,,,Applied,Inactive,6,"($1,794.00)",$0.00,$0.00,"$1,794.00","$1,794.00",2990339,,NJ,,$0.00,$0.00,0.00%,,Download,Cancel Conf,Bristol West                                      
163863318,The Safe Man LLC,"Illanes, Andrea ",Streetsmart Insurance,Commercial,Workers comp,InterGUARD Ltd,R2WC681352,10/16/2025,10/16/2026,"$16,350.00",Streetsmart Insurance,NJSMAR10,,Direct,InterGUARD Ltd,$0.00,0.00%,$0.00,,02/27/2026,10/09/2024,03/02/2026,10/16/2024,07/16/2026,Commercial Lines (C/L),WORK,,0.00,Applied,Active,12,$0.00,$0.00,$0.00,"$16,350.00","$16,350.00",,,NJ,,$0.00,$0.00,0.00%,,Manual,Reinstate,AMGUARD INS CO
165072328,Robert & Wendy Anderson,"Molina, Jazmin",Streetsmart Insurance,Personal,Dwelling fire,Pathpoint Inc.,EVD7004061A,10/20/2025,10/20/2026,"$1,957.85",Streetsmart Insurance,895543,,Direct,Johnson & Johnson Insurance,$0.00,0.00%,$0.00,06/12/2026,06/12/2026,10/09/2024,06/23/2026,10/20/2024,06/23/2026,Personal Lines (P/L),DFIRE,,0.00,Applied,Inactive,12,($679.35),$0.00,$0.00,"$1,957.85","$1,957.85",,,NJ,,$0.00,$0.00,0.00%,,Download,Cancel Conf,EVANSTON INS CO
165775330,The Mane Haven Salon Llc ,"Santana, Sandy",Streetsmart Insurance,Commercial,Workers comp,Travelers,UBB8711121,10/22/2025,10/22/2026,"$2,896.00",Streetsmart Insurance,0X46880000,,Direct,Travelers,$0.00,0.00%,$0.00,10/22/2025,10/22/2025,09/10/2024,10/27/2025,10/22/2024,10/27/2025,Commercial Lines (C/L),WORK,,0.00,Applied,Inactive,12,$0.00,$0.00,$0.00,"$2,896.00","$2,896.00",,,NY,,$0.00,$0.00,0.00%,,Manual,Cancel Conf,TRAVELERS CAS INS CO OF AMER
167170853,Chris & Kate Maguire,"Molina, Jazmin",Streetsmart Insurance,Personal,Auto (Personal),Plymouth Rock Assurance Corp,PAA80002216718,10/06/2025,10/6/2026,"$2,045.00",Streetsmart Insurance,4500612,,Unknown,Palisades Insurance,$0.00,0.00%,$0.00,10/06/2025,10/06/2025,09/18/2024,10/11/2025,10/06/2024,11/26/2025,Personal Lines (P/L),AUTOP,,0.00,Applied,Inactive,12,"$2,033.00",$0.00,$0.00,"$2,045.00","$2,045.00",3020760,,NJ,,$0.00,$0.00,0.00%,,Download,Cancel Conf,PALISADES SAFETY & INS ASSOC
167170853,Chris & Kate Maguire,"Molina, Jazmin",Streetsmart Insurance,Personal,Homeowners,Plymouth Rock Assurance Corp,NJH00002170593,10/06/2025,10/6/2026,"$3,849.00",Streetsmart Insurance,4500612,,Unknown,21st Century Insurance,$0.00,0.00%,$0.00,10/06/2025,10/06/2025,09/18/2024,10/08/2025,10/06/2024,11/26/2025,Personal Lines (P/L),HOME,,0.00,Applied,Inactive,12,"($3,838.00)",$0.00,$0.00,"$3,849.00","$3,849.00",3020760,,NJ,,$0.00,$0.00,0.00%,,Download,Cancel Conf,AtHome Insurance Company
169226079,Edward Abreau,"Quezada, Zeus",Streetsmart Insurance,Commercial,Workers comp,InterGUARD Ltd,EDWC642737,10/08/2025,10/8/2026,"$1,254.00",Streetsmart Insurance,NJSMAR10,,Unknown,InterGUARD Ltd,"($1,254.00)",0.00%,$0.00,10/08/2025,10/08/2025,10/10/2024,11/03/2025,10/08/2024,12/19/2025,Commercial Lines (C/L),WORK,,0.00,Applied,Inactive,12,"($1,254.00)",$0.00,$0.00,"$1,254.00","$1,254.00",,,NJ,,$0.00,$0.00,0.00%,,Download,Cancel Conf,NORGUARD INS CO
169497053,Michele & Kenneth Morgan,"Aguilar, Daniela",Streetsmart Insurance,Personal,Homeowners,Selective Insurance,H  2462522,10/08/2025,10/8/2026,"$2,342.00",Streetsmart Insurance,8911000000,,Unknown,Selective Insurance,($139.00),-6.00%,$0.00,,10/08/2025,10/01/2024,10/15/2025,10/08/2024,07/11/2026,Personal Lines (P/L),HOME,,-5.60,Applied,Active,12,($139.00),$0.00,$0.00,"$2,342.00","$2,342.00",0089110,,NJ,,$0.00,$0.00,0.00%,,Download,Policy Change,SELECTIVE AUTO INS CO OF NJ
169497053,Michele & Kenneth Morgan,"Aguilar, Daniela",Streetsmart Insurance,Personal,Pers Umb (exs indemnity),Selective Insurance,PCL1573690,10/08/2025,10/8/2026,$264.00,Streetsmart Insurance,008911000000,,Unknown,Selective Insurance,$0.00,0.00%,$0.00,,10/08/2025,10/02/2024,10/10/2025,10/08/2024,07/11/2026,Personal Lines (P/L),PUMBR,,0.00,Applied,Active,12,$0.00,$0.00,$0.00,$264.00,$264.00,,,NJ,,$0.00,$0.00,0.00%,,Download,Policy Change,SELECTIVE AUTO INS CO OF NJ
169775536,TMA Contracting LLC,"Cimei, Taylor",Streetsmart Insurance,Commercial,Commercial pkg,Selective Insurance,S  2614760,10/09/2025,10/9/2026,"$11,784.00",Streetsmart Insurance,8911000000,,Direct,Selective Insurance,"($3,167.00)",-21.00%,$0.00,,10/09/2025,10/11/2024,09/02/2025,10/09/2024,10/09/2025,Commercial Lines (C/L),CPKGE,,-21.18,Applied,Active,12,"($3,167.00)",$0.00,$0.00,"$11,784.00","$11,784.00",,,NJ,,$0.00,$0.00,0.00%,,Download,Policy Change,SELECTIVE FIRE & CAS INS CO
169788491,PEPPEP N SON'S TRUCKING LLC,"Aguilar, Ricardo",Streetsmart Insurance,Commercial,Auto (Commercial),Trinity Underwriters,25FIT10B01-MTC-94423-SSRM,10/16/2025,10/16/2026,"$1,250.00",Streetsmart Insurance,,Trinity Underwriters,Agency,Trinity Underwriters,$0.00,0.00%,$0.00,,06/01/2026,10/22/2025,06/12/2026,10/22/2025,07/22/2026,Trucking,AUTOB,AUTOB,0.00,Applied,Active,12,$0.00,$0.00,$0.00,"$1,250.00","$1,250.00",,,MD,,$0.00,$0.00,0.00%,,Manual,Reinstate,Fortegra Specialty Insurance Company
169788491,PEPPEP N SON'S TRUCKING LLC,"Aguilar, Ricardo",Streetsmart Insurance,Commercial,Auto (Commercial),Trinity Underwriters,CM92CT01-APD-94423-SSRM,10/16/2025,10/16/2026,"$1,306.25",Streetsmart Insurance,,Trinity Underwriters,Agency,Trinity Underwriters,$0.00,0.00%,$0.00,,06/01/2026,10/22/2025,06/12/2026,10/22/2025,07/22/2026,Trucking,AUTOB,AUTOB,0.00,Applied,Active,12,$0.00,$0.00,$0.00,"$1,306.25","$1,306.25",,,MD,,$0.00,$0.00,0.00%,,Manual,Reinstate,Highlander Specialty Insurance Company
170144958,"Connect Global Logistics, LLC","Aguilar, Ricardo",Streetsmart Insurance,Commercial,Auto (Commercial),Progressive Insurance,988423165,10/22/2025,10/22/2026,"$45,805.00",Streetsmart Insurance,33617,,Direct,Progressive Insurance,"($4,188.00)",-8.00%,$0.00,,07/15/2026,10/23/2024,07/16/2026,10/22/2024,08/31/2026,Commercial Lines (C/L),AUTOB,,-8.38,Applied,Active,12,"($1,136.00)",$0.00,$0.00,"$45,805.00","$45,805.00",33617,,IN,,$0.00,$0.00,0.00%,,Download,Policy Change,PROGRESSIVE SOUTHEASTERN INS CO
170362401,Blackrock Development Inc,"Illanes, Andrea ",Streetsmart Insurance,Commercial,Business Owners,Utica First Insurance Company,ART3001407840,10/18/2025,10/18/2026,"$1,027.81",Streetsmart Insurance,20000985,,Unknown,Utica First Insurance Company,($263.05),-20.00%,$0.00,07/28/2026,07/28/2026,10/19/2024,07/29/2026,10/18/2024,07/29/2026,Commercial Lines (C/L),BOP,,-20.38,Applied,Inactive,12,($263.05),$0.00,$0.00,"$1,027.81","$1,027.81",,,NJ,,$0.00,$0.00,0.00%,,Download,Cancel Conf,Utica First Insurance Company
170451332,House of Hana LLC,"Illanes, Andrea ",Streetsmart Insurance,Commercial,Commercial pkg,Selective Insurance,S  2614867,10/09/2025,10/9/2026,$904.00,Streetsmart Insurance,8911000000,,Direct,Selective Insurance,$5.00,1.00%,$0.00,,12/01/2025,10/10/2024,11/25/2025,10/09/2024,07/16/2026,Commercial Lines (C/L),CPKGE,,0.56,Applied,Active,12,$28.00,$0.00,$0.00,$904.00,$904.00,,,NJ,,$0.00,$0.00,0.00%,,Download,Policy Change,SELECTIVE FIRE & CAS INS CO
170686425,Brendan Lewis,"Aguilar, Daniela",Streetsmart Insurance,Personal,Homeowners,Plymouth Rock Assurance Corp,NJH00002171915,10/08/2025,10/8/2026,$231.00,Streetsmart Insurance,4500612,,Unknown,Plymouth Rock Assurance Corp,$50.00,28.00%,$0.00,,10/08/2025,10/09/2024,09/03/2025,10/08/2024,07/11/2026,Personal Lines (P/L),HOME,RENT,27.62,Applied,Active,12,$231.00,$0.00,$0.00,$231.00,$231.00,3020760,,NJ,,$0.00,$0.00,0.00%,,Download,Renewal,PALISADES PROP & CAS INS CO
170777690,RLC POOL-SPA & CONSTRUCTION LLC,"Valladarez, Angie",Streetsmart Insurance,Commercial,Genl Liability,TAPCO Underwriters Inc.,CPS4103866,10/11/2025,10/11/2026,"$1,502.00",Streetsmart Insurance,2903310,Tapco MGA,Agency,TAPCO Underwriters Inc.,$2.00,0.00%,$0.00,,10/11/2025,10/11/2024,11/14/2025,10/11/2024,07/16/2026,Commercial Lines (C/L),CGL,,0.13,Applied,Active,12,"$1,502.00",$0.00,$0.00,"$1,502.00","$1,502.00",,,NJ,,$0.00,$0.00,0.00%,,Download,Renewal,SCOTTSDALE INS CO
171368880,ADEDEJI & ASIA LAWAL,"Aguilar, Daniela",Streetsmart Insurance,Personal,Homeowners,Safeco Insurance,OK7664960,10/22/2025,10/22/2026,"$1,898.00",Streetsmart Insurance,571122,,Unknown,Safeco Insurance,$0.00,0.00%,$0.00,,05/21/2026,10/17/2024,05/27/2026,10/22/2024,07/11/2026,Personal Lines (P/L),HOME,,0.00,Applied,Active,12,"$1,898.00",$0.00,$0.00,"$1,898.00","$1,898.00",57-1122,,IN,,$0.00,$0.00,0.00%,,Download,Policy Change,AMERICAN ECONOMY INS CO
172502130,Kathy Gazdek,"Aguilar, Daniela",Streetsmart Insurance,Personal,Homeowners,Plymouth Rock Assurance Corp,NJH00002198838,10/16/2025,10/16/2026,"$2,321.00",Streetsmart Insurance,4500612,,Unknown,21st Century Insurance,$0.00,0.00%,$0.00,,10/16/2025,10/14/2025,10/14/2025,10/16/2025,07/11/2026,Personal Lines (P/L),HOME,,,Applied,Active,12,"$2,314.00",$0.00,$0.00,"$2,321.00","$2,321.00",3020760,,NJ,,$0.00,$0.00,0.00%,,Download,New Business,AtHome Insurance Company
173838508,The Laundorist Llc,"Cimei, Taylor",Streetsmart Insurance,Commercial,Auto (Commercial),Geico,9300220617-00,10/08/2025,10/8/2026,"$3,735.03",Streetsmart Insurance,,,Direct,Geico,$0.00,0.00%,$0.00,,07/15/2026,11/21/2025,08/07/2026,10/08/2025,08/07/2026,Commercial Lines,AUTOB,AUTOB,0.00,Applied,Active,12,$0.00,$0.00,$0.00,"$3,735.03","$3,702.00",,,NJ,,$0.00,$0.00,0.00%,,Manual,Policy Change,GEICO GEN INS CO
175669381,E & E Foods LLC,"Santana, Sandy",Streetsmart Insurance,Commercial,Auto (Commercial),Geico,9300227741,10/21/2025,10/21/2026,"$2,339.00",Streetsmart Insurance,G01589,,Unknown,Geico,$0.00,0.00%,$0.00,,12/05/2025,10/22/2025,12/05/2025,10/21/2025,02/13/2026,Commercial Lines (C/L),AUTOB,,0.00,Applied,Active,12,$0.00,$0.00,$0.00,"$2,339.00","$2,339.00",,,NJ,,$0.00,$0.00,0.00%,,Download,Policy Change,GEICO Marine Insurance Company
182742896,Karen Alt,"Molina, Jazmin",Streetsmart Insurance,Personal,Auto (Personal),Travelers,6171489812061,04/16/2026,10/16/2026,$949.40,Streetsmart Insurance,0CHN190000,,Unknown,Travelers,($30.00),-6.00%,$0.00,,04/16/2026,03/25/2025,03/03/2026,04/16/2025,06/08/2026,Personal Lines (P/L),AUTOP,,-5.93,Applied,Active,6,$476.00,$0.00,$0.00,$476.00,$476.00,,,NJ,,$0.00,$0.00,0.00%,,Download,Renewal,ST PAUL PROTECTIVE INS CO
184244798,Jason Tejada,"Molina, Jazmin",Streetsmart Insurance,Personal,Auto (Personal),Progressive Insurance,995613315,04/12/2026,10/12/2026,"$7,206.26",Streetsmart Insurance,33617,,Unknown,Progressive Insurance,$0.00,0.00%,$0.00,,08/01/2026,04/05/2025,07/18/2026,04/06/2025,08/01/2026,Personal Lines (P/L),AUTOP,,0.00,Applied,Active,6,$0.00,$0.00,$0.00,"$3,613.00","$3,613.00",33617,,NJ,,$0.00,$0.00,0.00%,,Download,Reinstate,DRIVE NJ INS CO
184701310,Nicholas Sanzone,"Molina, Jazmin",Streetsmart Insurance,Personal,Auto (Personal),Progressive Insurance,995836282,04/10/2026,10/10/2026,"$9,035.25",Streetsmart Insurance,33617,,Unknown,Progressive Insurance,($46.00),-1.00%,$0.00,,05/05/2026,04/10/2025,05/06/2026,04/10/2025,05/06/2026,Personal Lines (P/L),AUTOP,,-1.01,Applied,Active,6,$0.00,$0.00,$0.00,"$4,530.00","$4,530.00",33617,,NJ,,$0.00,$0.00,0.00%,,Download,Policy Change,DRIVE NJ INS CO
184904293,Phyllis Keaser,"Aguilar, Daniela",Streetsmart Insurance,Personal,Auto (Personal),Progressive Insurance,996205854,04/17/2026,10/17/2026,$907.51,Streetsmart Insurance,33617,,Unknown,Progressive Insurance,($48.00),-10.00%,$0.00,,04/17/2026,04/18/2025,04/08/2026,04/17/2025,07/11/2026,Personal Lines (P/L),AUTOP,,-9.54,Applied,Active,6,$455.00,$0.00,$0.00,$455.00,$455.00,33617,,OH,,$0.00,$0.00,0.00%,,Download,Renewal,PROGRESSIVE SPECIALTY INS CO
185175344,Drew Ernst,"Molina, Jazmin",Streetsmart Insurance,Personal,Auto (Personal),Progressive Insurance,872949904,04/21/2026,10/21/2026,"$4,748.99",Streetsmart Insurance,33617,,Unknown,Progressive Insurance,$23.00,1.00%,$0.00,,04/21/2026,04/21/2026,06/13/2026,04/21/2026,06/13/2026,Personal Lines (P/L),AUTOP,,0.98,Applied,Active,6,$23.00,$0.00,$0.00,"$2,381.00","$2,381.00",33617,,NJ,,$0.00,$0.00,0.00%,,Download,Policy Change,DRIVE NJ INS CO
189027146,Zenon Kopec,"Santana, Sandy",Streetsmart Insurance,Commercial,Genl Liability,United States Liability Insurance Co.,GL 1337457,04/13/2026,10/13/2026,$800.21,Streetsmart Insurance,7534,,Direct,United States Liability Insurance Co.,$0.00,0.00%,$0.00,,04/15/2026,04/17/2026,04/17/2026,04/13/2026,08/14/2026,Commercial Lines (C/L),CGL,,,Applied,Active,6,$0.00,$0.00,$0.00,$401.20,$401.20,,,NJ,,$0.00,$0.00,0.00%,,Download,Policy Change,UNITED STATES LIAB INS CO
191137948,Dianne Rodriguez,"Molina, Jazmin",Streetsmart Insurance,Personal,Auto (Personal),Travelers,6180045712061,04/20/2026,10/20/2026,"$1,571.69",Streetsmart Insurance,0CHN190000,,Unknown,Travelers,($38.00),-5.00%,$0.00,,04/20/2026,10/21/2025,03/07/2026,10/20/2025,04/20/2026,Personal Lines (P/L),AUTOP,,-4.60,Applied,Active,6,$788.00,$0.00,$0.00,$788.00,$788.00,,,NJ,,$0.00,$0.00,0.00%,,Download,Renewal,ST PAUL PROTECTIVE INS CO
191137948,Dianne Rodriguez,"Molina, Jazmin",Streetsmart Insurance,Personal,Homeowners,Franklin Mut Grp,4237214,10/20/2025,10/20/2026,"$1,432.00",Streetsmart Insurance,165100,,Unknown,Franklin Mut Grp,$0.00,0.00%,$0.00,,10/20/2025,10/21/2025,10/21/2025,10/20/2025,11/26/2025,Personal Lines (P/L),HOME,,,Applied,Active,12,"$1,432.00",$0.00,$0.00,"$1,432.00","$1,432.00",,,NJ,,$0.00,$0.00,0.00%,,Download,New Business,FMI INS CO
193438339,ABC TRANSPIRATION LLC ,"Aguilar, Ricardo",Streetsmart Insurance,Commercial,Auto (Commercial),Berkshire Hathaway Inc,02TRM066190-01,10/15/2025,10/15/2026,"$12,638.00",Streetsmart Insurance,,,Direct,Berkshire Hathaway Inc,$0.00,0.00%,$0.00,,12/27/2025,10/06/2025,01/13/2026,08/04/2025,05/06/2026,Trucking,AUTOB,AUTOB,0.00,Applied,Active,12,$0.00,$0.00,$0.00,"$12,638.00","$12,638.00",,,OH,,$0.00,$0.00,0.00%,,Manual,Reinstate,BERKSHIRE HATHAWAY HOMESTATE INS CO
194484696,"JYE Demolition y Remodeling, LLC","Santana, Sandy",Streetsmart Insurance,Commercial,Commercial pkg,Selective Insurance,S  2682798,10/22/2025,10/22/2026,"$2,351.00",Streetsmart Insurance,8911000000,,Direct,Selective Insurance,$0.00,0.00%,$0.00,02/28/2026,02/28/2026,10/11/2025,03/11/2026,10/22/2025,03/11/2026,Commercial Lines (C/L),CPKGE,,0.00,Applied,Inactive,12,$0.00,$0.00,$0.00,"$2,351.00","$2,351.00",,,PA,,$0.00,$0.00,0.00%,,Download,Cancel Conf,SELECTIVE INS CO OF AMER
194484696,"JYE Demolition y Remodeling, LLC","Santana, Sandy",Streetsmart Insurance,Commercial,Workers comp,Pie Insurance,WC PI 2826589-000,10/22/2025,10/22/2026,"$4,782.00",Streetsmart Insurance,A11743,,Unknown,Firemans Fund Insurance Company,$0.00,0.00%,$0.00,05/21/2026,05/21/2026,10/13/2025,06/02/2026,10/22/2025,06/02/2026,Commercial Lines (C/L),WORK,,-38.25,Applied,Inactive,12,$0.00,$0.00,$0.00,"$4,782.00","$4,782.00",,,PA,,$0.00,$0.00,0.00%,,Download,Cancel Conf,The Pie Insurance Company
195609449,Shawn & Ana Forlenza,"Aguilar, Daniela",Streetsmart Insurance,Personal,Dwelling fire,Heritage Prop & Cas Ins Co,NJD00010565,10/10/2025,10/10/2026,"$1,579.00",Streetsmart Insurance,PRD0001587,,Unknown,Narragansett Bay Ins. Co.,$0.00,0.00%,$0.00,,10/10/2025,09/24/2025,09/24/2025,10/10/2025,07/11/2026,Personal Lines (P/L),DFIRE,DFIRE,,Applied,Active,12,"$1,579.00",$0.00,$0.00,"$1,579.00","$1,579.00",,,NJ,,$0.00,$0.00,0.00%,,Download,New Business,NARRAGANSETT BAY INS CO
196126698,Paulette Fagone,"Molina, Jazmin",Streetsmart Insurance,Personal,Homeowners,"Johnson & Johnson, Inc.  MGA",LSP600011096,10/22/2025,10/22/2026,"$3,677.60",Streetsmart Insurance,,StreetSmart Risk Managers Inc.,Agency,"Johnson & Johnson, Inc.  MGA",$0.00,0.00%,$0.00,,10/22/2025,10/22/2025,10/22/2025,10/22/2025,06/08/2026,Personal Lines (P/L),HOME,HOME,,Applied,Active,12,$0.00,$74.00,$171.60,"$3,677.60","$3,432.00",,,NJ,,$0.00,$0.00,0.00%,,Manual,New Business,LLOYDS OF LONDON
196851140,Luqman Transport Llc,"Bara, Maria",Streetsmart Insurance,Commercial,Auto (Commercial),Progressive Insurance,863924661,10/11/2025,10/11/2026,"$20,778.00",Streetsmart Insurance,33617,,Direct,Progressive Insurance,$80.00,0.00%,$0.00,,08/25/2026,10/04/2025,08/26/2026,10/11/2025,08/26/2026,Commercial Lines (C/L),AUTOB,,0.39,Applied,Active,12,$11.00,$0.00,$0.00,"$20,778.00","$20,778.00",33617,,ND,,$0.00,$0.00,0.00%,,Download,Policy Change,UNITED FINANCIAL CAS CO
196851140,Luqman Transport Llc,"Bara, Maria",Streetsmart Insurance,Commercial,Auto (Commercial),Diesel Insurance Solutions,FINFRD100170700435-001,10/11/2025,10/11/2026,"$1,577.13",Streetsmart Insurance,,Diesel Insurance Solutions,Agency,Diesel Insurance Solutions,$0.00,0.00%,$0.00,,10/11/2025,12/10/2025,12/10/2025,12/11/2025,07/22/2026,Trucking,AUTOB,AUTOB,,Applied,Active,12,$0.00,$0.00,$0.00,"$1,577.13","$1,577.13",,,ND,,$0.00,$0.00,0.00%,,Manual,New Business,LLOYDS OF LONDON
196978320,Ashley & Troy Huntley,"Huntley, Ashley",Streetsmart Insurance,Personal,Auto (Personal),Progressive Insurance,871740154,04/05/2026,10/5/2026,"$5,030.22",Streetsmart Insurance,33617,,Direct,Progressive Insurance,"$1,313.00",109.00%,$0.00,,06/02/2026,03/26/2026,06/03/2026,04/05/2026,06/03/2026,Personal Lines (P/L),AUTOP,,108.60,Applied,Active,6,$896.75,$0.00,$0.00,"$2,522.00","$2,522.00",33617,,NJ,,$0.00,$0.00,0.00%,,Download,Policy Change,DRIVE NJ INS CO
197018451,Precious Crate LLC,"Aguilar, Ricardo",Streetsmart Insurance,Commercial,Auto (Commercial),Progressive Insurance,864045445,10/06/2025,10/6/2026,"$1,868.00",Streetsmart Insurance,33617,,Unknown,Progressive Insurance,$0.00,0.00%,$0.00,,10/06/2025,10/07/2025,01/17/2026,10/06/2025,07/16/2026,Commercial Lines (C/L),AUTOB,,0.00,Applied,Active,12,$0.00,$0.00,$0.00,"$1,868.00","$1,868.00",33617,,NJ,,$0.00,$0.00,0.00%,,Download,DB Synch,DRIVE NJ INS CO
197033963,Meradi Construction & Development LLC,"Ferrara, Carlo",Streetsmart Insurance,Commercial,Workers comp,NJCRIB - Hartford Assigned Risk,6S60UB-A421072-1-25,10/05/2025,10/5/2026,"$1,254.00",Streetsmart Insurance,,,Direct,NJCRIB - Hartford Assigned Risk,$0.00,0.00%,$0.00,12/06/2025,12/06/2025,10/08/2025,01/27/2026,10/07/2025,01/27/2026,Commercial Lines,WORK,WORK,0.00,Applied,Inactive,12,$0.00,$0.00,$0.00,"$1,254.00","$1,254.00",,,NJ,,$0.00,$0.00,0.00%,,Manual,Cancel Conf,HARTFORD UNDERWRITERS INS CO
197389903,Sharon's Way 2 Move Llc,"Bara, Maria",Streetsmart Insurance,Commercial,Auto (Commercial),Geico,9300219619,10/06/2025,10/6/2026,"$17,694.00",Streetsmart Insurance,G01589,,Direct,Geico,"($4,962.00)",-22.00%,$0.00,,07/18/2026,10/06/2025,08/27/2026,10/06/2025,08/27/2026,Commercial Lines (C/L),AUTOB,,-21.90,Applied,Active,12,$0.00,$0.00,$0.00,"$17,694.00","$17,694.00",,,GA,,$0.00,$0.00,0.00%,,Download,DB Synch,GEICO Marine Insurance Company
197389903,Sharon's Way 2 Move Llc,"Bara, Maria",Streetsmart Insurance,Commercial,Auto (Commercial),Diesel Insurance Solutions,CM92DC00437-001 MTC,10/06/2025,10/6/2026,"$1,144.00",Streetsmart Insurance,,Diesel Insurance Solutions,Agency,Diesel Insurance Solutions,$0.00,0.00%,$0.00,,08/10/2026,10/07/2025,08/12/2026,10/06/2025,08/12/2026,Trucking,AUTOB,AUTOB,0.00,Applied,Active,12,$0.00,$0.00,$0.00,"$1,144.00","$1,144.00",,,GA,,$0.00,$0.00,0.00%,,Manual,Reinstate,Highlander Specialty Insurance Company
197389903,Sharon's Way 2 Move Llc,"Bara, Maria",Streetsmart Insurance,Commercial,Auto (Commercial),Diesel Insurance Solutions,FINFRD100170700437-001 APD,10/06/2025,10/6/2026,"$2,220.40",Streetsmart Insurance,,Diesel Insurance Solutions,Agency,Diesel Insurance Solutions,$0.00,0.00%,$0.00,08/10/2026,08/10/2026,10/07/2025,07/08/2026,10/06/2025,08/10/2026,Trucking,AUTOB,AUTOB,0.00,Applied,Inactive,12,$0.00,$0.00,$0.00,"$2,220.40","$2,220.40",,,GA,,$0.00,$0.00,0.00%,,Manual,Cancel Conf,LLOYDS OF LONDON
197891661,"Abstract and Aligned, LLC","Santana, Sandy",Streetsmart Insurance,Commercial,Commercial pkg,"Johnson & Johnson, Inc.  MGA",CP1900835,10/10/2025,10/10/2026,$817.45,Streetsmart Insurance,,Johnson & Johnson - AB,Agency,"Johnson & Johnson, Inc.  MGA",$0.00,0.00%,$0.00,,10/10/2025,10/14/2025,10/14/2025,10/10/2025,11/20/2025,Commercial Lines,CPKGE,CPKGE,,Applied,Active,12,$0.00,$0.00,$0.00,$817.45,$817.45,,,NJ,,$0.00,$0.00,0.00%,,Manual,New Business,UNITED STATES LIAB INS CO
197895504,ABB TRUCKING LLC ,"Aguilar, Ricardo",Streetsmart Insurance,Commercial,Auto (Commercial),Risk Placement Services (RPS) MGA,WN411802,10/19/2025,10/19/2026,"$22,405.85",Streetsmart Insurance,,RPS/TREIBER/METCOM,Agency,Risk Placement Services (RPS) MGA,"$5,823.00",45.00%,$0.00,,03/11/2026,10/07/2025,03/18/2026,10/19/2025,05/06/2026,Trucking,AUTOB,AUTOB,45.38,Applied,Active,12,"$5,823.00",$0.00,$0.00,"$22,405.85","$18,655.00",,,VA,,$0.00,$0.00,0.00%,,Manual,Policy Change,NORTHLAND INS CO
198245850,Kadhampa Buddhist Manjushri Society,"Ferrara, Carlo",Streetsmart Insurance,Commercial,Genl Liability,Morstan General Agency,NPP1651077,10/03/2025,10/3/2026,$521.56,Streetsmart Insurance,,United States Liability Insurance Company,Direct,Morstan General Agency,$0.00,0.00%,$12.00,10/03/2025,10/03/2025,09/17/2025,10/03/2025,10/03/2025,10/03/2025,Commercial Lines,CGL,CGL,0.00,Applied,Inactive,12,$0.00,$0.00,$0.00,$521.56,$521.56,,,NJ,,$0.00,$0.00,0.00%,,Manual,Cancel Conf,UNITED STATES LIAB INS CO
198379334,Bashir Aydin & Manal Khalid,"Molina, Jazmin",Streetsmart Insurance,Personal,Homeowners,Safeco Insurance,OK7827299,10/13/2025,10/13/2026,$959.00,Streetsmart Insurance,571122,,Unknown,Safeco Insurance,$0.00,0.00%,$0.00,,01/06/2026,10/10/2025,01/10/2026,10/13/2025,06/08/2026,Personal Lines (P/L),HOME,CONDO,0.00,Applied,Active,12,$959.00,$0.00,$0.00,$959.00,$959.00,57-1122,,NJ,,$0.00,$0.00,0.00%,,Download,Policy Change,SAFECO INS CO OF AMER
198569020,DP Capital Investments LLC,"Illanes, Andrea ",Streetsmart Insurance,Commercial,Commercial pkg,Selective Insurance,S  2683788,10/21/2025,10/21/2026,"$5,245.00",Streetsmart Insurance,8911000000,,Unknown,Selective Insurance,$0.00,0.00%,$0.00,10/30/2025,10/30/2025,10/23/2025,11/27/2025,10/21/2025,07/16/2026,Commercial Lines (C/L),CPKGE,,0.00,Applied,Inactive,12,$0.00,$0.00,$0.00,"$5,245.00","$5,245.00",,,NJ,,$0.00,$0.00,0.00%,,Download,Cancel Conf,SELECTIVE INS CO OF NEW ENGLAND
198908859,VM associates LLC ,"Santana, Sandy",Streetsmart Insurance,Commercial,Commercial Prpty,FTP INC.  MGA,F1CF000320,10/17/2025,10/17/2026,"$7,595.00",Streetsmart Insurance,,FTP INC. MGA,Agency,FTP INC.  MGA,$0.00,0.00%,$10.00,,10/17/2025,10/21/2025,10/21/2025,10/17/2025,12/21/2025,Commercial Lines,PROP,PROP,,Applied,Active,12,$0.00,$0.00,$0.00,"$7,595.00","$7,000.00",,,NJ,,$0.00,$0.00,0.00%,,Manual,New Business,AZGUARD Ins Co
198908859,VM associates LLC ,"Santana, Sandy",Streetsmart Insurance,Commercial,Genl Liability,FTP INC.  MGA,DGL00001591-00,10/17/2025,10/17/2026,"$1,614.20",Streetsmart Insurance,,FTP INC. MGA,Agency,FTP INC.  MGA,$0.00,0.00%,$0.00,,12/11/2025,10/20/2025,12/16/2025,10/17/2025,12/16/2025,Commercial Lines,CGL,CGL,0.00,Applied,Active,12,$0.00,$0.00,$0.00,"$1,614.20","$1,304.00",,,NJ,,$0.00,$0.00,0.00%,,Manual,Reinstate,Dellwood Specialty Insurance Company
199296734,"Good N Tuff Lawn & Landscaping, INC","Illanes, Andrea ",Streetsmart Insurance,Commercial,Auto (Commercial),Plymouth Rock Assurance Corp,PAC00001213247,10/04/2025,10/4/2026,"$6,844.00",Streetsmart Insurance,4500612,,Unknown,Palisades Insurance,"($2,228.00)",-25.00%,$0.00,,10/04/2025,10/03/2025,10/09/2025,10/04/2025,07/16/2026,Commercial Lines (C/L),AUTOB,,-24.56,Applied,Active,12,"($2,221.00)",$0.00,$0.00,"$6,844.00","$6,844.00",3020761,,NJ,,$0.00,$0.00,0.00%,,Download,Policy Change,PALISADES INS CO
199296734,"Good N Tuff Lawn & Landscaping, INC","Illanes, Andrea ",Streetsmart Insurance,Commercial,Auto (Commercial),Plymouth Rock Assurance Corp,PAC00001213218,10/05/2025,10/5/2026,"$9,172.00",Streetsmart Insurance,4500612,,Unknown,Palisades Insurance,$0.00,0.00%,$0.00,10/05/2025,10/05/2025,10/03/2025,10/05/2025,10/05/2025,07/16/2026,Commercial Lines (C/L),AUTOB,,0.00,Applied,Inactive,12,"($9,145.00)",$0.00,$0.00,"$9,172.00","$9,172.00",3020761,,NJ,,$0.00,$0.00,0.00%,,Download,Cancel Conf,PALISADES INS CO
199395147,JO-EM Home Remodel LLC,"Santana, Sandy",Streetsmart Insurance,Commercial,Commercial pkg,TAPCO Underwriters Inc.,BCAVBR022748,10/03/2025,10/3/2026,"($3,266.00)",Streetsmart Insurance,,Tapco Insurance - AB,Agency,UNDERWRITERS AT LLOYDS LONDON,"($5,612.50)",0.00%,$0.00,01/23/2026,01/23/2026,10/03/2025,04/01/2026,10/03/2025,04/01/2026,Commercial Lines (C/L),CPKGE,CPKGE,0.00,Applied,Inactive,12,$0.00,$0.00,$0.00,"($3,266.00)","($3,266.00)",,,NJ,,$0.00,$0.00,0.00%,,Manual,Cancel Conf,LLOYDS OF LONDON
199676529,Rita Nocito,"Aguilar, Daniela",Streetsmart Insurance,Personal,Auto (Personal),Plymouth Rock Assurance Corp,PAA80002235623,10/16/2025,10/16/2026,"$1,520.00",Streetsmart Insurance,4500612,,Unknown,Palisades Insurance,$0.00,0.00%,$0.00,,10/16/2025,10/14/2025,10/17/2025,10/16/2025,07/11/2026,Personal Lines (P/L),AUTOP,,0.00,Applied,Active,12,$0.00,$0.00,$0.00,"$1,520.00","$1,520.00",3020760,,NJ,,$0.00,$0.00,0.00%,,Download,Policy Change,PALISADES SAFETY & INS ASSOC
199676529,Rita Nocito,"Aguilar, Daniela",Streetsmart Insurance,Personal,Pers Umb (exs indemnity),Plymouth Rock Assurance Corp,NJU00003015347,10/16/2025,10/16/2026,$350.00,Streetsmart Insurance,4500612,,Unknown,Plymouth Rock Assurance Corp,$0.00,0.00%,$0.00,,10/21/2025,10/20/2025,10/22/2025,10/16/2025,07/11/2026,Personal Lines (P/L),PUMBR,,0.00,Applied,Active,12,$0.00,$0.00,$0.00,$350.00,$350.00,3020760,,NC,,$0.00,$0.00,0.00%,,Download,Policy Change,PALISADES PROP & CAS INS CO
199712120,Delta Bloom Technologies LLC,"Santana, Sandy",Streetsmart Insurance,Commercial,Workers comp,The Hartford,13WECBW6HWK,10/22/2025,10/22/2026,$354.00,Streetsmart Insurance,13653284,,Unknown,The Hartford,$0.00,0.00%,$0.00,,10/22/2025,10/22/2025,10/22/2025,10/22/2025,10/22/2025,Commercial Lines (C/L),WORK,,,Applied,Active,12,$354.00,$0.00,$0.00,$354.00,$354.00,,,NJ,,$0.00,$0.00,0.00%,,Download,New Business,HARTFORD UNDERWRITERS INS CO
199797187,Sunil & Jayshri Dixit,"Molina, Jazmin",Streetsmart Insurance,Personal,Auto (Personal),Progressive Insurance,863944025,04/18/2026,10/18/2026,"$3,119.45",Streetsmart Insurance,33617,,Unknown,Progressive Insurance,$0.00,0.00%,$0.00,,04/18/2026,10/04/2025,04/18/2026,10/15/2025,06/08/2026,Personal Lines (P/L),AUTOP,,0.00,Applied,Active,6,"$1,564.00",$0.00,$0.00,"$1,564.00","$1,564.00",33617,,NJ,,$0.00,$0.00,0.00%,,Download,Re-Issue,DRIVE NJ INS CO
199797602,Kodomo Education Services LLC,"Santana, Sandy",Streetsmart Insurance,Commercial,Commercial pkg,Markel Insurance Company,CCP35165-01,10/15/2025,10/15/2026,"$3,913.71",Streetsmart Insurance,,,Direct,Markel Insurance Company,$0.00,0.00%,$0.00,,10/15/2025,10/15/2025,10/15/2025,10/15/2025,10/23/2025,Commercial Lines,CPKGE,CPKGE,,Applied,Active,12,$0.00,$0.00,$11.71,"$3,913.71","$3,902.00",,,NJ,,$0.00,$0.00,0.00%,,Manual,New Business,MARKEL INS CO
199991374,Bright Vision Hardscape LLC ,"Santana, Sandy",Streetsmart Insurance,Commercial,Commercial pkg,"Next Insurance, Inc.",NXTVLKRKLJ-00-GL,10/22/2025,10/22/2026,"$3,359.32",Streetsmart Insurance,35709,,Unknown,"Next Insurance, Inc.",$0.00,0.00%,$0.00,,10/22/2025,10/21/2025,10/21/2025,10/22/2025,10/22/2025,Commercial Lines (C/L),CPKGE,,,Applied,Active,12,"$2,836.44",$0.00,$0.00,"$3,359.32","$3,359.32",,,NJ,,$0.00,$0.00,0.00%,,Download,New Business,STATE NATL INS CO INC
199991374,Bright Vision Hardscape LLC ,"Santana, Sandy",Streetsmart Insurance,Commercial,Inland marine (comm),"Next Insurance, Inc.",NXTKJPPKH7-00-IM,10/22/2025,10/22/2026,$791.00,Streetsmart Insurance,35709,,Unknown,"Next Insurance, Inc.",$0.00,0.00%,$0.00,,10/22/2025,10/21/2025,10/21/2025,10/22/2025,10/22/2025,Commercial Lines (C/L),INMRC,,,Applied,Active,12,$791.00,$0.00,$0.00,$791.00,$791.00,,,NJ,,$0.00,$0.00,0.00%,,Download,New Business,STATE NATL INS CO INC
200041784,Word Of Faith MinistryNon Profit,"Santana, Sandy",Streetsmart Insurance,Commercial,Genl Liability,TAPCO Underwriters Inc.,NPP1652256,10/15/2025,10/15/2026,$621.56,Streetsmart Insurance,2903310,,Direct,TAPCO Underwriters Inc.,$0.00,0.00%,$0.00,,10/15/2025,10/17/2025,10/17/2025,10/15/2025,10/17/2025,Commercial Lines (C/L),CGL,,0.00,Applied,Active,12,$621.56,$0.00,$0.00,$621.56,$621.56,,,NJ,,$0.00,$0.00,0.00%,,Download,New Business,UNITED STATES LIAB INS CO
200124979,Fatime & Sejfudin Koleci,"Molina, Jazmin",Streetsmart Insurance,Personal,Homeowners,Johnson & Johnson Insurance,GLS1003905,10/21/2025,10/21/2026,"$4,048.45",Streetsmart Insurance,895543,,Direct,Johnson & Johnson Insurance,$0.00,0.00%,$0.00,,12/05/2025,10/21/2025,12/18/2025,10/21/2025,12/18/2025,Personal Lines (P/L),HOME,,0.00,Applied,Active,12,$0.00,$0.00,$0.00,"$4,048.45","$4,048.45",,,NJ,,$0.00,$0.00,0.00%,,Download,Policy Change,GREATLAKES INSRUANCE SE
200134453,Connor Brady,"Aguilar, Daniela",Streetsmart Insurance,Personal,Homeowners,Heritage Prop & Cas Ins Co,NJH00084881,10/21/2025,10/21/2026,"$1,697.00",Streetsmart Insurance,PRD0001587,,Direct,Narragansett Bay Ins. Co.,$0.00,0.00%,$0.00,,10/21/2025,10/15/2025,10/17/2025,10/21/2025,07/11/2026,Personal Lines (P/L),HOME,HOME,0.00,Applied,Active,12,"$1,697.00",$0.00,$0.00,"$1,697.00","$1,697.00",,,NJ,,$0.00,$0.00,0.00%,,Download,New Business,NARRAGANSETT BAY INS CO
200575382,Javier Vela & Shawn Naughton,"Molina, Jazmin",Streetsmart Insurance,Personal,Auto (Personal),Safeco Insurance,K4403901,10/15/2025,10/15/2026,"$3,188.10",Streetsmart Insurance,571122,,Unknown,Safeco Insurance,$0.00,0.00%,$0.00,,02/10/2026,10/15/2025,02/11/2026,10/15/2025,02/12/2026,Personal Lines (P/L),AUTOP,,0.00,Applied,Active,12,"$3,188.10",$0.00,$0.00,"$3,188.10","$3,188.10",57-1122,,NJ,,$0.00,$0.00,0.00%,,Download,Policy Change,SAFECO INS CO OF AMER
200610672,Samuel Gott,"Aguilar, Daniela",Streetsmart Insurance,Personal,Auto (Personal),Safeco Insurance,K4405770,10/21/2025,10/21/2026,"$1,476.40",Streetsmart Insurance,571122,,Unknown,Safeco Insurance,($49.80),-3.00%,$0.00,,01/16/2026,10/18/2025,01/17/2026,10/21/2025,07/11/2026,Personal Lines (P/L),AUTOP,,-3.26,Applied,Active,12,($37.86),$0.00,$0.00,"$1,476.40","$1,476.40",57-1122,,NJ,,$0.00,$0.00,0.00%,,Download,Policy Change,SAFECO INS CO OF AMER
200866631, Margaret Colantonio,"Cimei, Taylor",Streetsmart Insurance,Commercial,Auto (Commercial),Progressive Insurance,864691239,10/21/2025,10/21/2026,"$1,228.00",Streetsmart Insurance,33617,,Unknown,Progressive Insurance,"($1,310.00)",-52.00%,$0.00,,01/15/2026,10/22/2025,01/27/2026,10/21/2025,01/27/2026,Commercial Lines (C/L),AUTOB,,-51.62,Applied,Active,12,"($1,000.00)",$0.00,$0.00,"$1,228.00","$1,228.00",33617,,NJ,,$0.00,$0.00,0.00%,,Download,Policy Change,DRIVE NJ INS CO
204086901,Alt Mech LLC,"Illanes, Andrea ",Streetsmart Insurance,Commercial,Auto (Commercial),Geico,9300212850,10/20/2025,10/20/2026,"$6,822.00",Streetsmart Insurance,G01589,,Unknown,Geico,$0.00,0.00%,$0.00,,03/14/2026,09/23/2025,03/13/2026,10/20/2025,07/16/2026,Commercial Lines (C/L),AUTOB,,0.00,Applied,Active,12,$0.00,$0.00,$0.00,"$6,822.00","$6,822.00",,,NJ,,$0.00,$0.00,0.00%,,Download,Policy Change,GEICO Marine Insurance Company
210381510,Dora Alton,"Aguilar, Daniela",Streetsmart Insurance,Personal,Auto (Personal),Progressive Insurance,871336780,04/10/2026,10/10/2026,"$1,071.07",Streetsmart Insurance,33617,,Unknown,Progressive Insurance,$4.00,1.00%,$0.00,,04/10/2026,03/19/2026,05/04/2026,04/10/2026,07/11/2026,Personal Lines (P/L),AUTOP,,0.75,Applied,Active,6,$4.00,$0.00,$0.00,$537.00,$537.00,33617,,OH,,$0.00,$0.00,0.00%,,Download,Policy Change,PROGRESSIVE SPECIALTY INS CO
210536526,Oksana Sheremeta & Sergiu Jitcu,"Aguilar, Daniela",Streetsmart Insurance,Personal,Auto (Personal),Progressive Insurance,872168145,04/06/2026,10/6/2026,"$2,832.24",Streetsmart Insurance,33617,,Unknown,Progressive Insurance,$0.00,0.00%,$0.00,,04/06/2026,04/04/2026,04/04/2026,04/06/2026,07/11/2026,Personal Lines (P/L),AUTOP,,0.00,Applied,Active,6,$0.00,$0.00,$0.00,"$1,420.00","$1,420.00",33617,,NJ,,$0.00,$0.00,0.00%,,Download,Policy Change,DRIVE NJ INS CO
210792292,COURIER KING LLC,"Ferrara, Jake",Streetsmart Insurance,Commercial,Auto (Commercial),Progressive Insurance,864434214,04/15/2026,10/15/2026,"$23,200.44",Streetsmart Insurance,33617,,Unknown,Progressive Insurance,$0.00,0.00%,$0.00,04/15/2026,04/15/2026,03/21/2026,05/06/2026,10/15/2025,05/11/2026,Commercial Lines (C/L),AUTOB,,0.00,Applied,Inactive,6,"($11,632.00)",$0.00,$0.00,"$11,632.00","$11,632.00",33617,,PA,,$0.00,$0.00,0.00%,,Download,Cancel Conf,UNITED FINANCIAL CAS CO
212607770,Rachel Littleton,"Aguilar, Daniela",Streetsmart Insurance,Personal,Auto (Personal),Progressive Insurance,872529623,04/13/2026,10/13/2026,"$5,267.57",Streetsmart Insurance,33617,,Direct,Progressive Insurance,$26.00,1.00%,$0.00,,04/13/2026,04/10/2026,05/26/2026,04/13/2026,07/11/2026,Personal Lines (P/L),AUTOP,,0.99,Applied,Active,6,$26.00,$0.00,$0.00,"$2,641.00","$2,641.00",33617,,NJ,,$0.00,$0.00,0.00%,,Download,Policy Change,DRIVE NJ INS CO
220250093,ROBIE Test LLC,"AI, Robie",Streetsmart Insurance,Commercial,Workers comp,Travelers,UB-6N448514-25-42-V,10/05/2025,10/5/2026,$1.00,Streetsmart Insurance,,StreetSmart Risk Managers Inc.,Direct,Travelers,$0.00,0.00%,$0.00,,10/05/2025,08/22/2026,08/22/2026,10/05/2025,08/30/2026,Commercial Lines (C/L),WORK,WORK,,Applied,Active,12,$0.00,$0.00,$0.00,$1.00,$1.00,,,NJ,,$0.00,$0.00,0.00%,,Manual,New Business,Unknown

